solid OpenSCAD_Model
  facet normal 0 -1 0
    outer loop
      vertex 4.5 0 0
      vertex 57.5 0 30.6
      vertex 4.5 0 30.6
    endloop
  endfacet
  facet normal 0 -1 -0
    outer loop
      vertex 57.5 0 30.6
      vertex 4.5 0 0
      vertex 57.5 0 0
    endloop
  endfacet
  facet normal 0.0490624 -0.998796 0
    outer loop
      vertex 57.5 0 0
      vertex 57.9411 0.0216675 30.6
      vertex 57.5 0 30.6
    endloop
  endfacet
  facet normal 0.0490624 -0.998796 0
    outer loop
      vertex 57.9411 0.0216675 30.6
      vertex 57.5 0 0
      vertex 57.9411 0.0216675 0
    endloop
  endfacet
  facet normal 0.146755 -0.989173 0
    outer loop
      vertex 57.9411 0.0216675 0
      vertex 58.3779 0.0864716 30.6
      vertex 57.9411 0.0216675 30.6
    endloop
  endfacet
  facet normal 0.146755 -0.989173 0
    outer loop
      vertex 58.3779 0.0864716 30.6
      vertex 57.9411 0.0216675 0
      vertex 58.3779 0.0864716 0
    endloop
  endfacet
  facet normal -0.0491391 0.998792 0
    outer loop
      vertex 4.5 52 0
      vertex 4.05893 51.9783 30.6
      vertex 4.5 52 30.6
    endloop
  endfacet
  facet normal -0.0491391 0.998792 0
    outer loop
      vertex 4.05893 51.9783 30.6
      vertex 4.5 52 0
      vertex 4.05893 51.9783 0
    endloop
  endfacet
  facet normal 0.0491358 0.998792 -0
    outer loop
      vertex 57.9411 51.9783 0
      vertex 57.5 52 30.6
      vertex 57.9411 51.9783 30.6
    endloop
  endfacet
  facet normal 0.0491358 0.998792 0
    outer loop
      vertex 57.5 52 30.6
      vertex 57.9411 51.9783 0
      vertex 57.5 52 0
    endloop
  endfacet
  facet normal -0.595742 0.803176 0
    outer loop
      vertex 1.99994 51.2416 0
      vertex 1.64523 50.9785 30.6
      vertex 1.99994 51.2416 30.6
    endloop
  endfacet
  facet normal -0.595742 0.803176 0
    outer loop
      vertex 1.64523 50.9785 30.6
      vertex 1.99994 51.2416 0
      vertex 1.64523 50.9785 0
    endloop
  endfacet
  facet normal -0.740946 -0.671564 0
    outer loop
      vertex 1.31802 1.31802 0
      vertex 1.02145 1.64523 30.6
      vertex 1.02145 1.64523 0
    endloop
  endfacet
  facet normal -0.740946 -0.671564 0
    outer loop
      vertex 1.02145 1.64523 30.6
      vertex 1.31802 1.31802 0
      vertex 1.31802 1.31802 30.6
    endloop
  endfacet
  facet normal 0 1 -0
    outer loop
      vertex 57.5 52 0
      vertex 4.5 52 30.6
      vertex 57.5 52 30.6
    endloop
  endfacet
  facet normal 0 1 0
    outer loop
      vertex 4.5 52 30.6
      vertex 57.5 52 0
      vertex 4.5 52 0
    endloop
  endfacet
  facet normal -0.989174 -0.146745 0
    outer loop
      vertex 0.0864716 3.6221 0
      vertex 0.0216675 4.05893 30.6
      vertex 0.0216675 4.05893 0
    endloop
  endfacet
  facet normal -0.989174 -0.146745 0
    outer loop
      vertex 0.0216675 4.05893 30.6
      vertex 0.0864716 3.6221 0
      vertex 0.0864716 3.6221 30.6
    endloop
  endfacet
  facet normal 0 0 1
    outer loop
      vertex 5.75 4.5 30.6
      vertex 7.5 4.5 30.6
      vertex 7.48555 4.79405 30.6
    endloop
  endfacet
  facet normal 0 0 1
    outer loop
      vertex 5.74398 4.62252 30.6
      vertex 7.48555 4.79405 30.6
      vertex 7.44236 5.08527 30.6
    endloop
  endfacet
  facet normal 0 0 1
    outer loop
      vertex 7.5 4.5 30.6
      vertex 5.75 4.5 30.6
      vertex 7.48555 4.20595 30.6
    endloop
  endfacet
  facet normal 0 0 1
    outer loop
      vertex 5.74398 4.62252 30.6
      vertex 7.44236 5.08527 30.6
      vertex 7.37082 5.37085 30.6
    endloop
  endfacet
  facet normal -0 0 1
    outer loop
      vertex 5.74398 4.37748 30.6
      vertex 7.48555 4.20595 30.6
      vertex 5.75 4.5 30.6
    endloop
  endfacet
  facet normal 0 0 1
    outer loop
      vertex 5.74398 4.62252 30.6
      vertex 7.37082 5.37085 30.6
      vertex 7.27164 5.64805 30.6
    endloop
  endfacet
  facet normal 0 0 1
    outer loop
      vertex 7.48555 4.20595 30.6
      vertex 5.74398 4.37748 30.6
      vertex 7.44236 3.91473 30.6
    endloop
  endfacet
  facet normal 0 0 1
    outer loop
      vertex 5.74398 4.62252 30.6
      vertex 7.27164 5.64805 30.6
      vertex 7.14576 5.91419 30.6
    endloop
  endfacet
  facet normal -0 0 1
    outer loop
      vertex 5.72598 4.25614 30.6
      vertex 7.44236 3.91473 30.6
      vertex 5.74398 4.37748 30.6
    endloop
  endfacet
  facet normal 0 0 1
    outer loop
      vertex 5.74398 4.62252 30.6
      vertex 7.14576 5.91419 30.6
      vertex 6.99441 6.16671 30.6
    endloop
  endfacet
  facet normal 0 0 1
    outer loop
      vertex 7.44236 3.91473 30.6
      vertex 5.72598 4.25614 30.6
      vertex 7.37082 3.62915 30.6
    endloop
  endfacet
  facet normal 0 0 1
    outer loop
      vertex 5.74398 4.62252 30.6
      vertex 6.99441 6.16671 30.6
      vertex 6.81903 6.40318 30.6
    endloop
  endfacet
  facet normal -0 0 1
    outer loop
      vertex 5.69617 4.13714 30.6
      vertex 7.37082 3.62915 30.6
      vertex 5.72598 4.25614 30.6
    endloop
  endfacet
  facet normal 0 0 1
    outer loop
      vertex 7.37082 3.62915 30.6
      vertex 5.69617 4.13714 30.6
      vertex 7.27164 3.35195 30.6
    endloop
  endfacet
  facet normal 0 0 1
    outer loop
      vertex 5.74398 4.62252 30.6
      vertex 6.81903 6.40318 30.6
      vertex 6.62132 6.62132 30.6
    endloop
  endfacet
  facet normal -0 0 1
    outer loop
      vertex 54.6292 5.37085 30.6
      vertex 56.3038 4.86285 30.6
      vertex 54.7284 5.64805 30.6
    endloop
  endfacet
  facet normal 0 0 1
    outer loop
      vertex 56.25 4.5 30.6
      vertex 55.181 2.59682 30.6
      vertex 55.3594 2.39999 30.6
    endloop
  endfacet
  facet normal 0 0 1
    outer loop
      vertex 56.3038 4.86285 30.6
      vertex 54.6292 5.37085 30.6
      vertex 56.274 4.74386 30.6
    endloop
  endfacet
  facet normal 0 0 1
    outer loop
      vertex 56.25 4.5 30.6
      vertex 55.0056 2.83329 30.6
      vertex 55.181 2.59682 30.6
    endloop
  endfacet
  facet normal -0 0 1
    outer loop
      vertex 54.5576 5.08527 30.6
      vertex 56.274 4.74386 30.6
      vertex 54.6292 5.37085 30.6
    endloop
  endfacet
  facet normal 0 0 1
    outer loop
      vertex 56.25 4.5 30.6
      vertex 54.8542 3.08581 30.6
      vertex 55.0056 2.83329 30.6
    endloop
  endfacet
  facet normal 0 0 1
    outer loop
      vertex 56.274 4.74386 30.6
      vertex 54.5576 5.08527 30.6
      vertex 56.256 4.62252 30.6
    endloop
  endfacet
  facet normal 0 0 1
    outer loop
      vertex 56.25 4.5 30.6
      vertex 54.7284 3.35195 30.6
      vertex 54.8542 3.08581 30.6
    endloop
  endfacet
  facet normal -0 0 1
    outer loop
      vertex 54.5144 4.79405 30.6
      vertex 56.256 4.62252 30.6
      vertex 54.5576 5.08527 30.6
    endloop
  endfacet
  facet normal 0 0 1
    outer loop
      vertex 56.25 4.5 30.6
      vertex 54.6292 3.62915 30.6
      vertex 54.7284 3.35195 30.6
    endloop
  endfacet
  facet normal 0 0 1
    outer loop
      vertex 56.256 4.62252 30.6
      vertex 54.5144 4.79405 30.6
      vertex 56.25 4.5 30.6
    endloop
  endfacet
  facet normal 0 0 1
    outer loop
      vertex 56.25 4.5 30.6
      vertex 54.5576 3.91473 30.6
      vertex 54.6292 3.62915 30.6
    endloop
  endfacet
  facet normal 0 0 1
    outer loop
      vertex 54.5 4.5 30.6
      vertex 56.25 4.5 30.6
      vertex 54.5144 4.79405 30.6
    endloop
  endfacet
  facet normal 0 0 1
    outer loop
      vertex 56.25 4.5 30.6
      vertex 54.5144 4.20595 30.6
      vertex 54.5576 3.91473 30.6
    endloop
  endfacet
  facet normal 0 0 1
    outer loop
      vertex 56.25 4.5 30.6
      vertex 54.5 4.5 30.6
      vertex 54.5144 4.20595 30.6
    endloop
  endfacet
  facet normal -0 0 1
    outer loop
      vertex 54.6292 48.3709 30.6
      vertex 56.3038 47.8629 30.6
      vertex 54.7284 48.648 30.6
    endloop
  endfacet
  facet normal 0 0 1
    outer loop
      vertex 56.25 47.5 30.6
      vertex 55.181 45.5968 30.6
      vertex 55.3787 45.3787 30.6
    endloop
  endfacet
  facet normal 0 0 1
    outer loop
      vertex 56.3038 47.8629 30.6
      vertex 54.6292 48.3709 30.6
      vertex 56.274 47.7439 30.6
    endloop
  endfacet
  facet normal 0 0 1
    outer loop
      vertex 56.25 47.5 30.6
      vertex 55.0056 45.8333 30.6
      vertex 55.181 45.5968 30.6
    endloop
  endfacet
  facet normal -0 0 1
    outer loop
      vertex 54.5576 48.0853 30.6
      vertex 56.274 47.7439 30.6
      vertex 54.6292 48.3709 30.6
    endloop
  endfacet
  facet normal 0 0 1
    outer loop
      vertex 56.25 47.5 30.6
      vertex 54.8542 46.0858 30.6
      vertex 55.0056 45.8333 30.6
    endloop
  endfacet
  facet normal 0 0 1
    outer loop
      vertex 56.274 47.7439 30.6
      vertex 54.5576 48.0853 30.6
      vertex 56.256 47.6225 30.6
    endloop
  endfacet
  facet normal 0 0 1
    outer loop
      vertex 56.25 47.5 30.6
      vertex 54.7284 46.352 30.6
      vertex 54.8542 46.0858 30.6
    endloop
  endfacet
  facet normal -0 0 1
    outer loop
      vertex 54.5144 47.7941 30.6
      vertex 56.256 47.6225 30.6
      vertex 54.5576 48.0853 30.6
    endloop
  endfacet
  facet normal 0 0 1
    outer loop
      vertex 56.25 47.5 30.6
      vertex 54.6292 46.6291 30.6
      vertex 54.7284 46.352 30.6
    endloop
  endfacet
  facet normal 0 0 1
    outer loop
      vertex 56.256 47.6225 30.6
      vertex 54.5144 47.7941 30.6
      vertex 56.25 47.5 30.6
    endloop
  endfacet
  facet normal 0 0 1
    outer loop
      vertex 56.25 47.5 30.6
      vertex 54.5576 46.9147 30.6
      vertex 54.6292 46.6291 30.6
    endloop
  endfacet
  facet normal 0 0 1
    outer loop
      vertex 54.5 47.5 30.6
      vertex 56.25 47.5 30.6
      vertex 54.5144 47.7941 30.6
    endloop
  endfacet
  facet normal 0 0 1
    outer loop
      vertex 56.25 47.5 30.6
      vertex 54.5144 47.2059 30.6
      vertex 54.5576 46.9147 30.6
    endloop
  endfacet
  facet normal 0 0 1
    outer loop
      vertex 56.25 47.5 30.6
      vertex 54.5 47.5 30.6
      vertex 54.5144 47.2059 30.6
    endloop
  endfacet
  facet normal 0 0 1
    outer loop
      vertex 7.48555 4.79405 30.6
      vertex 5.74398 4.62252 30.6
      vertex 5.75 4.5 30.6
    endloop
  endfacet
  facet normal 0 0 1
    outer loop
      vertex 6.16671 6.99441 30.6
      vertex 5.72598 4.74386 30.6
      vertex 5.74398 4.62252 30.6
    endloop
  endfacet
  facet normal 0 0 1
    outer loop
      vertex 6.16671 6.99441 30.6
      vertex 5.69617 4.86285 30.6
      vertex 5.72598 4.74386 30.6
    endloop
  endfacet
  facet normal 0 0 1
    outer loop
      vertex 6.16671 6.99441 30.6
      vertex 5.65485 4.97835 30.6
      vertex 5.69617 4.86285 30.6
    endloop
  endfacet
  facet normal 0 0 1
    outer loop
      vertex 5.08925 5.6024 30.6
      vertex 5.91419 7.14576 30.6
      vertex 5.64805 7.27164 30.6
    endloop
  endfacet
  facet normal 0 0 1
    outer loop
      vertex 6.16671 6.99441 30.6
      vertex 5.6024 5.08925 30.6
      vertex 5.65485 4.97835 30.6
    endloop
  endfacet
  facet normal 0 0 1
    outer loop
      vertex 6.16671 6.99441 30.6
      vertex 5.53934 5.19446 30.6
      vertex 5.6024 5.08925 30.6
    endloop
  endfacet
  facet normal 0 0 1
    outer loop
      vertex 6.16671 6.99441 30.6
      vertex 5.46626 5.29299 30.6
      vertex 5.53934 5.19446 30.6
    endloop
  endfacet
  facet normal 0 0 1
    outer loop
      vertex 6.16671 6.99441 30.6
      vertex 5.38388 5.38388 30.6
      vertex 5.46626 5.29299 30.6
    endloop
  endfacet
  facet normal 0 0 1
    outer loop
      vertex 4.97835 5.65485 30.6
      vertex 5.64805 7.27164 30.6
      vertex 5.37085 7.37082 30.6
    endloop
  endfacet
  facet normal 0 0 1
    outer loop
      vertex 6.16671 6.99441 30.6
      vertex 5.29299 5.46626 30.6
      vertex 5.38388 5.38388 30.6
    endloop
  endfacet
  facet normal 0 0 1
    outer loop
      vertex 6.16671 6.99441 30.6
      vertex 5.19446 5.53934 30.6
      vertex 5.29299 5.46626 30.6
    endloop
  endfacet
  facet normal 0 0 1
    outer loop
      vertex 5.91419 7.14576 30.6
      vertex 5.08925 5.6024 30.6
      vertex 5.19446 5.53934 30.6
    endloop
  endfacet
  facet normal 0 0 1
    outer loop
      vertex 4.86285 5.69617 30.6
      vertex 5.37085 7.37082 30.6
      vertex 5.08527 7.44236 30.6
    endloop
  endfacet
  facet normal 0 0 1
    outer loop
      vertex 5.64805 7.27164 30.6
      vertex 4.97835 5.65485 30.6
      vertex 5.08925 5.6024 30.6
    endloop
  endfacet
  facet normal 0 0 1
    outer loop
      vertex 5.37085 7.37082 30.6
      vertex 4.86285 5.69617 30.6
      vertex 4.97835 5.65485 30.6
    endloop
  endfacet
  facet normal 0 0 1
    outer loop
      vertex 4.74386 5.72598 30.6
      vertex 5.08527 7.44236 30.6
      vertex 4.79405 7.48555 30.6
    endloop
  endfacet
  facet normal 0 0 1
    outer loop
      vertex 5.08527 7.44236 30.6
      vertex 4.74386 5.72598 30.6
      vertex 4.86285 5.69617 30.6
    endloop
  endfacet
  facet normal 0 0 1
    outer loop
      vertex 4.79405 7.48555 30.6
      vertex 4.62252 5.74398 30.6
      vertex 4.74386 5.72598 30.6
    endloop
  endfacet
  facet normal 0 0 1
    outer loop
      vertex 4.5 7.5 30.6
      vertex 4.62252 5.74398 30.6
      vertex 4.79405 7.48555 30.6
    endloop
  endfacet
  facet normal 0 0 1
    outer loop
      vertex 4.5 7.5 30.6
      vertex 4.5 5.75 30.6
      vertex 4.62252 5.74398 30.6
    endloop
  endfacet
  facet normal 0 0 1
    outer loop
      vertex 4.5 7.5 30.6
      vertex 4.37748 5.74398 30.6
      vertex 4.5 5.75 30.6
    endloop
  endfacet
  facet normal -0 0 1
    outer loop
      vertex 4.20595 7.48555 30.6
      vertex 4.37748 5.74398 30.6
      vertex 4.5 7.5 30.6
    endloop
  endfacet
  facet normal 0 0 1
    outer loop
      vertex 4.37748 5.74398 30.6
      vertex 4.20595 7.48555 30.6
      vertex 4.25614 5.72598 30.6
    endloop
  endfacet
  facet normal -0 0 1
    outer loop
      vertex 3.91473 7.44236 30.6
      vertex 4.25614 5.72598 30.6
      vertex 4.20595 7.48555 30.6
    endloop
  endfacet
  facet normal 0 0 1
    outer loop
      vertex 4.25614 5.72598 30.6
      vertex 3.91473 7.44236 30.6
      vertex 4.13714 5.69617 30.6
    endloop
  endfacet
  facet normal -0 0 1
    outer loop
      vertex 3.62915 7.37082 30.6
      vertex 4.13714 5.69617 30.6
      vertex 3.91473 7.44236 30.6
    endloop
  endfacet
  facet normal 0 0 1
    outer loop
      vertex 4.13714 5.69617 30.6
      vertex 3.62915 7.37082 30.6
      vertex 4.02165 5.65485 30.6
    endloop
  endfacet
  facet normal -0 0 1
    outer loop
      vertex 3.35195 7.27164 30.6
      vertex 4.02165 5.65485 30.6
      vertex 3.62915 7.37082 30.6
    endloop
  endfacet
  facet normal 0 0 1
    outer loop
      vertex 4.02165 5.65485 30.6
      vertex 3.35195 7.27164 30.6
      vertex 3.91075 5.6024 30.6
    endloop
  endfacet
  facet normal -0 0 1
    outer loop
      vertex 3.08581 7.14576 30.6
      vertex 3.91075 5.6024 30.6
      vertex 3.35195 7.27164 30.6
    endloop
  endfacet
  facet normal 0 0 1
    outer loop
      vertex 3.91075 5.6024 30.6
      vertex 3.08581 7.14576 30.6
      vertex 3.80554 5.53934 30.6
    endloop
  endfacet
  facet normal -0 0 1
    outer loop
      vertex 2.83329 6.99441 30.6
      vertex 3.80554 5.53934 30.6
      vertex 3.08581 7.14576 30.6
    endloop
  endfacet
  facet normal 0 0 1
    outer loop
      vertex 3.80554 5.53934 30.6
      vertex 2.83329 6.99441 30.6
      vertex 3.70701 5.46626 30.6
    endloop
  endfacet
  facet normal -0 0 1
    outer loop
      vertex 2.59682 6.81903 30.6
      vertex 3.70701 5.46626 30.6
      vertex 2.83329 6.99441 30.6
    endloop
  endfacet
  facet normal -0 0 1
    outer loop
      vertex 2.39999 6.64064 30.6
      vertex 3.70701 5.46626 30.6
      vertex 2.59682 6.81903 30.6
    endloop
  endfacet
  facet normal 0 0 1
    outer loop
      vertex 3.70701 5.46626 30.6
      vertex 2.39999 6.64064 30.6
      vertex 3.61612 5.38388 30.6
    endloop
  endfacet
  facet normal 0 0 1
    outer loop
      vertex 3.61612 5.38388 30.6
      vertex 2.39999 6.64064 30.6
      vertex 3.53374 5.29299 30.6
    endloop
  endfacet
  facet normal 0 0 1
    outer loop
      vertex 3.53374 5.29299 30.6
      vertex 2.39999 6.64064 30.6
      vertex 3.46066 5.19446 30.6
    endloop
  endfacet
  facet normal 0 0 1
    outer loop
      vertex 3.46066 5.19446 30.6
      vertex 2.39999 6.64064 30.6
      vertex 3.3976 5.08925 30.6
    endloop
  endfacet
  facet normal 0 0 1
    outer loop
      vertex 3.3976 5.08925 30.6
      vertex 2.39999 6.64064 30.6
      vertex 3.34515 4.97835 30.6
    endloop
  endfacet
  facet normal 0 0 1
    outer loop
      vertex 3.34515 4.97835 30.6
      vertex 2.39999 6.64064 30.6
      vertex 3.30382 4.86285 30.6
    endloop
  endfacet
  facet normal 0 0 1
    outer loop
      vertex 3.30382 4.86285 30.6
      vertex 2.39999 6.64064 30.6
      vertex 3.27402 4.74386 30.6
    endloop
  endfacet
  facet normal 0 0 1
    outer loop
      vertex 0 4.5 30.6
      vertex 3.27402 4.74386 30.6
      vertex 2.39999 6.64064 30.6
    endloop
  endfacet
  facet normal 0 0 1
    outer loop
      vertex 3.25602 4.62252 30.6
      vertex 0 4.5 30.6
      vertex 3.25 4.5 30.6
    endloop
  endfacet
  facet normal 0 0 1
    outer loop
      vertex 3.27402 4.74386 30.6
      vertex 0 4.5 30.6
      vertex 3.25602 4.62252 30.6
    endloop
  endfacet
  facet normal 0 0 1
    outer loop
      vertex 3.25 4.5 30.6
      vertex 2.77792 0.342545 30.6
      vertex 3.19373 0.193771 30.6
    endloop
  endfacet
  facet normal 0 0 1
    outer loop
      vertex 3.25 4.5 30.6
      vertex 2.37871 0.531357 30.6
      vertex 2.77792 0.342545 30.6
    endloop
  endfacet
  facet normal 0 0 1
    outer loop
      vertex 2.39999 45.3594 30.6
      vertex 0 47.5 30.6
      vertex 2.39999 6.64064 30.6
    endloop
  endfacet
  facet normal 0 0 1
    outer loop
      vertex 0 47.5 30.6
      vertex 2.37871 51.4686 30.6
      vertex 1.99994 51.2416 30.6
    endloop
  endfacet
  facet normal 0 0 1
    outer loop
      vertex 0 4.5 30.6
      vertex 2.39999 6.64064 30.6
      vertex 0 47.5 30.6
    endloop
  endfacet
  facet normal 0 0 1
    outer loop
      vertex 0 47.5 30.6
      vertex 1.99994 51.2416 30.6
      vertex 1.64523 50.9785 30.6
    endloop
  endfacet
  facet normal 0 0 1
    outer loop
      vertex 3.25 4.5 30.6
      vertex 0 4.5 30.6
      vertex 0.0216675 4.05893 30.6
    endloop
  endfacet
  facet normal 0 0 1
    outer loop
      vertex 0 47.5 30.6
      vertex 1.64523 50.9785 30.6
      vertex 1.31802 50.682 30.6
    endloop
  endfacet
  facet normal 0 0 1
    outer loop
      vertex 3.25 4.5 30.6
      vertex 1.99994 0.758392 30.6
      vertex 2.37871 0.531357 30.6
    endloop
  endfacet
  facet normal 0 0 1
    outer loop
      vertex 0 47.5 30.6
      vertex 1.31802 50.682 30.6
      vertex 1.02145 50.3548 30.6
    endloop
  endfacet
  facet normal 0 0 1
    outer loop
      vertex 3.25 4.5 30.6
      vertex 1.64523 1.02145 30.6
      vertex 1.99994 0.758392 30.6
    endloop
  endfacet
  facet normal 0 0 1
    outer loop
      vertex 0 47.5 30.6
      vertex 1.02145 50.3548 30.6
      vertex 0.758392 50.0001 30.6
    endloop
  endfacet
  facet normal 0 0 1
    outer loop
      vertex 3.25 4.5 30.6
      vertex 1.31802 1.31802 30.6
      vertex 1.64523 1.02145 30.6
    endloop
  endfacet
  facet normal 0 0 1
    outer loop
      vertex 0 47.5 30.6
      vertex 0.758392 50.0001 30.6
      vertex 0.531357 49.6213 30.6
    endloop
  endfacet
  facet normal 0 0 1
    outer loop
      vertex 3.25 4.5 30.6
      vertex 1.02145 1.64523 30.6
      vertex 1.31802 1.31802 30.6
    endloop
  endfacet
  facet normal 0 0 1
    outer loop
      vertex 0 47.5 30.6
      vertex 0.531357 49.6213 30.6
      vertex 0.342545 49.2221 30.6
    endloop
  endfacet
  facet normal 0 0 1
    outer loop
      vertex 3.25 4.5 30.6
      vertex 0.758392 1.99994 30.6
      vertex 1.02145 1.64523 30.6
    endloop
  endfacet
  facet normal 0 0 1
    outer loop
      vertex 0 47.5 30.6
      vertex 0.342545 49.2221 30.6
      vertex 0.193771 48.8063 30.6
    endloop
  endfacet
  facet normal 0 0 1
    outer loop
      vertex 3.25 4.5 30.6
      vertex 0.531357 2.37871 30.6
      vertex 0.758392 1.99994 30.6
    endloop
  endfacet
  facet normal 0 0 1
    outer loop
      vertex 0 47.5 30.6
      vertex 0.193771 48.8063 30.6
      vertex 0.0864716 48.3779 30.6
    endloop
  endfacet
  facet normal 0 0 1
    outer loop
      vertex 3.25 4.5 30.6
      vertex 0.342545 2.77792 30.6
      vertex 0.531357 2.37871 30.6
    endloop
  endfacet
  facet normal 0 0 1
    outer loop
      vertex 0 47.5 30.6
      vertex 0.0864716 48.3779 30.6
      vertex 0.0216675 47.9411 30.6
    endloop
  endfacet
  facet normal 0 0 1
    outer loop
      vertex 3.25 4.5 30.6
      vertex 0.193771 3.19373 30.6
      vertex 0.342545 2.77792 30.6
    endloop
  endfacet
  facet normal 0 0 1
    outer loop
      vertex 3.25 4.5 30.6
      vertex 0.0864716 3.6221 30.6
      vertex 0.193771 3.19373 30.6
    endloop
  endfacet
  facet normal 0 0 1
    outer loop
      vertex 3.25 4.5 30.6
      vertex 0.0216675 4.05893 30.6
      vertex 0.0864716 3.6221 30.6
    endloop
  endfacet
  facet normal 0 0 1
    outer loop
      vertex 5.75 47.5 30.6
      vertex 7.5 47.5 30.6
      vertex 7.48555 47.7941 30.6
    endloop
  endfacet
  facet normal 0 0 1
    outer loop
      vertex 5.74398 47.6225 30.6
      vertex 7.48555 47.7941 30.6
      vertex 7.44236 48.0853 30.6
    endloop
  endfacet
  facet normal 0 0 1
    outer loop
      vertex 7.5 47.5 30.6
      vertex 5.75 47.5 30.6
      vertex 7.48555 47.2059 30.6
    endloop
  endfacet
  facet normal 0 0 1
    outer loop
      vertex 5.72598 47.7439 30.6
      vertex 7.44236 48.0853 30.6
      vertex 7.37082 48.3709 30.6
    endloop
  endfacet
  facet normal -0 0 1
    outer loop
      vertex 5.74398 47.3775 30.6
      vertex 7.48555 47.2059 30.6
      vertex 5.75 47.5 30.6
    endloop
  endfacet
  facet normal 0 0 1
    outer loop
      vertex 5.69617 47.8629 30.6
      vertex 7.37082 48.3709 30.6
      vertex 7.27164 48.648 30.6
    endloop
  endfacet
  facet normal 0 0 1
    outer loop
      vertex 7.48555 47.2059 30.6
      vertex 5.74398 47.3775 30.6
      vertex 7.44236 46.9147 30.6
    endloop
  endfacet
  facet normal 0 0 1
    outer loop
      vertex 5.65485 47.9784 30.6
      vertex 7.27164 48.648 30.6
      vertex 7.14576 48.9142 30.6
    endloop
  endfacet
  facet normal -0 0 1
    outer loop
      vertex 5.72598 47.2561 30.6
      vertex 7.44236 46.9147 30.6
      vertex 5.74398 47.3775 30.6
    endloop
  endfacet
  facet normal 0 0 1
    outer loop
      vertex 5.6024 48.0892 30.6
      vertex 7.14576 48.9142 30.6
      vertex 6.99441 49.1667 30.6
    endloop
  endfacet
  facet normal 0 0 1
    outer loop
      vertex 7.44236 46.9147 30.6
      vertex 5.72598 47.2561 30.6
      vertex 7.37082 46.6291 30.6
    endloop
  endfacet
  facet normal 0 0 1
    outer loop
      vertex 5.53934 48.1945 30.6
      vertex 6.99441 49.1667 30.6
      vertex 6.81903 49.4032 30.6
    endloop
  endfacet
  facet normal -0 0 1
    outer loop
      vertex 5.69617 47.1371 30.6
      vertex 7.37082 46.6291 30.6
      vertex 5.72598 47.2561 30.6
    endloop
  endfacet
  facet normal 0 0 1
    outer loop
      vertex 5.46626 48.293 30.6
      vertex 6.81903 49.4032 30.6
      vertex 6.64064 49.6 30.6
    endloop
  endfacet
  facet normal 0 0 1
    outer loop
      vertex 7.37082 46.6291 30.6
      vertex 5.69617 47.1371 30.6
      vertex 7.27164 46.352 30.6
    endloop
  endfacet
  facet normal -0 0 1
    outer loop
      vertex 5.53934 46.8055 30.6
      vertex 6.99441 45.8333 30.6
      vertex 5.6024 46.9108 30.6
    endloop
  endfacet
  facet normal 0 0 1
    outer loop
      vertex 6.99441 45.8333 30.6
      vertex 5.53934 46.8055 30.6
      vertex 6.81903 45.5968 30.6
    endloop
  endfacet
  facet normal -0 0 1
    outer loop
      vertex 5.46626 46.707 30.6
      vertex 6.81903 45.5968 30.6
      vertex 5.53934 46.8055 30.6
    endloop
  endfacet
  facet normal 0 0 1
    outer loop
      vertex 6.81903 45.5968 30.6
      vertex 5.46626 46.707 30.6
      vertex 6.62132 45.3787 30.6
    endloop
  endfacet
  facet normal -0 0 1
    outer loop
      vertex 5.38388 46.6161 30.6
      vertex 6.62132 45.3787 30.6
      vertex 5.46626 46.707 30.6
    endloop
  endfacet
  facet normal 0 0 1
    outer loop
      vertex 6.62132 45.3787 30.6
      vertex 5.38388 46.6161 30.6
      vertex 6.40318 45.181 30.6
    endloop
  endfacet
  facet normal -0 0 1
    outer loop
      vertex 5.29299 46.5337 30.6
      vertex 6.40318 45.181 30.6
      vertex 5.38388 46.6161 30.6
    endloop
  endfacet
  facet normal 0 0 1
    outer loop
      vertex 6.40318 45.181 30.6
      vertex 5.29299 46.5337 30.6
      vertex 6.16671 45.0056 30.6
    endloop
  endfacet
  facet normal -0 0 1
    outer loop
      vertex 5.19446 46.4607 30.6
      vertex 6.16671 45.0056 30.6
      vertex 5.29299 46.5337 30.6
    endloop
  endfacet
  facet normal 0 0 1
    outer loop
      vertex 6.16671 45.0056 30.6
      vertex 5.19446 46.4607 30.6
      vertex 5.91419 44.8542 30.6
    endloop
  endfacet
  facet normal -0 0 1
    outer loop
      vertex 5.08925 46.3976 30.6
      vertex 5.91419 44.8542 30.6
      vertex 5.19446 46.4607 30.6
    endloop
  endfacet
  facet normal 0 0 1
    outer loop
      vertex 5.91419 44.8542 30.6
      vertex 5.08925 46.3976 30.6
      vertex 5.64805 44.7284 30.6
    endloop
  endfacet
  facet normal -0 0 1
    outer loop
      vertex 4.97835 46.3451 30.6
      vertex 5.64805 44.7284 30.6
      vertex 5.08925 46.3976 30.6
    endloop
  endfacet
  facet normal 0 0 1
    outer loop
      vertex 5.64805 44.7284 30.6
      vertex 4.97835 46.3451 30.6
      vertex 5.37085 44.6292 30.6
    endloop
  endfacet
  facet normal -0 0 1
    outer loop
      vertex 4.86285 46.3038 30.6
      vertex 5.37085 44.6292 30.6
      vertex 4.97835 46.3451 30.6
    endloop
  endfacet
  facet normal 0 0 1
    outer loop
      vertex 5.37085 44.6292 30.6
      vertex 4.86285 46.3038 30.6
      vertex 5.08527 44.5576 30.6
    endloop
  endfacet
  facet normal -0 0 1
    outer loop
      vertex 4.74386 46.274 30.6
      vertex 5.08527 44.5576 30.6
      vertex 4.86285 46.3038 30.6
    endloop
  endfacet
  facet normal 0 0 1
    outer loop
      vertex 5.08527 44.5576 30.6
      vertex 4.74386 46.274 30.6
      vertex 4.79405 44.5144 30.6
    endloop
  endfacet
  facet normal -0 0 1
    outer loop
      vertex 4.62252 46.256 30.6
      vertex 4.79405 44.5144 30.6
      vertex 4.74386 46.274 30.6
    endloop
  endfacet
  facet normal -0 0 1
    outer loop
      vertex 4.5 46.25 30.6
      vertex 4.79405 44.5144 30.6
      vertex 4.62252 46.256 30.6
    endloop
  endfacet
  facet normal 0 0 1
    outer loop
      vertex 4.5 46.25 30.6
      vertex 4.5 44.5 30.6
      vertex 4.79405 44.5144 30.6
    endloop
  endfacet
  facet normal 0 0 1
    outer loop
      vertex 4.37748 46.256 30.6
      vertex 4.5 44.5 30.6
      vertex 4.5 46.25 30.6
    endloop
  endfacet
  facet normal 0 0 1
    outer loop
      vertex 4.20595 44.5144 30.6
      vertex 4.37748 46.256 30.6
      vertex 4.25614 46.274 30.6
    endloop
  endfacet
  facet normal 0 0 1
    outer loop
      vertex 4.37748 46.256 30.6
      vertex 4.20595 44.5144 30.6
      vertex 4.5 44.5 30.6
    endloop
  endfacet
  facet normal 0 0 1
    outer loop
      vertex 3.91473 44.5576 30.6
      vertex 4.25614 46.274 30.6
      vertex 4.13714 46.3038 30.6
    endloop
  endfacet
  facet normal 0 0 1
    outer loop
      vertex 3.62915 44.6292 30.6
      vertex 4.13714 46.3038 30.6
      vertex 4.02165 46.3451 30.6
    endloop
  endfacet
  facet normal 0 0 1
    outer loop
      vertex 4.25614 46.274 30.6
      vertex 3.91473 44.5576 30.6
      vertex 4.20595 44.5144 30.6
    endloop
  endfacet
  facet normal 0 0 1
    outer loop
      vertex 3.35195 44.7284 30.6
      vertex 4.02165 46.3451 30.6
      vertex 3.91075 46.3976 30.6
    endloop
  endfacet
  facet normal 0 0 1
    outer loop
      vertex 3.08581 44.8542 30.6
      vertex 3.91075 46.3976 30.6
      vertex 3.80554 46.4607 30.6
    endloop
  endfacet
  facet normal 0 0 1
    outer loop
      vertex 2.83329 45.0056 30.6
      vertex 3.80554 46.4607 30.6
      vertex 3.70701 46.5337 30.6
    endloop
  endfacet
  facet normal 0 0 1
    outer loop
      vertex 4.13714 46.3038 30.6
      vertex 3.62915 44.6292 30.6
      vertex 3.91473 44.5576 30.6
    endloop
  endfacet
  facet normal 0 0 1
    outer loop
      vertex 2.39999 45.3594 30.6
      vertex 3.70701 46.5337 30.6
      vertex 3.61612 46.6161 30.6
    endloop
  endfacet
  facet normal 0 0 1
    outer loop
      vertex 2.39999 45.3594 30.6
      vertex 3.61612 46.6161 30.6
      vertex 3.53374 46.707 30.6
    endloop
  endfacet
  facet normal 0 0 1
    outer loop
      vertex 2.39999 45.3594 30.6
      vertex 3.53374 46.707 30.6
      vertex 3.46066 46.8055 30.6
    endloop
  endfacet
  facet normal 0 0 1
    outer loop
      vertex 2.39999 45.3594 30.6
      vertex 3.46066 46.8055 30.6
      vertex 3.3976 46.9108 30.6
    endloop
  endfacet
  facet normal 0 0 1
    outer loop
      vertex 4.02165 46.3451 30.6
      vertex 3.35195 44.7284 30.6
      vertex 3.62915 44.6292 30.6
    endloop
  endfacet
  facet normal 0 0 1
    outer loop
      vertex 2.39999 45.3594 30.6
      vertex 3.3976 46.9108 30.6
      vertex 3.34515 47.0216 30.6
    endloop
  endfacet
  facet normal 0 0 1
    outer loop
      vertex 2.39999 45.3594 30.6
      vertex 3.34515 47.0216 30.6
      vertex 3.30382 47.1371 30.6
    endloop
  endfacet
  facet normal 0 0 1
    outer loop
      vertex 2.39999 45.3594 30.6
      vertex 3.30382 47.1371 30.6
      vertex 3.27402 47.2561 30.6
    endloop
  endfacet
  facet normal 0 0 1
    outer loop
      vertex 0 47.5 30.6
      vertex 3.27402 47.2561 30.6
      vertex 3.25602 47.3775 30.6
    endloop
  endfacet
  facet normal -0 0 1
    outer loop
      vertex 0 47.5 30.6
      vertex 3.25602 47.3775 30.6
      vertex 3.25 47.5 30.6
    endloop
  endfacet
  facet normal 0 0 1
    outer loop
      vertex 3.91075 46.3976 30.6
      vertex 3.08581 44.8542 30.6
      vertex 3.35195 44.7284 30.6
    endloop
  endfacet
  facet normal 0 0 1
    outer loop
      vertex 3.30382 47.8629 30.6
      vertex 0 47.5 30.6
      vertex 3.27402 47.7439 30.6
    endloop
  endfacet
  facet normal 0 0 1
    outer loop
      vertex 3.70701 46.5337 30.6
      vertex 2.39999 45.3594 30.6
      vertex 2.59682 45.181 30.6
    endloop
  endfacet
  facet normal 0 0 1
    outer loop
      vertex 3.27402 47.7439 30.6
      vertex 0 47.5 30.6
      vertex 3.25602 47.6225 30.6
    endloop
  endfacet
  facet normal 0 0 1
    outer loop
      vertex 3.80554 46.4607 30.6
      vertex 2.83329 45.0056 30.6
      vertex 3.08581 44.8542 30.6
    endloop
  endfacet
  facet normal 0 0 1
    outer loop
      vertex 3.70701 46.5337 30.6
      vertex 2.59682 45.181 30.6
      vertex 2.83329 45.0056 30.6
    endloop
  endfacet
  facet normal 0 0 1
    outer loop
      vertex 3.27402 47.2561 30.6
      vertex 0 47.5 30.6
      vertex 2.39999 45.3594 30.6
    endloop
  endfacet
  facet normal 0 0 1
    outer loop
      vertex 0 47.5 30.6
      vertex 3.25 47.5 30.6
      vertex 3.25602 47.6225 30.6
    endloop
  endfacet
  facet normal 0 0 1
    outer loop
      vertex 61.9783 47.9411 30.6
      vertex 58.744 47.6225 30.6
      vertex 58.75 47.5 30.6
    endloop
  endfacet
  facet normal 0 0 1
    outer loop
      vertex 59.2221 51.6575 30.6
      vertex 58.726 47.7439 30.6
      vertex 58.744 47.6225 30.6
    endloop
  endfacet
  facet normal 0 0 1
    outer loop
      vertex 59.2221 51.6575 30.6
      vertex 58.6962 47.8629 30.6
      vertex 58.726 47.7439 30.6
    endloop
  endfacet
  facet normal 0 0 1
    outer loop
      vertex 59.2221 51.6575 30.6
      vertex 58.6549 47.9784 30.6
      vertex 58.6962 47.8629 30.6
    endloop
  endfacet
  facet normal 0 0 1
    outer loop
      vertex 59.2221 51.6575 30.6
      vertex 58.6024 48.0892 30.6
      vertex 58.6549 47.9784 30.6
    endloop
  endfacet
  facet normal 0 0 1
    outer loop
      vertex 59.2221 51.6575 30.6
      vertex 58.5393 48.1945 30.6
      vertex 58.6024 48.0892 30.6
    endloop
  endfacet
  facet normal 0 0 1
    outer loop
      vertex 59.2221 51.6575 30.6
      vertex 58.4663 48.293 30.6
      vertex 58.5393 48.1945 30.6
    endloop
  endfacet
  facet normal 0 0 1
    outer loop
      vertex 59.2221 51.6575 30.6
      vertex 58.3839 48.3839 30.6
      vertex 58.4663 48.293 30.6
    endloop
  endfacet
  facet normal 0 0 1
    outer loop
      vertex 57.8629 48.6962 30.6
      vertex 58.8063 51.8062 30.6
      vertex 58.3779 51.9135 30.6
    endloop
  endfacet
  facet normal 0 0 1
    outer loop
      vertex 59.2221 51.6575 30.6
      vertex 58.293 48.4663 30.6
      vertex 58.3839 48.3839 30.6
    endloop
  endfacet
  facet normal 0 0 1
    outer loop
      vertex 59.2221 51.6575 30.6
      vertex 58.1945 48.5393 30.6
      vertex 58.293 48.4663 30.6
    endloop
  endfacet
  facet normal 0 0 1
    outer loop
      vertex 59.2221 51.6575 30.6
      vertex 58.0892 48.6024 30.6
      vertex 58.1945 48.5393 30.6
    endloop
  endfacet
  facet normal 0 0 1
    outer loop
      vertex 59.2221 51.6575 30.6
      vertex 57.9784 48.6549 30.6
      vertex 58.0892 48.6024 30.6
    endloop
  endfacet
  facet normal 0 0 1
    outer loop
      vertex 57.7439 48.726 30.6
      vertex 58.3779 51.9135 30.6
      vertex 57.9411 51.9783 30.6
    endloop
  endfacet
  facet normal 0 0 1
    outer loop
      vertex 58.8063 51.8062 30.6
      vertex 57.8629 48.6962 30.6
      vertex 57.9784 48.6549 30.6
    endloop
  endfacet
  facet normal 0 0 1
    outer loop
      vertex 58.3779 51.9135 30.6
      vertex 57.7439 48.726 30.6
      vertex 57.8629 48.6962 30.6
    endloop
  endfacet
  facet normal 0 0 1
    outer loop
      vertex 57.9411 51.9783 30.6
      vertex 57.6225 48.744 30.6
      vertex 57.7439 48.726 30.6
    endloop
  endfacet
  facet normal 0 0 1
    outer loop
      vertex 57.5 52 30.6
      vertex 57.6225 48.744 30.6
      vertex 57.9411 51.9783 30.6
    endloop
  endfacet
  facet normal 0 0 1
    outer loop
      vertex 57.5 52 30.6
      vertex 57.5 48.75 30.6
      vertex 57.6225 48.744 30.6
    endloop
  endfacet
  facet normal 0 0 1
    outer loop
      vertex 57.5 52 30.6
      vertex 57.3775 48.744 30.6
      vertex 57.5 48.75 30.6
    endloop
  endfacet
  facet normal 0 0 1
    outer loop
      vertex 57.5 52 30.6
      vertex 57.2561 48.726 30.6
      vertex 57.3775 48.744 30.6
    endloop
  endfacet
  facet normal -0 0 1
    outer loop
      vertex 55.3594 49.6 30.6
      vertex 57.2561 48.726 30.6
      vertex 57.5 52 30.6
    endloop
  endfacet
  facet normal 0 0 1
    outer loop
      vertex 57.2561 48.726 30.6
      vertex 55.3594 49.6 30.6
      vertex 57.1371 48.6962 30.6
    endloop
  endfacet
  facet normal 0 0 1
    outer loop
      vertex 57.1371 48.6962 30.6
      vertex 55.3594 49.6 30.6
      vertex 57.0216 48.6549 30.6
    endloop
  endfacet
  facet normal 0 0 1
    outer loop
      vertex 57.0216 48.6549 30.6
      vertex 55.3594 49.6 30.6
      vertex 56.9108 48.6024 30.6
    endloop
  endfacet
  facet normal 0 0 1
    outer loop
      vertex 56.9108 48.6024 30.6
      vertex 55.3594 49.6 30.6
      vertex 56.8055 48.5393 30.6
    endloop
  endfacet
  facet normal 0 0 1
    outer loop
      vertex 56.8055 48.5393 30.6
      vertex 55.3594 49.6 30.6
      vertex 56.707 48.4663 30.6
    endloop
  endfacet
  facet normal 0 0 1
    outer loop
      vertex 56.707 48.4663 30.6
      vertex 55.3594 49.6 30.6
      vertex 56.6161 48.3839 30.6
    endloop
  endfacet
  facet normal 0 0 1
    outer loop
      vertex 56.6161 48.3839 30.6
      vertex 55.3594 49.6 30.6
      vertex 56.5337 48.293 30.6
    endloop
  endfacet
  facet normal -0 0 1
    outer loop
      vertex 55.181 49.4032 30.6
      vertex 56.5337 48.293 30.6
      vertex 55.3594 49.6 30.6
    endloop
  endfacet
  facet normal 0 0 1
    outer loop
      vertex 56.5337 48.293 30.6
      vertex 55.181 49.4032 30.6
      vertex 56.4607 48.1945 30.6
    endloop
  endfacet
  facet normal -0 0 1
    outer loop
      vertex 55.0056 49.1667 30.6
      vertex 56.4607 48.1945 30.6
      vertex 55.181 49.4032 30.6
    endloop
  endfacet
  facet normal -0 0 1
    outer loop
      vertex 54.7284 48.648 30.6
      vertex 56.3451 47.9784 30.6
      vertex 54.8542 48.9142 30.6
    endloop
  endfacet
  facet normal 0 0 1
    outer loop
      vertex 56.25 47.5 30.6
      vertex 55.8333 45.0056 30.6
      vertex 56.0858 44.8542 30.6
    endloop
  endfacet
  facet normal 0 0 1
    outer loop
      vertex 56.3976 48.0892 30.6
      vertex 54.8542 48.9142 30.6
      vertex 56.3451 47.9784 30.6
    endloop
  endfacet
  facet normal 0 0 1
    outer loop
      vertex 56.25 47.5 30.6
      vertex 55.5968 45.181 30.6
      vertex 55.8333 45.0056 30.6
    endloop
  endfacet
  facet normal -0 0 1
    outer loop
      vertex 54.8542 48.9142 30.6
      vertex 56.3976 48.0892 30.6
      vertex 55.0056 49.1667 30.6
    endloop
  endfacet
  facet normal 0 0 1
    outer loop
      vertex 56.25 47.5 30.6
      vertex 55.3787 45.3787 30.6
      vertex 55.5968 45.181 30.6
    endloop
  endfacet
  facet normal 0 0 1
    outer loop
      vertex 56.4607 48.1945 30.6
      vertex 55.0056 49.1667 30.6
      vertex 56.3976 48.0892 30.6
    endloop
  endfacet
  facet normal 0 0 1
    outer loop
      vertex 56.3451 47.9784 30.6
      vertex 54.7284 48.648 30.6
      vertex 56.3038 47.8629 30.6
    endloop
  endfacet
  facet normal 0 0 1
    outer loop
      vertex 57.5 52 30.6
      vertex 6.64064 49.6 30.6
      vertex 55.3594 49.6 30.6
    endloop
  endfacet
  facet normal -0 0 1
    outer loop
      vertex 5.65485 47.0216 30.6
      vertex 7.27164 46.352 30.6
      vertex 5.69617 47.1371 30.6
    endloop
  endfacet
  facet normal 0 0 1
    outer loop
      vertex 7.27164 46.352 30.6
      vertex 5.65485 47.0216 30.6
      vertex 7.14576 46.0858 30.6
    endloop
  endfacet
  facet normal -0 0 1
    outer loop
      vertex 5.6024 46.9108 30.6
      vertex 7.14576 46.0858 30.6
      vertex 5.65485 47.0216 30.6
    endloop
  endfacet
  facet normal 0 0 1
    outer loop
      vertex 7.14576 46.0858 30.6
      vertex 5.6024 46.9108 30.6
      vertex 6.99441 45.8333 30.6
    endloop
  endfacet
  facet normal 0 0 1
    outer loop
      vertex 7.48555 47.7941 30.6
      vertex 5.74398 47.6225 30.6
      vertex 5.75 47.5 30.6
    endloop
  endfacet
  facet normal 0 0 1
    outer loop
      vertex 7.44236 48.0853 30.6
      vertex 5.72598 47.7439 30.6
      vertex 5.74398 47.6225 30.6
    endloop
  endfacet
  facet normal 0 0 1
    outer loop
      vertex 7.37082 48.3709 30.6
      vertex 5.69617 47.8629 30.6
      vertex 5.72598 47.7439 30.6
    endloop
  endfacet
  facet normal 0 0 1
    outer loop
      vertex 7.27164 48.648 30.6
      vertex 5.65485 47.9784 30.6
      vertex 5.69617 47.8629 30.6
    endloop
  endfacet
  facet normal 0 0 1
    outer loop
      vertex 7.14576 48.9142 30.6
      vertex 5.6024 48.0892 30.6
      vertex 5.65485 47.9784 30.6
    endloop
  endfacet
  facet normal 0 0 1
    outer loop
      vertex 6.99441 49.1667 30.6
      vertex 5.53934 48.1945 30.6
      vertex 5.6024 48.0892 30.6
    endloop
  endfacet
  facet normal 0 0 1
    outer loop
      vertex 6.81903 49.4032 30.6
      vertex 5.46626 48.293 30.6
      vertex 5.53934 48.1945 30.6
    endloop
  endfacet
  facet normal 0 0 1
    outer loop
      vertex 6.64064 49.6 30.6
      vertex 5.38388 48.3839 30.6
      vertex 5.46626 48.293 30.6
    endloop
  endfacet
  facet normal 0 0 1
    outer loop
      vertex 6.64064 49.6 30.6
      vertex 5.29299 48.4663 30.6
      vertex 5.38388 48.3839 30.6
    endloop
  endfacet
  facet normal 0 0 1
    outer loop
      vertex 6.64064 49.6 30.6
      vertex 5.19446 48.5393 30.6
      vertex 5.29299 48.4663 30.6
    endloop
  endfacet
  facet normal 0 0 1
    outer loop
      vertex 6.64064 49.6 30.6
      vertex 5.08925 48.6024 30.6
      vertex 5.19446 48.5393 30.6
    endloop
  endfacet
  facet normal 0 0 1
    outer loop
      vertex 6.64064 49.6 30.6
      vertex 4.97835 48.6549 30.6
      vertex 5.08925 48.6024 30.6
    endloop
  endfacet
  facet normal 0 0 1
    outer loop
      vertex 6.64064 49.6 30.6
      vertex 4.86285 48.6962 30.6
      vertex 4.97835 48.6549 30.6
    endloop
  endfacet
  facet normal 0 0 1
    outer loop
      vertex 6.64064 49.6 30.6
      vertex 4.74386 48.726 30.6
      vertex 4.86285 48.6962 30.6
    endloop
  endfacet
  facet normal 0 0 1
    outer loop
      vertex 4.5 52 30.6
      vertex 4.74386 48.726 30.6
      vertex 6.64064 49.6 30.6
    endloop
  endfacet
  facet normal -0 0 1
    outer loop
      vertex 4.5 52 30.6
      vertex 6.64064 49.6 30.6
      vertex 57.5 52 30.6
    endloop
  endfacet
  facet normal 0 0 1
    outer loop
      vertex 4.74386 48.726 30.6
      vertex 4.5 52 30.6
      vertex 4.62252 48.744 30.6
    endloop
  endfacet
  facet normal 0 0 1
    outer loop
      vertex 4.5 52 30.6
      vertex 4.5 48.75 30.6
      vertex 4.62252 48.744 30.6
    endloop
  endfacet
  facet normal 0 0 1
    outer loop
      vertex 4.5 52 30.6
      vertex 4.37748 48.744 30.6
      vertex 4.5 48.75 30.6
    endloop
  endfacet
  facet normal -0 0 1
    outer loop
      vertex 4.05893 51.9783 30.6
      vertex 4.37748 48.744 30.6
      vertex 4.5 52 30.6
    endloop
  endfacet
  facet normal 0 0 1
    outer loop
      vertex 4.37748 48.744 30.6
      vertex 4.05893 51.9783 30.6
      vertex 4.25614 48.726 30.6
    endloop
  endfacet
  facet normal -0 0 1
    outer loop
      vertex 3.6221 51.9135 30.6
      vertex 4.25614 48.726 30.6
      vertex 4.05893 51.9783 30.6
    endloop
  endfacet
  facet normal 0 0 1
    outer loop
      vertex 4.25614 48.726 30.6
      vertex 3.6221 51.9135 30.6
      vertex 4.13714 48.6962 30.6
    endloop
  endfacet
  facet normal -0 0 1
    outer loop
      vertex 3.19373 51.8062 30.6
      vertex 4.13714 48.6962 30.6
      vertex 3.6221 51.9135 30.6
    endloop
  endfacet
  facet normal 0 0 1
    outer loop
      vertex 4.13714 48.6962 30.6
      vertex 3.19373 51.8062 30.6
      vertex 4.02165 48.6549 30.6
    endloop
  endfacet
  facet normal -0 0 1
    outer loop
      vertex 2.77792 51.6575 30.6
      vertex 4.02165 48.6549 30.6
      vertex 3.19373 51.8062 30.6
    endloop
  endfacet
  facet normal 0 0 1
    outer loop
      vertex 4.02165 48.6549 30.6
      vertex 2.77792 51.6575 30.6
      vertex 3.91075 48.6024 30.6
    endloop
  endfacet
  facet normal -0 0 1
    outer loop
      vertex 2.37871 51.4686 30.6
      vertex 3.91075 48.6024 30.6
      vertex 2.77792 51.6575 30.6
    endloop
  endfacet
  facet normal 0 0 1
    outer loop
      vertex 3.91075 48.6024 30.6
      vertex 2.37871 51.4686 30.6
      vertex 3.80554 48.5393 30.6
    endloop
  endfacet
  facet normal 0 0 1
    outer loop
      vertex 3.80554 48.5393 30.6
      vertex 2.37871 51.4686 30.6
      vertex 3.70701 48.4663 30.6
    endloop
  endfacet
  facet normal 0 0 1
    outer loop
      vertex 3.70701 48.4663 30.6
      vertex 2.37871 51.4686 30.6
      vertex 3.61612 48.3839 30.6
    endloop
  endfacet
  facet normal 0 0 1
    outer loop
      vertex 3.61612 48.3839 30.6
      vertex 2.37871 51.4686 30.6
      vertex 3.53374 48.293 30.6
    endloop
  endfacet
  facet normal 0 0 1
    outer loop
      vertex 3.53374 48.293 30.6
      vertex 2.37871 51.4686 30.6
      vertex 3.46066 48.1945 30.6
    endloop
  endfacet
  facet normal 0 0 1
    outer loop
      vertex 3.46066 48.1945 30.6
      vertex 2.37871 51.4686 30.6
      vertex 3.3976 48.0892 30.6
    endloop
  endfacet
  facet normal 0 0 1
    outer loop
      vertex 0 47.5 30.6
      vertex 3.3976 48.0892 30.6
      vertex 2.37871 51.4686 30.6
    endloop
  endfacet
  facet normal 0 0 1
    outer loop
      vertex 3.34515 47.9784 30.6
      vertex 0 47.5 30.6
      vertex 3.30382 47.8629 30.6
    endloop
  endfacet
  facet normal 0 0 1
    outer loop
      vertex 3.3976 48.0892 30.6
      vertex 0 47.5 30.6
      vertex 3.34515 47.9784 30.6
    endloop
  endfacet
  facet normal 0 0 1
    outer loop
      vertex 58.75 47.5 30.6
      vertex 62 47.5 30.6
      vertex 61.9783 47.9411 30.6
    endloop
  endfacet
  facet normal 0 0 1
    outer loop
      vertex 62 47.5 30.6
      vertex 59.6 45.3594 30.6
      vertex 62 4.5 30.6
    endloop
  endfacet
  facet normal 0 0 1
    outer loop
      vertex 58.744 47.6225 30.6
      vertex 61.9783 47.9411 30.6
      vertex 61.9135 48.3779 30.6
    endloop
  endfacet
  facet normal -0 0 1
    outer loop
      vertex 59.6 6.64064 30.6
      vertex 62 4.5 30.6
      vertex 59.6 45.3594 30.6
    endloop
  endfacet
  facet normal 0 0 1
    outer loop
      vertex 58.744 47.6225 30.6
      vertex 61.9135 48.3779 30.6
      vertex 61.8062 48.8063 30.6
    endloop
  endfacet
  facet normal -0 0 1
    outer loop
      vertex 58.726 4.74386 30.6
      vertex 62 4.5 30.6
      vertex 59.6 6.64064 30.6
    endloop
  endfacet
  facet normal 0 0 1
    outer loop
      vertex 58.744 47.6225 30.6
      vertex 61.8062 48.8063 30.6
      vertex 61.6575 49.2221 30.6
    endloop
  endfacet
  facet normal -0 -0 1
    outer loop
      vertex 58.744 4.62252 30.6
      vertex 62 4.5 30.6
      vertex 58.726 4.74386 30.6
    endloop
  endfacet
  facet normal 0 0 1
    outer loop
      vertex 58.744 47.6225 30.6
      vertex 61.6575 49.2221 30.6
      vertex 61.4686 49.6213 30.6
    endloop
  endfacet
  facet normal 0 -0 1
    outer loop
      vertex 58.75 4.5 30.6
      vertex 62 4.5 30.6
      vertex 58.744 4.62252 30.6
    endloop
  endfacet
  facet normal 0 0 1
    outer loop
      vertex 58.744 47.6225 30.6
      vertex 61.4686 49.6213 30.6
      vertex 61.2416 50.0001 30.6
    endloop
  endfacet
  facet normal -0 0 1
    outer loop
      vertex 58.744 4.37748 30.6
      vertex 61.9783 4.05893 30.6
      vertex 58.75 4.5 30.6
    endloop
  endfacet
  facet normal 0 0 1
    outer loop
      vertex 58.744 47.6225 30.6
      vertex 61.2416 50.0001 30.6
      vertex 60.9785 50.3548 30.6
    endloop
  endfacet
  facet normal 0 0 1
    outer loop
      vertex 61.9783 4.05893 30.6
      vertex 58.744 4.37748 30.6
      vertex 61.9135 3.6221 30.6
    endloop
  endfacet
  facet normal 0 0 1
    outer loop
      vertex 58.744 47.6225 30.6
      vertex 60.9785 50.3548 30.6
      vertex 60.682 50.682 30.6
    endloop
  endfacet
  facet normal -0 0 1
    outer loop
      vertex 58.726 4.25614 30.6
      vertex 61.9135 3.6221 30.6
      vertex 58.744 4.37748 30.6
    endloop
  endfacet
  facet normal 0 0 1
    outer loop
      vertex 58.744 47.6225 30.6
      vertex 60.682 50.682 30.6
      vertex 60.3548 50.9785 30.6
    endloop
  endfacet
  facet normal -0 0 1
    outer loop
      vertex 58.6962 4.13714 30.6
      vertex 61.8062 3.19373 30.6
      vertex 58.726 4.25614 30.6
    endloop
  endfacet
  facet normal 0 0 1
    outer loop
      vertex 58.744 47.6225 30.6
      vertex 60.3548 50.9785 30.6
      vertex 60.0001 51.2416 30.6
    endloop
  endfacet
  facet normal 0 0 1
    outer loop
      vertex 61.8062 3.19373 30.6
      vertex 58.6962 4.13714 30.6
      vertex 61.6575 2.77792 30.6
    endloop
  endfacet
  facet normal 0 0 1
    outer loop
      vertex 58.744 47.6225 30.6
      vertex 60.0001 51.2416 30.6
      vertex 59.6213 51.4686 30.6
    endloop
  endfacet
  facet normal -0 0 1
    outer loop
      vertex 58.6549 4.02165 30.6
      vertex 61.6575 2.77792 30.6
      vertex 58.6962 4.13714 30.6
    endloop
  endfacet
  facet normal -0 0 1
    outer loop
      vertex 58.6024 3.91075 30.6
      vertex 61.4686 2.37871 30.6
      vertex 58.6549 4.02165 30.6
    endloop
  endfacet
  facet normal 0 0 1
    outer loop
      vertex 62 47.5 30.6
      vertex 58.75 47.5 30.6
      vertex 58.744 47.3775 30.6
    endloop
  endfacet
  facet normal 0 0 1
    outer loop
      vertex 58.744 47.6225 30.6
      vertex 59.6213 51.4686 30.6
      vertex 59.2221 51.6575 30.6
    endloop
  endfacet
  facet normal 0 0 1
    outer loop
      vertex 62 47.5 30.6
      vertex 58.744 47.3775 30.6
      vertex 58.726 47.2561 30.6
    endloop
  endfacet
  facet normal 0 0 1
    outer loop
      vertex 62 47.5 30.6
      vertex 58.726 47.2561 30.6
      vertex 59.6 45.3594 30.6
    endloop
  endfacet
  facet normal 0 0 1
    outer loop
      vertex 57.9784 48.6549 30.6
      vertex 59.2221 51.6575 30.6
      vertex 58.8063 51.8062 30.6
    endloop
  endfacet
  facet normal -0 0 1
    outer loop
      vertex 58.6962 47.1371 30.6
      vertex 59.6 45.3594 30.6
      vertex 58.726 47.2561 30.6
    endloop
  endfacet
  facet normal -0 0 1
    outer loop
      vertex 58.6549 47.0216 30.6
      vertex 59.6 45.3594 30.6
      vertex 58.6962 47.1371 30.6
    endloop
  endfacet
  facet normal -0 0 1
    outer loop
      vertex 58.6024 46.9108 30.6
      vertex 59.6 45.3594 30.6
      vertex 58.6549 47.0216 30.6
    endloop
  endfacet
  facet normal -0 0 1
    outer loop
      vertex 58.5393 46.8055 30.6
      vertex 59.6 45.3594 30.6
      vertex 58.6024 46.9108 30.6
    endloop
  endfacet
  facet normal -0 0 1
    outer loop
      vertex 58.4663 46.707 30.6
      vertex 59.6 45.3594 30.6
      vertex 58.5393 46.8055 30.6
    endloop
  endfacet
  facet normal -0 0 1
    outer loop
      vertex 58.3839 46.6161 30.6
      vertex 59.6 45.3594 30.6
      vertex 58.4663 46.707 30.6
    endloop
  endfacet
  facet normal -0 0 1
    outer loop
      vertex 58.293 46.5337 30.6
      vertex 59.6 45.3594 30.6
      vertex 58.3839 46.6161 30.6
    endloop
  endfacet
  facet normal 0 0 1
    outer loop
      vertex 59.6 45.3594 30.6
      vertex 58.293 46.5337 30.6
      vertex 59.4032 45.181 30.6
    endloop
  endfacet
  facet normal 0 0 1
    outer loop
      vertex 59.4032 45.181 30.6
      vertex 58.293 46.5337 30.6
      vertex 59.1667 45.0056 30.6
    endloop
  endfacet
  facet normal -0 0 1
    outer loop
      vertex 58.1945 46.4607 30.6
      vertex 59.1667 45.0056 30.6
      vertex 58.293 46.5337 30.6
    endloop
  endfacet
  facet normal 0 0 1
    outer loop
      vertex 59.1667 45.0056 30.6
      vertex 58.1945 46.4607 30.6
      vertex 58.9142 44.8542 30.6
    endloop
  endfacet
  facet normal -0 0 1
    outer loop
      vertex 58.0892 46.3976 30.6
      vertex 58.9142 44.8542 30.6
      vertex 58.1945 46.4607 30.6
    endloop
  endfacet
  facet normal 0 0 1
    outer loop
      vertex 58.9142 44.8542 30.6
      vertex 58.0892 46.3976 30.6
      vertex 58.648 44.7284 30.6
    endloop
  endfacet
  facet normal -0 0 1
    outer loop
      vertex 57.9784 46.3451 30.6
      vertex 58.648 44.7284 30.6
      vertex 58.0892 46.3976 30.6
    endloop
  endfacet
  facet normal 0 0 1
    outer loop
      vertex 58.648 44.7284 30.6
      vertex 57.9784 46.3451 30.6
      vertex 58.3709 44.6292 30.6
    endloop
  endfacet
  facet normal -0 0 1
    outer loop
      vertex 57.8629 46.3038 30.6
      vertex 58.3709 44.6292 30.6
      vertex 57.9784 46.3451 30.6
    endloop
  endfacet
  facet normal 0 0 1
    outer loop
      vertex 58.3709 44.6292 30.6
      vertex 57.8629 46.3038 30.6
      vertex 58.0853 44.5576 30.6
    endloop
  endfacet
  facet normal -0 0 1
    outer loop
      vertex 57.7439 46.274 30.6
      vertex 58.0853 44.5576 30.6
      vertex 57.8629 46.3038 30.6
    endloop
  endfacet
  facet normal 0 0 1
    outer loop
      vertex 58.0853 44.5576 30.6
      vertex 57.7439 46.274 30.6
      vertex 57.7941 44.5144 30.6
    endloop
  endfacet
  facet normal -0 0 1
    outer loop
      vertex 57.6225 46.256 30.6
      vertex 57.7941 44.5144 30.6
      vertex 57.7439 46.274 30.6
    endloop
  endfacet
  facet normal -0 0 1
    outer loop
      vertex 57.5 46.25 30.6
      vertex 57.7941 44.5144 30.6
      vertex 57.6225 46.256 30.6
    endloop
  endfacet
  facet normal 0 0 1
    outer loop
      vertex 57.5 46.25 30.6
      vertex 57.5 44.5 30.6
      vertex 57.7941 44.5144 30.6
    endloop
  endfacet
  facet normal 0 0 1
    outer loop
      vertex 57.3775 46.256 30.6
      vertex 57.5 44.5 30.6
      vertex 57.5 46.25 30.6
    endloop
  endfacet
  facet normal 0 0 1
    outer loop
      vertex 57.2059 44.5144 30.6
      vertex 57.3775 46.256 30.6
      vertex 57.2561 46.274 30.6
    endloop
  endfacet
  facet normal 0 0 1
    outer loop
      vertex 57.3775 46.256 30.6
      vertex 57.2059 44.5144 30.6
      vertex 57.5 44.5 30.6
    endloop
  endfacet
  facet normal 0 0 1
    outer loop
      vertex 56.9147 44.5576 30.6
      vertex 57.2561 46.274 30.6
      vertex 57.1371 46.3038 30.6
    endloop
  endfacet
  facet normal 0 0 1
    outer loop
      vertex 56.6291 44.6292 30.6
      vertex 57.1371 46.3038 30.6
      vertex 57.0216 46.3451 30.6
    endloop
  endfacet
  facet normal 0 0 1
    outer loop
      vertex 57.2561 46.274 30.6
      vertex 56.9147 44.5576 30.6
      vertex 57.2059 44.5144 30.6
    endloop
  endfacet
  facet normal 0 0 1
    outer loop
      vertex 56.352 44.7284 30.6
      vertex 57.0216 46.3451 30.6
      vertex 56.9108 46.3976 30.6
    endloop
  endfacet
  facet normal 0 0 1
    outer loop
      vertex 56.0858 44.8542 30.6
      vertex 56.9108 46.3976 30.6
      vertex 56.8055 46.4607 30.6
    endloop
  endfacet
  facet normal 0 0 1
    outer loop
      vertex 56.0858 44.8542 30.6
      vertex 56.8055 46.4607 30.6
      vertex 56.707 46.5337 30.6
    endloop
  endfacet
  facet normal 0 0 1
    outer loop
      vertex 57.1371 46.3038 30.6
      vertex 56.6291 44.6292 30.6
      vertex 56.9147 44.5576 30.6
    endloop
  endfacet
  facet normal 0 0 1
    outer loop
      vertex 56.0858 44.8542 30.6
      vertex 56.707 46.5337 30.6
      vertex 56.6161 46.6161 30.6
    endloop
  endfacet
  facet normal 0 0 1
    outer loop
      vertex 56.0858 44.8542 30.6
      vertex 56.6161 46.6161 30.6
      vertex 56.5337 46.707 30.6
    endloop
  endfacet
  facet normal 0 0 1
    outer loop
      vertex 56.0858 44.8542 30.6
      vertex 56.5337 46.707 30.6
      vertex 56.4607 46.8055 30.6
    endloop
  endfacet
  facet normal 0 0 1
    outer loop
      vertex 56.0858 44.8542 30.6
      vertex 56.4607 46.8055 30.6
      vertex 56.3976 46.9108 30.6
    endloop
  endfacet
  facet normal 0 0 1
    outer loop
      vertex 57.0216 46.3451 30.6
      vertex 56.352 44.7284 30.6
      vertex 56.6291 44.6292 30.6
    endloop
  endfacet
  facet normal 0 0 1
    outer loop
      vertex 56.0858 44.8542 30.6
      vertex 56.3976 46.9108 30.6
      vertex 56.3451 47.0216 30.6
    endloop
  endfacet
  facet normal 0 0 1
    outer loop
      vertex 56.0858 44.8542 30.6
      vertex 56.3451 47.0216 30.6
      vertex 56.3038 47.1371 30.6
    endloop
  endfacet
  facet normal 0 0 1
    outer loop
      vertex 56.0858 44.8542 30.6
      vertex 56.3038 47.1371 30.6
      vertex 56.274 47.2561 30.6
    endloop
  endfacet
  facet normal 0 0 1
    outer loop
      vertex 56.0858 44.8542 30.6
      vertex 56.274 47.2561 30.6
      vertex 56.256 47.3775 30.6
    endloop
  endfacet
  facet normal 0 0 1
    outer loop
      vertex 56.0858 44.8542 30.6
      vertex 56.256 47.3775 30.6
      vertex 56.25 47.5 30.6
    endloop
  endfacet
  facet normal 0 0 1
    outer loop
      vertex 56.9108 46.3976 30.6
      vertex 56.0858 44.8542 30.6
      vertex 56.352 44.7284 30.6
    endloop
  endfacet
  facet normal 0 0 1
    outer loop
      vertex 61.4686 2.37871 30.6
      vertex 58.6024 3.91075 30.6
      vertex 61.2416 1.99994 30.6
    endloop
  endfacet
  facet normal 0 0 1
    outer loop
      vertex 58.293 5.46626 30.6
      vertex 59.6 6.64064 30.6
      vertex 59.4032 6.81903 30.6
    endloop
  endfacet
  facet normal -0 0 1
    outer loop
      vertex 58.5393 3.80554 30.6
      vertex 61.2416 1.99994 30.6
      vertex 58.6024 3.91075 30.6
    endloop
  endfacet
  facet normal 0 0 1
    outer loop
      vertex 58.293 5.46626 30.6
      vertex 59.4032 6.81903 30.6
      vertex 59.1667 6.99441 30.6
    endloop
  endfacet
  facet normal 0 0 1
    outer loop
      vertex 58.1945 5.53934 30.6
      vertex 59.1667 6.99441 30.6
      vertex 58.9142 7.14576 30.6
    endloop
  endfacet
  facet normal 0 0 1
    outer loop
      vertex 61.6575 2.77792 30.6
      vertex 58.6549 4.02165 30.6
      vertex 61.4686 2.37871 30.6
    endloop
  endfacet
  facet normal 0 0 1
    outer loop
      vertex 61.2416 1.99994 30.6
      vertex 58.5393 3.80554 30.6
      vertex 60.9785 1.64523 30.6
    endloop
  endfacet
  facet normal 0 0 1
    outer loop
      vertex 61.9135 3.6221 30.6
      vertex 58.726 4.25614 30.6
      vertex 61.8062 3.19373 30.6
    endloop
  endfacet
  facet normal 0 0 1
    outer loop
      vertex 62 4.5 30.6
      vertex 58.75 4.5 30.6
      vertex 61.9783 4.05893 30.6
    endloop
  endfacet
  facet normal 0 0 1
    outer loop
      vertex 59.6 6.64064 30.6
      vertex 58.6962 4.86285 30.6
      vertex 58.726 4.74386 30.6
    endloop
  endfacet
  facet normal 0 0 1
    outer loop
      vertex 59.6 6.64064 30.6
      vertex 58.6549 4.97835 30.6
      vertex 58.6962 4.86285 30.6
    endloop
  endfacet
  facet normal 0 0 1
    outer loop
      vertex 58.0892 5.6024 30.6
      vertex 58.9142 7.14576 30.6
      vertex 58.648 7.27164 30.6
    endloop
  endfacet
  facet normal 0 0 1
    outer loop
      vertex 59.6 6.64064 30.6
      vertex 58.6024 5.08925 30.6
      vertex 58.6549 4.97835 30.6
    endloop
  endfacet
  facet normal 0 0 1
    outer loop
      vertex 59.6 6.64064 30.6
      vertex 58.5393 5.19446 30.6
      vertex 58.6024 5.08925 30.6
    endloop
  endfacet
  facet normal 0 0 1
    outer loop
      vertex 59.6 6.64064 30.6
      vertex 58.4663 5.29299 30.6
      vertex 58.5393 5.19446 30.6
    endloop
  endfacet
  facet normal 0 0 1
    outer loop
      vertex 59.6 6.64064 30.6
      vertex 58.3839 5.38388 30.6
      vertex 58.4663 5.29299 30.6
    endloop
  endfacet
  facet normal 0 0 1
    outer loop
      vertex 57.9784 5.65485 30.6
      vertex 58.648 7.27164 30.6
      vertex 58.3709 7.37082 30.6
    endloop
  endfacet
  facet normal 0 0 1
    outer loop
      vertex 59.6 6.64064 30.6
      vertex 58.293 5.46626 30.6
      vertex 58.3839 5.38388 30.6
    endloop
  endfacet
  facet normal 0 0 1
    outer loop
      vertex 59.1667 6.99441 30.6
      vertex 58.1945 5.53934 30.6
      vertex 58.293 5.46626 30.6
    endloop
  endfacet
  facet normal 0 0 1
    outer loop
      vertex 58.9142 7.14576 30.6
      vertex 58.0892 5.6024 30.6
      vertex 58.1945 5.53934 30.6
    endloop
  endfacet
  facet normal 0 0 1
    outer loop
      vertex 57.8629 5.69617 30.6
      vertex 58.3709 7.37082 30.6
      vertex 58.0853 7.44236 30.6
    endloop
  endfacet
  facet normal 0 0 1
    outer loop
      vertex 58.648 7.27164 30.6
      vertex 57.9784 5.65485 30.6
      vertex 58.0892 5.6024 30.6
    endloop
  endfacet
  facet normal 0 0 1
    outer loop
      vertex 58.3709 7.37082 30.6
      vertex 57.8629 5.69617 30.6
      vertex 57.9784 5.65485 30.6
    endloop
  endfacet
  facet normal 0 0 1
    outer loop
      vertex 57.7439 5.72598 30.6
      vertex 58.0853 7.44236 30.6
      vertex 57.7941 7.48555 30.6
    endloop
  endfacet
  facet normal 0 0 1
    outer loop
      vertex 58.0853 7.44236 30.6
      vertex 57.7439 5.72598 30.6
      vertex 57.8629 5.69617 30.6
    endloop
  endfacet
  facet normal 0 0 1
    outer loop
      vertex 57.7941 7.48555 30.6
      vertex 57.6225 5.74398 30.6
      vertex 57.7439 5.72598 30.6
    endloop
  endfacet
  facet normal 0 0 1
    outer loop
      vertex 57.5 7.5 30.6
      vertex 57.6225 5.74398 30.6
      vertex 57.7941 7.48555 30.6
    endloop
  endfacet
  facet normal 0 0 1
    outer loop
      vertex 57.5 7.5 30.6
      vertex 57.5 5.75 30.6
      vertex 57.6225 5.74398 30.6
    endloop
  endfacet
  facet normal 0 0 1
    outer loop
      vertex 57.5 7.5 30.6
      vertex 57.3775 5.74398 30.6
      vertex 57.5 5.75 30.6
    endloop
  endfacet
  facet normal -0 0 1
    outer loop
      vertex 57.2059 7.48555 30.6
      vertex 57.3775 5.74398 30.6
      vertex 57.5 7.5 30.6
    endloop
  endfacet
  facet normal 0 0 1
    outer loop
      vertex 57.3775 5.74398 30.6
      vertex 57.2059 7.48555 30.6
      vertex 57.2561 5.72598 30.6
    endloop
  endfacet
  facet normal -0 0 1
    outer loop
      vertex 56.9147 7.44236 30.6
      vertex 57.2561 5.72598 30.6
      vertex 57.2059 7.48555 30.6
    endloop
  endfacet
  facet normal 0 0 1
    outer loop
      vertex 57.2561 5.72598 30.6
      vertex 56.9147 7.44236 30.6
      vertex 57.1371 5.69617 30.6
    endloop
  endfacet
  facet normal -0 0 1
    outer loop
      vertex 56.6291 7.37082 30.6
      vertex 57.1371 5.69617 30.6
      vertex 56.9147 7.44236 30.6
    endloop
  endfacet
  facet normal 0 0 1
    outer loop
      vertex 57.1371 5.69617 30.6
      vertex 56.6291 7.37082 30.6
      vertex 57.0216 5.65485 30.6
    endloop
  endfacet
  facet normal -0 0 1
    outer loop
      vertex 56.352 7.27164 30.6
      vertex 57.0216 5.65485 30.6
      vertex 56.6291 7.37082 30.6
    endloop
  endfacet
  facet normal 0 0 1
    outer loop
      vertex 57.0216 5.65485 30.6
      vertex 56.352 7.27164 30.6
      vertex 56.9108 5.6024 30.6
    endloop
  endfacet
  facet normal -0 0 1
    outer loop
      vertex 56.0858 7.14576 30.6
      vertex 56.9108 5.6024 30.6
      vertex 56.352 7.27164 30.6
    endloop
  endfacet
  facet normal 0 0 1
    outer loop
      vertex 56.9108 5.6024 30.6
      vertex 56.0858 7.14576 30.6
      vertex 56.8055 5.53934 30.6
    endloop
  endfacet
  facet normal -0 0 1
    outer loop
      vertex 55.8333 6.99441 30.6
      vertex 56.8055 5.53934 30.6
      vertex 56.0858 7.14576 30.6
    endloop
  endfacet
  facet normal 0 0 1
    outer loop
      vertex 56.8055 5.53934 30.6
      vertex 55.8333 6.99441 30.6
      vertex 56.707 5.46626 30.6
    endloop
  endfacet
  facet normal -0 0 1
    outer loop
      vertex 55.5968 6.81903 30.6
      vertex 56.707 5.46626 30.6
      vertex 55.8333 6.99441 30.6
    endloop
  endfacet
  facet normal 0 0 1
    outer loop
      vertex 56.707 5.46626 30.6
      vertex 55.5968 6.81903 30.6
      vertex 56.6161 5.38388 30.6
    endloop
  endfacet
  facet normal -0 0 1
    outer loop
      vertex 55.3787 6.62132 30.6
      vertex 56.6161 5.38388 30.6
      vertex 55.5968 6.81903 30.6
    endloop
  endfacet
  facet normal 0 0 1
    outer loop
      vertex 56.6161 5.38388 30.6
      vertex 55.3787 6.62132 30.6
      vertex 56.5337 5.29299 30.6
    endloop
  endfacet
  facet normal -0 0 1
    outer loop
      vertex 55.181 6.40318 30.6
      vertex 56.5337 5.29299 30.6
      vertex 55.3787 6.62132 30.6
    endloop
  endfacet
  facet normal 0 0 1
    outer loop
      vertex 56.5337 5.29299 30.6
      vertex 55.181 6.40318 30.6
      vertex 56.4607 5.19446 30.6
    endloop
  endfacet
  facet normal -0 0 1
    outer loop
      vertex 55.0056 6.16671 30.6
      vertex 56.4607 5.19446 30.6
      vertex 55.181 6.40318 30.6
    endloop
  endfacet
  facet normal 0 0 1
    outer loop
      vertex 56.4607 5.19446 30.6
      vertex 55.0056 6.16671 30.6
      vertex 56.3976 5.08925 30.6
    endloop
  endfacet
  facet normal -0 0 1
    outer loop
      vertex 58.4663 3.70701 30.6
      vertex 60.9785 1.64523 30.6
      vertex 58.5393 3.80554 30.6
    endloop
  endfacet
  facet normal 0 0 1
    outer loop
      vertex 60.9785 1.64523 30.6
      vertex 58.4663 3.70701 30.6
      vertex 60.682 1.31802 30.6
    endloop
  endfacet
  facet normal -0 0 1
    outer loop
      vertex 58.3839 3.61612 30.6
      vertex 60.682 1.31802 30.6
      vertex 58.4663 3.70701 30.6
    endloop
  endfacet
  facet normal 0 0 1
    outer loop
      vertex 60.682 1.31802 30.6
      vertex 58.3839 3.61612 30.6
      vertex 60.3548 1.02145 30.6
    endloop
  endfacet
  facet normal -0 0 1
    outer loop
      vertex 58.293 3.53374 30.6
      vertex 60.3548 1.02145 30.6
      vertex 58.3839 3.61612 30.6
    endloop
  endfacet
  facet normal 0 0 1
    outer loop
      vertex 60.3548 1.02145 30.6
      vertex 58.293 3.53374 30.6
      vertex 60.0001 0.758392 30.6
    endloop
  endfacet
  facet normal -0 0 1
    outer loop
      vertex 58.1945 3.46066 30.6
      vertex 60.0001 0.758392 30.6
      vertex 58.293 3.53374 30.6
    endloop
  endfacet
  facet normal 0 0 1
    outer loop
      vertex 60.0001 0.758392 30.6
      vertex 58.1945 3.46066 30.6
      vertex 59.6213 0.531357 30.6
    endloop
  endfacet
  facet normal -0 0 1
    outer loop
      vertex 58.0892 3.3976 30.6
      vertex 59.6213 0.531357 30.6
      vertex 58.1945 3.46066 30.6
    endloop
  endfacet
  facet normal 0 0 1
    outer loop
      vertex 59.6213 0.531357 30.6
      vertex 58.0892 3.3976 30.6
      vertex 59.2221 0.342545 30.6
    endloop
  endfacet
  facet normal -0 0 1
    outer loop
      vertex 57.9784 3.34515 30.6
      vertex 59.2221 0.342545 30.6
      vertex 58.0892 3.3976 30.6
    endloop
  endfacet
  facet normal 0 0 1
    outer loop
      vertex 59.2221 0.342545 30.6
      vertex 57.9784 3.34515 30.6
      vertex 58.8063 0.193771 30.6
    endloop
  endfacet
  facet normal -0 0 1
    outer loop
      vertex 57.8629 3.30382 30.6
      vertex 58.8063 0.193771 30.6
      vertex 57.9784 3.34515 30.6
    endloop
  endfacet
  facet normal 0 0 1
    outer loop
      vertex 58.8063 0.193771 30.6
      vertex 57.8629 3.30382 30.6
      vertex 58.3779 0.0864716 30.6
    endloop
  endfacet
  facet normal -0 0 1
    outer loop
      vertex 57.7439 3.27402 30.6
      vertex 58.3779 0.0864716 30.6
      vertex 57.8629 3.30382 30.6
    endloop
  endfacet
  facet normal 0 0 1
    outer loop
      vertex 58.3779 0.0864716 30.6
      vertex 57.7439 3.27402 30.6
      vertex 57.9411 0.0216675 30.6
    endloop
  endfacet
  facet normal -0 0 1
    outer loop
      vertex 57.6225 3.25602 30.6
      vertex 57.9411 0.0216675 30.6
      vertex 57.7439 3.27402 30.6
    endloop
  endfacet
  facet normal -0 0 1
    outer loop
      vertex 57.5 3.25 30.6
      vertex 57.9411 0.0216675 30.6
      vertex 57.6225 3.25602 30.6
    endloop
  endfacet
  facet normal 0 0 1
    outer loop
      vertex 57.5 3.25 30.6
      vertex 57.5 0 30.6
      vertex 57.9411 0.0216675 30.6
    endloop
  endfacet
  facet normal 0 0 1
    outer loop
      vertex 57.3775 3.25602 30.6
      vertex 57.5 0 30.6
      vertex 57.5 3.25 30.6
    endloop
  endfacet
  facet normal 0 0 1
    outer loop
      vertex 57.2561 3.27402 30.6
      vertex 57.5 0 30.6
      vertex 57.3775 3.25602 30.6
    endloop
  endfacet
  facet normal 0 0 1
    outer loop
      vertex 55.3594 2.39999 30.6
      vertex 57.2561 3.27402 30.6
      vertex 57.1371 3.30382 30.6
    endloop
  endfacet
  facet normal 0 0 1
    outer loop
      vertex 55.3594 2.39999 30.6
      vertex 57.1371 3.30382 30.6
      vertex 57.0216 3.34515 30.6
    endloop
  endfacet
  facet normal 0 0 1
    outer loop
      vertex 55.3594 2.39999 30.6
      vertex 57.0216 3.34515 30.6
      vertex 56.9108 3.3976 30.6
    endloop
  endfacet
  facet normal 0 0 1
    outer loop
      vertex 55.3594 2.39999 30.6
      vertex 56.9108 3.3976 30.6
      vertex 56.8055 3.46066 30.6
    endloop
  endfacet
  facet normal 0 0 1
    outer loop
      vertex 55.3594 2.39999 30.6
      vertex 56.8055 3.46066 30.6
      vertex 56.707 3.53374 30.6
    endloop
  endfacet
  facet normal 0 0 1
    outer loop
      vertex 55.3594 2.39999 30.6
      vertex 56.707 3.53374 30.6
      vertex 56.6161 3.61612 30.6
    endloop
  endfacet
  facet normal 0 0 1
    outer loop
      vertex 55.3594 2.39999 30.6
      vertex 56.6161 3.61612 30.6
      vertex 56.5337 3.70701 30.6
    endloop
  endfacet
  facet normal 0 0 1
    outer loop
      vertex 55.3594 2.39999 30.6
      vertex 56.5337 3.70701 30.6
      vertex 56.4607 3.80554 30.6
    endloop
  endfacet
  facet normal 0 0 1
    outer loop
      vertex 55.3594 2.39999 30.6
      vertex 56.4607 3.80554 30.6
      vertex 56.3976 3.91075 30.6
    endloop
  endfacet
  facet normal 0 0 1
    outer loop
      vertex 55.3594 2.39999 30.6
      vertex 56.3976 3.91075 30.6
      vertex 56.3451 4.02165 30.6
    endloop
  endfacet
  facet normal 0 0 1
    outer loop
      vertex 55.3594 2.39999 30.6
      vertex 56.3451 4.02165 30.6
      vertex 56.3038 4.13714 30.6
    endloop
  endfacet
  facet normal -0 0 1
    outer loop
      vertex 54.8542 5.91419 30.6
      vertex 56.3976 5.08925 30.6
      vertex 55.0056 6.16671 30.6
    endloop
  endfacet
  facet normal 0 0 1
    outer loop
      vertex 56.3976 5.08925 30.6
      vertex 54.8542 5.91419 30.6
      vertex 56.3451 4.97835 30.6
    endloop
  endfacet
  facet normal -0 0 1
    outer loop
      vertex 54.7284 5.64805 30.6
      vertex 56.3451 4.97835 30.6
      vertex 54.8542 5.91419 30.6
    endloop
  endfacet
  facet normal 0 0 1
    outer loop
      vertex 56.3451 4.97835 30.6
      vertex 54.7284 5.64805 30.6
      vertex 56.3038 4.86285 30.6
    endloop
  endfacet
  facet normal 0 0 1
    outer loop
      vertex 56.25 4.5 30.6
      vertex 55.3594 2.39999 30.6
      vertex 56.256 4.37748 30.6
    endloop
  endfacet
  facet normal 0 0 1
    outer loop
      vertex 56.256 4.37748 30.6
      vertex 55.3594 2.39999 30.6
      vertex 56.274 4.25614 30.6
    endloop
  endfacet
  facet normal 0 0 1
    outer loop
      vertex 56.274 4.25614 30.6
      vertex 55.3594 2.39999 30.6
      vertex 56.3038 4.13714 30.6
    endloop
  endfacet
  facet normal 0 0 1
    outer loop
      vertex 57.2561 3.27402 30.6
      vertex 55.3594 2.39999 30.6
      vertex 57.5 0 30.6
    endloop
  endfacet
  facet normal -0 0 1
    outer loop
      vertex 6.64064 2.39999 30.6
      vertex 57.5 0 30.6
      vertex 55.3594 2.39999 30.6
    endloop
  endfacet
  facet normal 0 0 1
    outer loop
      vertex 5.74398 4.62252 30.6
      vertex 6.62132 6.62132 30.6
      vertex 6.40318 6.81903 30.6
    endloop
  endfacet
  facet normal 0 0 1
    outer loop
      vertex 5.74398 4.62252 30.6
      vertex 6.40318 6.81903 30.6
      vertex 6.16671 6.99441 30.6
    endloop
  endfacet
  facet normal 0 0 1
    outer loop
      vertex 5.19446 5.53934 30.6
      vertex 6.16671 6.99441 30.6
      vertex 5.91419 7.14576 30.6
    endloop
  endfacet
  facet normal -0 0 1
    outer loop
      vertex 5.65485 4.02165 30.6
      vertex 7.27164 3.35195 30.6
      vertex 5.69617 4.13714 30.6
    endloop
  endfacet
  facet normal 0 0 1
    outer loop
      vertex 7.27164 3.35195 30.6
      vertex 5.65485 4.02165 30.6
      vertex 7.14576 3.08581 30.6
    endloop
  endfacet
  facet normal -0 0 1
    outer loop
      vertex 5.6024 3.91075 30.6
      vertex 7.14576 3.08581 30.6
      vertex 5.65485 4.02165 30.6
    endloop
  endfacet
  facet normal 0 0 1
    outer loop
      vertex 7.14576 3.08581 30.6
      vertex 5.6024 3.91075 30.6
      vertex 6.99441 2.83329 30.6
    endloop
  endfacet
  facet normal -0 0 1
    outer loop
      vertex 5.53934 3.80554 30.6
      vertex 6.99441 2.83329 30.6
      vertex 5.6024 3.91075 30.6
    endloop
  endfacet
  facet normal 0 0 1
    outer loop
      vertex 6.99441 2.83329 30.6
      vertex 5.53934 3.80554 30.6
      vertex 6.81903 2.59682 30.6
    endloop
  endfacet
  facet normal -0 0 1
    outer loop
      vertex 5.46626 3.70701 30.6
      vertex 6.81903 2.59682 30.6
      vertex 5.53934 3.80554 30.6
    endloop
  endfacet
  facet normal 0 0 1
    outer loop
      vertex 6.81903 2.59682 30.6
      vertex 5.46626 3.70701 30.6
      vertex 6.64064 2.39999 30.6
    endloop
  endfacet
  facet normal -0 0 1
    outer loop
      vertex 5.38388 3.61612 30.6
      vertex 6.64064 2.39999 30.6
      vertex 5.46626 3.70701 30.6
    endloop
  endfacet
  facet normal -0 0 1
    outer loop
      vertex 5.29299 3.53374 30.6
      vertex 6.64064 2.39999 30.6
      vertex 5.38388 3.61612 30.6
    endloop
  endfacet
  facet normal -0 0 1
    outer loop
      vertex 5.19446 3.46066 30.6
      vertex 6.64064 2.39999 30.6
      vertex 5.29299 3.53374 30.6
    endloop
  endfacet
  facet normal -0 0 1
    outer loop
      vertex 5.08925 3.3976 30.6
      vertex 6.64064 2.39999 30.6
      vertex 5.19446 3.46066 30.6
    endloop
  endfacet
  facet normal -0 0 1
    outer loop
      vertex 4.97835 3.34515 30.6
      vertex 6.64064 2.39999 30.6
      vertex 5.08925 3.3976 30.6
    endloop
  endfacet
  facet normal -0 0 1
    outer loop
      vertex 4.86285 3.30382 30.6
      vertex 6.64064 2.39999 30.6
      vertex 4.97835 3.34515 30.6
    endloop
  endfacet
  facet normal -0 0 1
    outer loop
      vertex 4.74386 3.27402 30.6
      vertex 6.64064 2.39999 30.6
      vertex 4.86285 3.30382 30.6
    endloop
  endfacet
  facet normal 0 0 1
    outer loop
      vertex 4.5 0 30.6
      vertex 4.74386 3.27402 30.6
      vertex 4.62252 3.25602 30.6
    endloop
  endfacet
  facet normal 0 0 1
    outer loop
      vertex 4.5 0 30.6
      vertex 4.62252 3.25602 30.6
      vertex 4.5 3.25 30.6
    endloop
  endfacet
  facet normal 0 0 1
    outer loop
      vertex 6.64064 2.39999 30.6
      vertex 4.5 0 30.6
      vertex 57.5 0 30.6
    endloop
  endfacet
  facet normal 0 0 1
    outer loop
      vertex 4.74386 3.27402 30.6
      vertex 4.5 0 30.6
      vertex 6.64064 2.39999 30.6
    endloop
  endfacet
  facet normal 0 0 1
    outer loop
      vertex 4.37748 3.25602 30.6
      vertex 4.5 0 30.6
      vertex 4.5 3.25 30.6
    endloop
  endfacet
  facet normal 0 0 1
    outer loop
      vertex 4.05893 0.0216675 30.6
      vertex 4.37748 3.25602 30.6
      vertex 4.25614 3.27402 30.6
    endloop
  endfacet
  facet normal 0 0 1
    outer loop
      vertex 3.6221 0.0864716 30.6
      vertex 4.25614 3.27402 30.6
      vertex 4.13714 3.30382 30.6
    endloop
  endfacet
  facet normal 0 0 1
    outer loop
      vertex 4.37748 3.25602 30.6
      vertex 4.05893 0.0216675 30.6
      vertex 4.5 0 30.6
    endloop
  endfacet
  facet normal 0 0 1
    outer loop
      vertex 3.19373 0.193771 30.6
      vertex 4.13714 3.30382 30.6
      vertex 4.02165 3.34515 30.6
    endloop
  endfacet
  facet normal 0 0 1
    outer loop
      vertex 3.19373 0.193771 30.6
      vertex 4.02165 3.34515 30.6
      vertex 3.91075 3.3976 30.6
    endloop
  endfacet
  facet normal 0 0 1
    outer loop
      vertex 3.19373 0.193771 30.6
      vertex 3.91075 3.3976 30.6
      vertex 3.80554 3.46066 30.6
    endloop
  endfacet
  facet normal 0 0 1
    outer loop
      vertex 3.19373 0.193771 30.6
      vertex 3.80554 3.46066 30.6
      vertex 3.70701 3.53374 30.6
    endloop
  endfacet
  facet normal 0 0 1
    outer loop
      vertex 4.25614 3.27402 30.6
      vertex 3.6221 0.0864716 30.6
      vertex 4.05893 0.0216675 30.6
    endloop
  endfacet
  facet normal 0 0 1
    outer loop
      vertex 3.19373 0.193771 30.6
      vertex 3.70701 3.53374 30.6
      vertex 3.61612 3.61612 30.6
    endloop
  endfacet
  facet normal 0 0 1
    outer loop
      vertex 3.19373 0.193771 30.6
      vertex 3.61612 3.61612 30.6
      vertex 3.53374 3.70701 30.6
    endloop
  endfacet
  facet normal 0 0 1
    outer loop
      vertex 3.19373 0.193771 30.6
      vertex 3.53374 3.70701 30.6
      vertex 3.46066 3.80554 30.6
    endloop
  endfacet
  facet normal 0 0 1
    outer loop
      vertex 3.19373 0.193771 30.6
      vertex 3.46066 3.80554 30.6
      vertex 3.3976 3.91075 30.6
    endloop
  endfacet
  facet normal 0 0 1
    outer loop
      vertex 3.19373 0.193771 30.6
      vertex 3.3976 3.91075 30.6
      vertex 3.34515 4.02165 30.6
    endloop
  endfacet
  facet normal 0 0 1
    outer loop
      vertex 3.19373 0.193771 30.6
      vertex 3.34515 4.02165 30.6
      vertex 3.30382 4.13714 30.6
    endloop
  endfacet
  facet normal 0 0 1
    outer loop
      vertex 3.19373 0.193771 30.6
      vertex 3.30382 4.13714 30.6
      vertex 3.27402 4.25614 30.6
    endloop
  endfacet
  facet normal 0 0 1
    outer loop
      vertex 3.19373 0.193771 30.6
      vertex 3.27402 4.25614 30.6
      vertex 3.25602 4.37748 30.6
    endloop
  endfacet
  facet normal 0 0 1
    outer loop
      vertex 4.13714 3.30382 30.6
      vertex 3.19373 0.193771 30.6
      vertex 3.6221 0.0864716 30.6
    endloop
  endfacet
  facet normal 0 0 1
    outer loop
      vertex 3.19373 0.193771 30.6
      vertex 3.25602 4.37748 30.6
      vertex 3.25 4.5 30.6
    endloop
  endfacet
  facet normal -0.336879 -0.941548 0
    outer loop
      vertex 2.77792 0.342545 0
      vertex 3.19373 0.193771 30.6
      vertex 2.77792 0.342545 30.6
    endloop
  endfacet
  facet normal -0.336879 -0.941548 -0
    outer loop
      vertex 3.19373 0.193771 30.6
      vertex 2.77792 0.342545 0
      vertex 3.19373 0.193771 0
    endloop
  endfacet
  facet normal 1 0 0
    outer loop
      vertex 62 32.41 20
      vertex 62 47.5 30.6
      vertex 62 32.41 28
    endloop
  endfacet
  facet normal 1 0 0
    outer loop
      vertex 62 47.5 30.6
      vertex 62 19.59 28
      vertex 62 32.41 28
    endloop
  endfacet
  facet normal 1 0 0
    outer loop
      vertex 62 19.59 28
      vertex 62 4.5 30.6
      vertex 62 19.59 20
    endloop
  endfacet
  facet normal 1 -0 0
    outer loop
      vertex 62 4.5 30.6
      vertex 62 19.59 28
      vertex 62 47.5 30.6
    endloop
  endfacet
  facet normal 1 0 0
    outer loop
      vertex 62 47.5 30.6
      vertex 62 32.41 20
      vertex 62 47.5 0
    endloop
  endfacet
  facet normal 1 -0 0
    outer loop
      vertex 62 19.59 20
      vertex 62 47.5 0
      vertex 62 32.41 20
    endloop
  endfacet
  facet normal 1 0 0
    outer loop
      vertex 62 4.5 0
      vertex 62 19.59 20
      vertex 62 4.5 30.6
    endloop
  endfacet
  facet normal 1 0 0
    outer loop
      vertex 62 19.59 20
      vertex 62 4.5 0
      vertex 62 47.5 0
    endloop
  endfacet
  facet normal 0.741015 0.671488 0
    outer loop
      vertex 60.9785 50.3548 30.6
      vertex 60.682 50.682 0
      vertex 60.682 50.682 30.6
    endloop
  endfacet
  facet normal 0.741015 0.671488 0
    outer loop
      vertex 60.682 50.682 0
      vertex 60.9785 50.3548 30.6
      vertex 60.9785 50.3548 0
    endloop
  endfacet
  facet normal -0.941545 0.336887 0
    outer loop
      vertex 0.193771 48.8063 0
      vertex 0.342545 49.2221 30.6
      vertex 0.342545 49.2221 0
    endloop
  endfacet
  facet normal -0.941545 0.336887 0
    outer loop
      vertex 0.342545 49.2221 30.6
      vertex 0.193771 48.8063 0
      vertex 0.193771 48.8063 30.6
    endloop
  endfacet
  facet normal -0.998796 -0.0490657 0
    outer loop
      vertex 0.0216675 4.05893 0
      vertex 0 4.5 30.6
      vertex 0 4.5 0
    endloop
  endfacet
  facet normal -0.998796 -0.0490657 0
    outer loop
      vertex 0 4.5 30.6
      vertex 0.0216675 4.05893 0
      vertex 0.0216675 4.05893 30.6
    endloop
  endfacet
  facet normal -0.998796 0.0490624 0
    outer loop
      vertex 0 47.5 0
      vertex 0.0216675 47.9411 30.6
      vertex 0.0216675 47.9411 0
    endloop
  endfacet
  facet normal -0.998796 0.0490624 0
    outer loop
      vertex 0.0216675 47.9411 30.6
      vertex 0 47.5 0
      vertex 0 47.5 30.6
    endloop
  endfacet
  facet normal -0.146745 -0.989174 0
    outer loop
      vertex 3.6221 0.0864716 0
      vertex 4.05893 0.0216675 30.6
      vertex 3.6221 0.0864716 30.6
    endloop
  endfacet
  facet normal -0.146745 -0.989174 -0
    outer loop
      vertex 4.05893 0.0216675 30.6
      vertex 3.6221 0.0864716 0
      vertex 4.05893 0.0216675 0
    endloop
  endfacet
  facet normal -0.427555 -0.90399 0
    outer loop
      vertex 2.37871 0.531357 0
      vertex 2.77792 0.342545 30.6
      vertex 2.37871 0.531357 30.6
    endloop
  endfacet
  facet normal -0.427555 -0.90399 -0
    outer loop
      vertex 2.77792 0.342545 30.6
      vertex 2.37871 0.531357 0
      vertex 2.77792 0.342545 0
    endloop
  endfacet
  facet normal -0.671564 -0.740946 0
    outer loop
      vertex 1.31802 1.31802 0
      vertex 1.64523 1.02145 30.6
      vertex 1.31802 1.31802 30.6
    endloop
  endfacet
  facet normal -0.671564 -0.740946 -0
    outer loop
      vertex 1.64523 1.02145 30.6
      vertex 1.31802 1.31802 0
      vertex 1.64523 1.02145 0
    endloop
  endfacet
  facet normal 0.803176 -0.595742 0
    outer loop
      vertex 60.9785 1.64523 30.6
      vertex 61.2416 1.99994 0
      vertex 61.2416 1.99994 30.6
    endloop
  endfacet
  facet normal 0.803176 -0.595742 0
    outer loop
      vertex 61.2416 1.99994 0
      vertex 60.9785 1.64523 30.6
      vertex 60.9785 1.64523 0
    endloop
  endfacet
  facet normal 0.941601 -0.336731 0
    outer loop
      vertex 61.6575 2.77792 30.6
      vertex 61.8062 3.19373 0
      vertex 61.8062 3.19373 30.6
    endloop
  endfacet
  facet normal 0.941601 -0.336731 0
    outer loop
      vertex 61.8062 3.19373 0
      vertex 61.6575 2.77792 30.6
      vertex 61.6575 2.77792 0
    endloop
  endfacet
  facet normal 0.336738 0.941598 -0
    outer loop
      vertex 59.2221 51.6575 0
      vertex 58.8063 51.8062 30.6
      vertex 59.2221 51.6575 30.6
    endloop
  endfacet
  facet normal 0.336738 0.941598 0
    outer loop
      vertex 58.8063 51.8062 30.6
      vertex 59.2221 51.6575 0
      vertex 58.8063 51.8062 0
    endloop
  endfacet
  facet normal 0.427726 0.903908 -0
    outer loop
      vertex 59.6213 51.4686 0
      vertex 59.2221 51.6575 30.6
      vertex 59.6213 51.4686 30.6
    endloop
  endfacet
  facet normal 0.427726 0.903908 0
    outer loop
      vertex 59.2221 51.6575 30.6
      vertex 59.6213 51.4686 0
      vertex 59.2221 51.6575 0
    endloop
  endfacet
  facet normal -0.427717 0.903913 0
    outer loop
      vertex 2.77792 51.6575 0
      vertex 2.37871 51.4686 30.6
      vertex 2.77792 51.6575 30.6
    endloop
  endfacet
  facet normal -0.427717 0.903913 0
    outer loop
      vertex 2.37871 51.4686 30.6
      vertex 2.77792 51.6575 0
      vertex 2.37871 51.4686 0
    endloop
  endfacet
  facet normal -0.336731 0.941601 0
    outer loop
      vertex 3.19373 51.8062 0
      vertex 2.77792 51.6575 30.6
      vertex 3.19373 51.8062 30.6
    endloop
  endfacet
  facet normal -0.336731 0.941601 0
    outer loop
      vertex 2.77792 51.6575 30.6
      vertex 3.19373 51.8062 0
      vertex 2.77792 51.6575 0
    endloop
  endfacet
  facet normal -0.989173 0.146755 0
    outer loop
      vertex 0.0216675 47.9411 0
      vertex 0.0864716 48.3779 30.6
      vertex 0.0864716 48.3779 0
    endloop
  endfacet
  facet normal -0.989173 0.146755 0
    outer loop
      vertex 0.0864716 48.3779 30.6
      vertex 0.0216675 47.9411 0
      vertex 0.0216675 47.9411 30.6
    endloop
  endfacet
  facet normal -0.903985 0.427563 0
    outer loop
      vertex 0.342545 49.2221 0
      vertex 0.531357 49.6213 30.6
      vertex 0.531357 49.6213 0
    endloop
  endfacet
  facet normal -0.903985 0.427563 0
    outer loop
      vertex 0.531357 49.6213 30.6
      vertex 0.342545 49.2221 0
      vertex 0.342545 49.2221 30.6
    endloop
  endfacet
  facet normal -0.970036 0.242961 0
    outer loop
      vertex 0.0864716 48.3779 0
      vertex 0.193771 48.8063 30.6
      vertex 0.193771 48.8063 0
    endloop
  endfacet
  facet normal -0.970036 0.242961 0
    outer loop
      vertex 0.193771 48.8063 30.6
      vertex 0.0864716 48.3779 0
      vertex 0.0864716 48.3779 30.6
    endloop
  endfacet
  facet normal -1 0 0
    outer loop
      vertex 0 37 18
      vertex 0 47.5 0
      vertex 0 37 9.5
    endloop
  endfacet
  facet normal -1 0 0
    outer loop
      vertex 0 47.5 0
      vertex 0 29.5 9.5
      vertex 0 37 9.5
    endloop
  endfacet
  facet normal -1 0 0
    outer loop
      vertex 0 29.5 9.5
      vertex 0 19 9.5
      vertex 0 29.5 18
    endloop
  endfacet
  facet normal -1 0 0
    outer loop
      vertex 0 4.5 0
      vertex 0 29.5 9.5
      vertex 0 47.5 0
    endloop
  endfacet
  facet normal -1 -0 0
    outer loop
      vertex 0 29.5 9.5
      vertex 0 4.5 0
      vertex 0 19 9.5
    endloop
  endfacet
  facet normal -1 -0 0
    outer loop
      vertex 0 11.5 9.5
      vertex 0 4.5 0
      vertex 0 11.5 18
    endloop
  endfacet
  facet normal -1 -0 0
    outer loop
      vertex 0 19 9.5
      vertex 0 4.5 0
      vertex 0 11.5 9.5
    endloop
  endfacet
  facet normal -1 0 0
    outer loop
      vertex 0 47.5 0
      vertex 0 37 18
      vertex 0 47.5 30.6
    endloop
  endfacet
  facet normal -1 0 0
    outer loop
      vertex 0 29.5 18
      vertex 0 47.5 30.6
      vertex 0 37 18
    endloop
  endfacet
  facet normal -1 0 0
    outer loop
      vertex 0 19 18
      vertex 0 29.5 18
      vertex 0 19 9.5
    endloop
  endfacet
  facet normal -1 0 0
    outer loop
      vertex 0 4.5 30.6
      vertex 0 29.5 18
      vertex 0 19 18
    endloop
  endfacet
  facet normal -1 0 0
    outer loop
      vertex 0 4.5 30.6
      vertex 0 19 18
      vertex 0 11.5 18
    endloop
  endfacet
  facet normal -1 0 0
    outer loop
      vertex 0 29.5 18
      vertex 0 4.5 30.6
      vertex 0 47.5 30.6
    endloop
  endfacet
  facet normal -1 0 0
    outer loop
      vertex 0 4.5 30.6
      vertex 0 11.5 18
      vertex 0 4.5 0
    endloop
  endfacet
  facet normal 0 0 -1
    outer loop
      vertex 57.5 0 0
      vertex 62 4.5 0
      vertex 61.9783 4.05893 0
    endloop
  endfacet
  facet normal 0 0 -1
    outer loop
      vertex 62 4.5 0
      vertex 58.05 26 0
      vertex 62 47.5 0
    endloop
  endfacet
  facet normal 0 0 -1
    outer loop
      vertex 57.5 0 0
      vertex 61.9783 4.05893 0
      vertex 61.9135 3.6221 0
    endloop
  endfacet
  facet normal 0 0 -1
    outer loop
      vertex 58.044 26.1225 0
      vertex 62 47.5 0
      vertex 58.05 26 0
    endloop
  endfacet
  facet normal 0 0 -1
    outer loop
      vertex 57.5 0 0
      vertex 61.9135 3.6221 0
      vertex 61.8062 3.19373 0
    endloop
  endfacet
  facet normal 0 0 -1
    outer loop
      vertex 58.026 26.2439 0
      vertex 62 47.5 0
      vertex 58.044 26.1225 0
    endloop
  endfacet
  facet normal 0 0 -1
    outer loop
      vertex 57.5 0 0
      vertex 61.8062 3.19373 0
      vertex 61.6575 2.77792 0
    endloop
  endfacet
  facet normal 0 0 -1
    outer loop
      vertex 57.9962 26.3629 0
      vertex 62 47.5 0
      vertex 58.026 26.2439 0
    endloop
  endfacet
  facet normal 0 0 -1
    outer loop
      vertex 57.5 0 0
      vertex 61.6575 2.77792 0
      vertex 61.4686 2.37871 0
    endloop
  endfacet
  facet normal 0 0 -1
    outer loop
      vertex 57.9548 26.4784 0
      vertex 62 47.5 0
      vertex 57.9962 26.3629 0
    endloop
  endfacet
  facet normal 0 0 -1
    outer loop
      vertex 57.5 0 0
      vertex 61.4686 2.37871 0
      vertex 61.2416 1.99994 0
    endloop
  endfacet
  facet normal 0 0 -1
    outer loop
      vertex 57.9024 26.5892 0
      vertex 62 47.5 0
      vertex 57.9548 26.4784 0
    endloop
  endfacet
  facet normal 0 0 -1
    outer loop
      vertex 57.5 0 0
      vertex 61.2416 1.99994 0
      vertex 60.9785 1.64523 0
    endloop
  endfacet
  facet normal 0 0 -1
    outer loop
      vertex 57.8393 26.6945 0
      vertex 62 47.5 0
      vertex 57.9024 26.5892 0
    endloop
  endfacet
  facet normal 0 0 -1
    outer loop
      vertex 57.5 0 0
      vertex 60.9785 1.64523 0
      vertex 60.682 1.31802 0
    endloop
  endfacet
  facet normal 0 0 -1
    outer loop
      vertex 57.7663 26.793 0
      vertex 62 47.5 0
      vertex 57.8393 26.6945 0
    endloop
  endfacet
  facet normal 0 0 -1
    outer loop
      vertex 57.5 0 0
      vertex 60.682 1.31802 0
      vertex 60.3548 1.02145 0
    endloop
  endfacet
  facet normal 0 0 -1
    outer loop
      vertex 57.6839 26.8839 0
      vertex 62 47.5 0
      vertex 57.7663 26.793 0
    endloop
  endfacet
  facet normal 0 0 -1
    outer loop
      vertex 57.5 0 0
      vertex 60.3548 1.02145 0
      vertex 60.0001 0.758392 0
    endloop
  endfacet
  facet normal 0 0 -1
    outer loop
      vertex 57.593 26.9663 0
      vertex 62 47.5 0
      vertex 57.6839 26.8839 0
    endloop
  endfacet
  facet normal 0 0 -1
    outer loop
      vertex 57.5 0 0
      vertex 60.0001 0.758392 0
      vertex 59.6213 0.531357 0
    endloop
  endfacet
  facet normal 0 0 -1
    outer loop
      vertex 57.4945 27.0393 0
      vertex 62 47.5 0
      vertex 57.593 26.9663 0
    endloop
  endfacet
  facet normal 0 0 -1
    outer loop
      vertex 57.5 0 0
      vertex 59.6213 0.531357 0
      vertex 59.2221 0.342545 0
    endloop
  endfacet
  facet normal 0 0 -1
    outer loop
      vertex 57.3892 27.1024 0
      vertex 62 47.5 0
      vertex 57.4945 27.0393 0
    endloop
  endfacet
  facet normal 0 0 -1
    outer loop
      vertex 57.5 0 0
      vertex 59.2221 0.342545 0
      vertex 58.8063 0.193771 0
    endloop
  endfacet
  facet normal 0 0 -1
    outer loop
      vertex 57.2784 27.1549 0
      vertex 62 47.5 0
      vertex 57.3892 27.1024 0
    endloop
  endfacet
  facet normal 0 0 -1
    outer loop
      vertex 57.5 0 0
      vertex 58.8063 0.193771 0
      vertex 58.3779 0.0864716 0
    endloop
  endfacet
  facet normal 0 0 -1
    outer loop
      vertex 57.1629 27.1962 0
      vertex 62 47.5 0
      vertex 57.2784 27.1549 0
    endloop
  endfacet
  facet normal 0 0 -1
    outer loop
      vertex 57.0439 27.226 0
      vertex 62 47.5 0
      vertex 57.1629 27.1962 0
    endloop
  endfacet
  facet normal 0 0 -1
    outer loop
      vertex 62 4.5 0
      vertex 58.044 25.8775 0
      vertex 58.05 26 0
    endloop
  endfacet
  facet normal 0 0 -1
    outer loop
      vertex 62 4.5 0
      vertex 58.026 25.7561 0
      vertex 58.044 25.8775 0
    endloop
  endfacet
  facet normal 0 0 -1
    outer loop
      vertex 62 4.5 0
      vertex 57.9962 25.6371 0
      vertex 58.026 25.7561 0
    endloop
  endfacet
  facet normal 0 0 -1
    outer loop
      vertex 62 4.5 0
      vertex 57.9548 25.5216 0
      vertex 57.9962 25.6371 0
    endloop
  endfacet
  facet normal 0 0 -1
    outer loop
      vertex 57.5 0 0
      vertex 58.3779 0.0864716 0
      vertex 57.9411 0.0216675 0
    endloop
  endfacet
  facet normal 0 0 -1
    outer loop
      vertex 62 4.5 0
      vertex 57.9024 25.4108 0
      vertex 57.9548 25.5216 0
    endloop
  endfacet
  facet normal 0 0 -1
    outer loop
      vertex 62 4.5 0
      vertex 57.8393 25.3055 0
      vertex 57.9024 25.4108 0
    endloop
  endfacet
  facet normal 0 0 -1
    outer loop
      vertex 62 4.5 0
      vertex 57.7663 25.207 0
      vertex 57.8393 25.3055 0
    endloop
  endfacet
  facet normal 0 0 -1
    outer loop
      vertex 62 4.5 0
      vertex 57.6839 25.1161 0
      vertex 57.7663 25.207 0
    endloop
  endfacet
  facet normal 0 0 -1
    outer loop
      vertex 62 4.5 0
      vertex 57.593 25.0337 0
      vertex 57.6839 25.1161 0
    endloop
  endfacet
  facet normal 0 0 -1
    outer loop
      vertex 56.2108 24.8976 0
      vertex 62 4.5 0
      vertex 57.5 0 0
    endloop
  endfacet
  facet normal 0 0 -1
    outer loop
      vertex 62 4.5 0
      vertex 57.4945 24.9607 0
      vertex 57.593 25.0337 0
    endloop
  endfacet
  facet normal 0 0 -1
    outer loop
      vertex 62 4.5 0
      vertex 57.3892 24.8976 0
      vertex 57.4945 24.9607 0
    endloop
  endfacet
  facet normal 0 0 -1
    outer loop
      vertex 62 4.5 0
      vertex 57.2784 24.8451 0
      vertex 57.3892 24.8976 0
    endloop
  endfacet
  facet normal 0 0 -1
    outer loop
      vertex 62 4.5 0
      vertex 57.1629 24.8038 0
      vertex 57.2784 24.8451 0
    endloop
  endfacet
  facet normal 0 0 -1
    outer loop
      vertex 62 4.5 0
      vertex 57.0439 24.774 0
      vertex 57.1629 24.8038 0
    endloop
  endfacet
  facet normal 0 0 -1
    outer loop
      vertex 62 4.5 0
      vertex 56.9225 24.756 0
      vertex 57.0439 24.774 0
    endloop
  endfacet
  facet normal 0 0 -1
    outer loop
      vertex 62 4.5 0
      vertex 56.8 24.75 0
      vertex 56.9225 24.756 0
    endloop
  endfacet
  facet normal 0 0 -1
    outer loop
      vertex 62 4.5 0
      vertex 56.6775 24.756 0
      vertex 56.8 24.75 0
    endloop
  endfacet
  facet normal 0 0 -1
    outer loop
      vertex 62 4.5 0
      vertex 56.5561 24.774 0
      vertex 56.6775 24.756 0
    endloop
  endfacet
  facet normal 0 0 -1
    outer loop
      vertex 62 4.5 0
      vertex 56.4371 24.8038 0
      vertex 56.5561 24.774 0
    endloop
  endfacet
  facet normal 0 0 -1
    outer loop
      vertex 62 4.5 0
      vertex 56.3216 24.8451 0
      vertex 56.4371 24.8038 0
    endloop
  endfacet
  facet normal 0 0 -1
    outer loop
      vertex 62 4.5 0
      vertex 56.2108 24.8976 0
      vertex 56.3216 24.8451 0
    endloop
  endfacet
  facet normal 0 0 -1
    outer loop
      vertex 57.5 0 0
      vertex 56.1055 24.9607 0
      vertex 56.2108 24.8976 0
    endloop
  endfacet
  facet normal 0 0 -1
    outer loop
      vertex 57.5 0 0
      vertex 56.007 25.0337 0
      vertex 56.1055 24.9607 0
    endloop
  endfacet
  facet normal 0 0 -1
    outer loop
      vertex 57.5 0 0
      vertex 55.9161 25.1161 0
      vertex 56.007 25.0337 0
    endloop
  endfacet
  facet normal 0 0 -1
    outer loop
      vertex 57.5 0 0
      vertex 55.8337 25.207 0
      vertex 55.9161 25.1161 0
    endloop
  endfacet
  facet normal 0 0 -1
    outer loop
      vertex 57.5 0 0
      vertex 55.7607 25.3055 0
      vertex 55.8337 25.207 0
    endloop
  endfacet
  facet normal 0 0 -1
    outer loop
      vertex 57.5 0 0
      vertex 55.6976 25.4108 0
      vertex 55.7607 25.3055 0
    endloop
  endfacet
  facet normal 0 0 -1
    outer loop
      vertex 6.3024 25.4108 0
      vertex 55.6976 25.4108 0
      vertex 57.5 0 0
    endloop
  endfacet
  facet normal 0 0 -1
    outer loop
      vertex 55.6976 25.4108 0
      vertex 6.3024 25.4108 0
      vertex 55.6451 25.5216 0
    endloop
  endfacet
  facet normal 0 -0 -1
    outer loop
      vertex 6.35485 25.5216 0
      vertex 55.6451 25.5216 0
      vertex 6.3024 25.4108 0
    endloop
  endfacet
  facet normal 0 0 -1
    outer loop
      vertex 55.6451 25.5216 0
      vertex 6.35485 25.5216 0
      vertex 55.6038 25.6371 0
    endloop
  endfacet
  facet normal 0 0 -1
    outer loop
      vertex 55.556 25.8775 0
      vertex 6.45 26 0
      vertex 55.55 26 0
    endloop
  endfacet
  facet normal 0 -0 -1
    outer loop
      vertex 6.39618 25.6371 0
      vertex 55.6038 25.6371 0
      vertex 6.35485 25.5216 0
    endloop
  endfacet
  facet normal 0 0 -1
    outer loop
      vertex 55.556 25.8775 0
      vertex 6.44398 25.8775 0
      vertex 6.45 26 0
    endloop
  endfacet
  facet normal -0 0 -1
    outer loop
      vertex 55.556 25.8775 0
      vertex 6.42598 25.7561 0
      vertex 6.44398 25.8775 0
    endloop
  endfacet
  facet normal 0 0 -1
    outer loop
      vertex 55.574 25.7561 0
      vertex 6.42598 25.7561 0
      vertex 55.556 25.8775 0
    endloop
  endfacet
  facet normal 0 -0 -1
    outer loop
      vertex 6.42598 25.7561 0
      vertex 55.574 25.7561 0
      vertex 6.39618 25.6371 0
    endloop
  endfacet
  facet normal 0 0 -1
    outer loop
      vertex 55.6038 25.6371 0
      vertex 6.39618 25.6371 0
      vertex 55.574 25.7561 0
    endloop
  endfacet
  facet normal 0 0 -1
    outer loop
      vertex 4.5 0 0
      vertex 6.3024 25.4108 0
      vertex 57.5 0 0
    endloop
  endfacet
  facet normal 0 0 -1
    outer loop
      vertex 6.3024 25.4108 0
      vertex 4.5 0 0
      vertex 6.23934 25.3055 0
    endloop
  endfacet
  facet normal 0 0 -1
    outer loop
      vertex 6.23934 25.3055 0
      vertex 4.5 0 0
      vertex 6.16626 25.207 0
    endloop
  endfacet
  facet normal 0 0 -1
    outer loop
      vertex 6.16626 25.207 0
      vertex 4.5 0 0
      vertex 6.08388 25.1161 0
    endloop
  endfacet
  facet normal 0 0 -1
    outer loop
      vertex 6.08388 25.1161 0
      vertex 4.5 0 0
      vertex 5.99299 25.0337 0
    endloop
  endfacet
  facet normal 0 0 -1
    outer loop
      vertex 5.99299 25.0337 0
      vertex 4.5 0 0
      vertex 5.89446 24.9607 0
    endloop
  endfacet
  facet normal 0 0 -1
    outer loop
      vertex 5.89446 24.9607 0
      vertex 4.5 0 0
      vertex 5.78925 24.8976 0
    endloop
  endfacet
  facet normal 0 0 -1
    outer loop
      vertex 0 4.5 0
      vertex 5.78925 24.8976 0
      vertex 4.5 0 0
    endloop
  endfacet
  facet normal 0 0 -1
    outer loop
      vertex 5.78925 24.8976 0
      vertex 0 4.5 0
      vertex 5.67835 24.8451 0
    endloop
  endfacet
  facet normal 0 0 -1
    outer loop
      vertex 5.67835 24.8451 0
      vertex 0 4.5 0
      vertex 5.56286 24.8038 0
    endloop
  endfacet
  facet normal 0 0 -1
    outer loop
      vertex 5.56286 24.8038 0
      vertex 0 4.5 0
      vertex 5.44386 24.774 0
    endloop
  endfacet
  facet normal 0 0 -1
    outer loop
      vertex 5.44386 24.774 0
      vertex 0 4.5 0
      vertex 5.32252 24.756 0
    endloop
  endfacet
  facet normal 0 0 -1
    outer loop
      vertex 5.32252 24.756 0
      vertex 0 4.5 0
      vertex 5.2 24.75 0
    endloop
  endfacet
  facet normal -0 0 -1
    outer loop
      vertex 5.2 24.75 0
      vertex 0 4.5 0
      vertex 5.07748 24.756 0
    endloop
  endfacet
  facet normal -0 0 -1
    outer loop
      vertex 5.07748 24.756 0
      vertex 0 4.5 0
      vertex 4.95614 24.774 0
    endloop
  endfacet
  facet normal -0 0 -1
    outer loop
      vertex 4.95614 24.774 0
      vertex 0 4.5 0
      vertex 4.83714 24.8038 0
    endloop
  endfacet
  facet normal -0 0 -1
    outer loop
      vertex 4.83714 24.8038 0
      vertex 0 4.5 0
      vertex 4.72165 24.8451 0
    endloop
  endfacet
  facet normal -0 0 -1
    outer loop
      vertex 4.72165 24.8451 0
      vertex 0 4.5 0
      vertex 4.61075 24.8976 0
    endloop
  endfacet
  facet normal -0 0 -1
    outer loop
      vertex 4.61075 24.8976 0
      vertex 0 4.5 0
      vertex 4.50554 24.9607 0
    endloop
  endfacet
  facet normal -0 0 -1
    outer loop
      vertex 4.50554 24.9607 0
      vertex 0 4.5 0
      vertex 4.40701 25.0337 0
    endloop
  endfacet
  facet normal -0 0 -1
    outer loop
      vertex 4.40701 25.0337 0
      vertex 0 4.5 0
      vertex 4.31612 25.1161 0
    endloop
  endfacet
  facet normal -0 0 -1
    outer loop
      vertex 4.31612 25.1161 0
      vertex 0 4.5 0
      vertex 4.23374 25.207 0
    endloop
  endfacet
  facet normal -0 0 -1
    outer loop
      vertex 4.23374 25.207 0
      vertex 0 4.5 0
      vertex 4.16066 25.3055 0
    endloop
  endfacet
  facet normal 0 0 -1
    outer loop
      vertex 0 4.5 0
      vertex 4.5 0 0
      vertex 4.05893 0.0216675 0
    endloop
  endfacet
  facet normal -0 0 -1
    outer loop
      vertex 4.16066 25.3055 0
      vertex 0 4.5 0
      vertex 4.0976 25.4108 0
    endloop
  endfacet
  facet normal -0 0 -1
    outer loop
      vertex 4.0976 25.4108 0
      vertex 0 4.5 0
      vertex 4.04515 25.5216 0
    endloop
  endfacet
  facet normal -0 0 -1
    outer loop
      vertex 4.04515 25.5216 0
      vertex 0 4.5 0
      vertex 4.00382 25.6371 0
    endloop
  endfacet
  facet normal -0 0 -1
    outer loop
      vertex 4.00382 25.6371 0
      vertex 0 4.5 0
      vertex 3.97402 25.7561 0
    endloop
  endfacet
  facet normal -0 0 -1
    outer loop
      vertex 3.97402 25.7561 0
      vertex 0 4.5 0
      vertex 3.95602 25.8775 0
    endloop
  endfacet
  facet normal 0 0 -1
    outer loop
      vertex 0 4.5 0
      vertex 4.05893 0.0216675 0
      vertex 3.6221 0.0864716 0
    endloop
  endfacet
  facet normal 0 0 -1
    outer loop
      vertex 56.9225 27.244 0
      vertex 62 47.5 0
      vertex 57.0439 27.226 0
    endloop
  endfacet
  facet normal 0 0 -1
    outer loop
      vertex 56.8 27.25 0
      vertex 62 47.5 0
      vertex 56.9225 27.244 0
    endloop
  endfacet
  facet normal 0 0 -1
    outer loop
      vertex 56.6775 27.244 0
      vertex 62 47.5 0
      vertex 56.8 27.25 0
    endloop
  endfacet
  facet normal 0 0 -1
    outer loop
      vertex 56.5561 27.226 0
      vertex 62 47.5 0
      vertex 56.6775 27.244 0
    endloop
  endfacet
  facet normal 0 0 -1
    outer loop
      vertex 56.4371 27.1962 0
      vertex 62 47.5 0
      vertex 56.5561 27.226 0
    endloop
  endfacet
  facet normal 0 0 -1
    outer loop
      vertex 56.3216 27.1549 0
      vertex 62 47.5 0
      vertex 56.4371 27.1962 0
    endloop
  endfacet
  facet normal 0 0 -1
    outer loop
      vertex 56.2108 27.1024 0
      vertex 62 47.5 0
      vertex 56.3216 27.1549 0
    endloop
  endfacet
  facet normal 0 0 -1
    outer loop
      vertex 62 47.5 0
      vertex 57.5 52 0
      vertex 61.9783 47.9411 0
    endloop
  endfacet
  facet normal 0 0 -1
    outer loop
      vertex 61.9135 48.3779 0
      vertex 57.5 52 0
      vertex 61.8062 48.8063 0
    endloop
  endfacet
  facet normal 0 0 -1
    outer loop
      vertex 61.8062 48.8063 0
      vertex 57.5 52 0
      vertex 61.6575 49.2221 0
    endloop
  endfacet
  facet normal 0 0 -1
    outer loop
      vertex 61.4686 49.6213 0
      vertex 57.5 52 0
      vertex 61.2416 50.0001 0
    endloop
  endfacet
  facet normal 0 0 -1
    outer loop
      vertex 61.2416 50.0001 0
      vertex 57.5 52 0
      vertex 60.9785 50.3548 0
    endloop
  endfacet
  facet normal 0 0 -1
    outer loop
      vertex 60.682 50.682 0
      vertex 57.5 52 0
      vertex 60.3548 50.9785 0
    endloop
  endfacet
  facet normal 0 0 -1
    outer loop
      vertex 60.3548 50.9785 0
      vertex 57.5 52 0
      vertex 60.0001 51.2416 0
    endloop
  endfacet
  facet normal 0 0 -1
    outer loop
      vertex 60.0001 51.2416 0
      vertex 57.5 52 0
      vertex 59.6213 51.4686 0
    endloop
  endfacet
  facet normal 0 0 -1
    outer loop
      vertex 59.2221 51.6575 0
      vertex 57.5 52 0
      vertex 58.8063 51.8062 0
    endloop
  endfacet
  facet normal 0 0 -1
    outer loop
      vertex 58.8063 51.8062 0
      vertex 57.5 52 0
      vertex 58.3779 51.9135 0
    endloop
  endfacet
  facet normal 0 0 -1
    outer loop
      vertex 58.3779 51.9135 0
      vertex 57.5 52 0
      vertex 57.9411 51.9783 0
    endloop
  endfacet
  facet normal 0 0 -1
    outer loop
      vertex 59.6213 51.4686 0
      vertex 57.5 52 0
      vertex 59.2221 51.6575 0
    endloop
  endfacet
  facet normal 0 0 -1
    outer loop
      vertex 60.9785 50.3548 0
      vertex 57.5 52 0
      vertex 60.682 50.682 0
    endloop
  endfacet
  facet normal 0 0 -1
    outer loop
      vertex 61.6575 49.2221 0
      vertex 57.5 52 0
      vertex 61.4686 49.6213 0
    endloop
  endfacet
  facet normal 0 0 -1
    outer loop
      vertex 61.9783 47.9411 0
      vertex 57.5 52 0
      vertex 61.9135 48.3779 0
    endloop
  endfacet
  facet normal -0 0 -1
    outer loop
      vertex 62 47.5 0
      vertex 56.2108 27.1024 0
      vertex 57.5 52 0
    endloop
  endfacet
  facet normal 0 0 -1
    outer loop
      vertex 56.1055 27.0393 0
      vertex 57.5 52 0
      vertex 56.2108 27.1024 0
    endloop
  endfacet
  facet normal 0 0 -1
    outer loop
      vertex 56.007 26.9663 0
      vertex 57.5 52 0
      vertex 56.1055 27.0393 0
    endloop
  endfacet
  facet normal 0 0 -1
    outer loop
      vertex 55.9161 26.8839 0
      vertex 57.5 52 0
      vertex 56.007 26.9663 0
    endloop
  endfacet
  facet normal 0 0 -1
    outer loop
      vertex 55.8337 26.793 0
      vertex 57.5 52 0
      vertex 55.9161 26.8839 0
    endloop
  endfacet
  facet normal 0 0 -1
    outer loop
      vertex 55.7607 26.6945 0
      vertex 57.5 52 0
      vertex 55.8337 26.793 0
    endloop
  endfacet
  facet normal 0 0 -1
    outer loop
      vertex 55.6976 26.5892 0
      vertex 57.5 52 0
      vertex 55.7607 26.6945 0
    endloop
  endfacet
  facet normal 0 0 -1
    outer loop
      vertex 6.3024 26.5892 0
      vertex 55.6976 26.5892 0
      vertex 55.6451 26.4784 0
    endloop
  endfacet
  facet normal 0 0 -1
    outer loop
      vertex 6.35485 26.4784 0
      vertex 55.6451 26.4784 0
      vertex 55.6038 26.3629 0
    endloop
  endfacet
  facet normal 0 0 -1
    outer loop
      vertex 6.39618 26.3629 0
      vertex 55.6038 26.3629 0
      vertex 55.574 26.2439 0
    endloop
  endfacet
  facet normal 0 0 -1
    outer loop
      vertex 6.42598 26.2439 0
      vertex 55.574 26.2439 0
      vertex 55.556 26.1225 0
    endloop
  endfacet
  facet normal 0 0 -1
    outer loop
      vertex 6.45 26 0
      vertex 55.556 26.1225 0
      vertex 55.55 26 0
    endloop
  endfacet
  facet normal 0 0 -1
    outer loop
      vertex 6.44398 26.1225 0
      vertex 55.556 26.1225 0
      vertex 6.45 26 0
    endloop
  endfacet
  facet normal 0 0 -1
    outer loop
      vertex 6.42598 26.2439 0
      vertex 55.556 26.1225 0
      vertex 6.44398 26.1225 0
    endloop
  endfacet
  facet normal 0 0 -1
    outer loop
      vertex 55.574 26.2439 0
      vertex 6.42598 26.2439 0
      vertex 6.39618 26.3629 0
    endloop
  endfacet
  facet normal 0 0 -1
    outer loop
      vertex 55.6038 26.3629 0
      vertex 6.39618 26.3629 0
      vertex 6.35485 26.4784 0
    endloop
  endfacet
  facet normal 0 0 -1
    outer loop
      vertex 55.6451 26.4784 0
      vertex 6.35485 26.4784 0
      vertex 6.3024 26.5892 0
    endloop
  endfacet
  facet normal 0 0 -1
    outer loop
      vertex 55.6976 26.5892 0
      vertex 6.3024 26.5892 0
      vertex 57.5 52 0
    endloop
  endfacet
  facet normal 0 0 -1
    outer loop
      vertex 4.5 52 0
      vertex 6.3024 26.5892 0
      vertex 6.23934 26.6945 0
    endloop
  endfacet
  facet normal 0 0 -1
    outer loop
      vertex 4.5 52 0
      vertex 6.23934 26.6945 0
      vertex 6.16626 26.793 0
    endloop
  endfacet
  facet normal 0 0 -1
    outer loop
      vertex 4.5 52 0
      vertex 6.16626 26.793 0
      vertex 6.08388 26.8839 0
    endloop
  endfacet
  facet normal 0 0 -1
    outer loop
      vertex 4.5 52 0
      vertex 6.08388 26.8839 0
      vertex 5.99299 26.9663 0
    endloop
  endfacet
  facet normal 0 0 -1
    outer loop
      vertex 4.5 52 0
      vertex 5.99299 26.9663 0
      vertex 5.89446 27.0393 0
    endloop
  endfacet
  facet normal 0 0 -1
    outer loop
      vertex 4.5 52 0
      vertex 5.89446 27.0393 0
      vertex 5.78925 27.1024 0
    endloop
  endfacet
  facet normal 0 0 -1
    outer loop
      vertex 0 47.5 0
      vertex 5.78925 27.1024 0
      vertex 5.67835 27.1549 0
    endloop
  endfacet
  facet normal 0 0 -1
    outer loop
      vertex 0 47.5 0
      vertex 5.67835 27.1549 0
      vertex 5.56286 27.1962 0
    endloop
  endfacet
  facet normal 0 0 -1
    outer loop
      vertex 0 47.5 0
      vertex 5.56286 27.1962 0
      vertex 5.44386 27.226 0
    endloop
  endfacet
  facet normal 0 0 -1
    outer loop
      vertex 0 47.5 0
      vertex 5.44386 27.226 0
      vertex 5.32252 27.244 0
    endloop
  endfacet
  facet normal 0 0 -1
    outer loop
      vertex 0 47.5 0
      vertex 5.32252 27.244 0
      vertex 5.2 27.25 0
    endloop
  endfacet
  facet normal 0 0 -1
    outer loop
      vertex 0 47.5 0
      vertex 5.2 27.25 0
      vertex 5.07748 27.244 0
    endloop
  endfacet
  facet normal 0 0 -1
    outer loop
      vertex 0 47.5 0
      vertex 5.07748 27.244 0
      vertex 4.95614 27.226 0
    endloop
  endfacet
  facet normal 0 0 -1
    outer loop
      vertex 0 47.5 0
      vertex 4.95614 27.226 0
      vertex 4.83714 27.1962 0
    endloop
  endfacet
  facet normal 0 0 -1
    outer loop
      vertex 0 47.5 0
      vertex 4.83714 27.1962 0
      vertex 4.72165 27.1549 0
    endloop
  endfacet
  facet normal 0 0 -1
    outer loop
      vertex 6.3024 26.5892 0
      vertex 4.5 52 0
      vertex 57.5 52 0
    endloop
  endfacet
  facet normal 0 0 -1
    outer loop
      vertex 0 47.5 0
      vertex 4.72165 27.1549 0
      vertex 4.61075 27.1024 0
    endloop
  endfacet
  facet normal 0 0 -1
    outer loop
      vertex 0 47.5 0
      vertex 4.61075 27.1024 0
      vertex 4.50554 27.0393 0
    endloop
  endfacet
  facet normal 0 0 -1
    outer loop
      vertex 0 47.5 0
      vertex 4.50554 27.0393 0
      vertex 4.40701 26.9663 0
    endloop
  endfacet
  facet normal 0 0 -1
    outer loop
      vertex 0 47.5 0
      vertex 4.40701 26.9663 0
      vertex 4.31612 26.8839 0
    endloop
  endfacet
  facet normal 0 0 -1
    outer loop
      vertex 0 47.5 0
      vertex 4.31612 26.8839 0
      vertex 4.23374 26.793 0
    endloop
  endfacet
  facet normal 0 0 -1
    outer loop
      vertex 0 47.5 0
      vertex 4.23374 26.793 0
      vertex 4.16066 26.6945 0
    endloop
  endfacet
  facet normal 0 0 -1
    outer loop
      vertex 0 47.5 0
      vertex 4.16066 26.6945 0
      vertex 4.0976 26.5892 0
    endloop
  endfacet
  facet normal 0 0 -1
    outer loop
      vertex 5.78925 27.1024 0
      vertex 0 47.5 0
      vertex 4.5 52 0
    endloop
  endfacet
  facet normal 0 0 -1
    outer loop
      vertex 0 47.5 0
      vertex 4.0976 26.5892 0
      vertex 4.04515 26.4784 0
    endloop
  endfacet
  facet normal 0 0 -1
    outer loop
      vertex 0 47.5 0
      vertex 4.04515 26.4784 0
      vertex 4.00382 26.3629 0
    endloop
  endfacet
  facet normal 0 0 -1
    outer loop
      vertex 0 47.5 0
      vertex 4.00382 26.3629 0
      vertex 3.97402 26.2439 0
    endloop
  endfacet
  facet normal 0 0 -1
    outer loop
      vertex 0 47.5 0
      vertex 3.97402 26.2439 0
      vertex 3.95602 26.1225 0
    endloop
  endfacet
  facet normal 0 0 -1
    outer loop
      vertex 0 47.5 0
      vertex 3.95602 26.1225 0
      vertex 3.95 26 0
    endloop
  endfacet
  facet normal -0 0 -1
    outer loop
      vertex 3.95602 25.8775 0
      vertex 0 4.5 0
      vertex 3.95 26 0
    endloop
  endfacet
  facet normal 0 0 -1
    outer loop
      vertex 0 47.5 0
      vertex 3.95 26 0
      vertex 0 4.5 0
    endloop
  endfacet
  facet normal 0 0 -1
    outer loop
      vertex 0 4.5 0
      vertex 3.6221 0.0864716 0
      vertex 3.19373 0.193771 0
    endloop
  endfacet
  facet normal 0 0 -1
    outer loop
      vertex 4.5 52 0
      vertex 0 47.5 0
      vertex 4.05893 51.9783 0
    endloop
  endfacet
  facet normal 0 0 -1
    outer loop
      vertex 0 4.5 0
      vertex 3.19373 0.193771 0
      vertex 2.77792 0.342545 0
    endloop
  endfacet
  facet normal 0 0 -1
    outer loop
      vertex 4.05893 51.9783 0
      vertex 0 47.5 0
      vertex 3.6221 51.9135 0
    endloop
  endfacet
  facet normal 0 0 -1
    outer loop
      vertex 0 4.5 0
      vertex 2.77792 0.342545 0
      vertex 2.37871 0.531357 0
    endloop
  endfacet
  facet normal 0 0 -1
    outer loop
      vertex 3.6221 51.9135 0
      vertex 0 47.5 0
      vertex 3.19373 51.8062 0
    endloop
  endfacet
  facet normal 0 0 -1
    outer loop
      vertex 0 4.5 0
      vertex 2.37871 0.531357 0
      vertex 1.99994 0.758392 0
    endloop
  endfacet
  facet normal 0 0 -1
    outer loop
      vertex 3.19373 51.8062 0
      vertex 0 47.5 0
      vertex 2.77792 51.6575 0
    endloop
  endfacet
  facet normal 0 0 -1
    outer loop
      vertex 0 4.5 0
      vertex 1.99994 0.758392 0
      vertex 1.64523 1.02145 0
    endloop
  endfacet
  facet normal 0 0 -1
    outer loop
      vertex 2.77792 51.6575 0
      vertex 0 47.5 0
      vertex 2.37871 51.4686 0
    endloop
  endfacet
  facet normal 0 0 -1
    outer loop
      vertex 0 4.5 0
      vertex 1.64523 1.02145 0
      vertex 1.31802 1.31802 0
    endloop
  endfacet
  facet normal 0 0 -1
    outer loop
      vertex 2.37871 51.4686 0
      vertex 0 47.5 0
      vertex 1.99994 51.2416 0
    endloop
  endfacet
  facet normal 0 0 -1
    outer loop
      vertex 0 4.5 0
      vertex 1.31802 1.31802 0
      vertex 1.02145 1.64523 0
    endloop
  endfacet
  facet normal 0 0 -1
    outer loop
      vertex 1.99994 51.2416 0
      vertex 0 47.5 0
      vertex 1.64523 50.9785 0
    endloop
  endfacet
  facet normal 0 0 -1
    outer loop
      vertex 0 4.5 0
      vertex 1.02145 1.64523 0
      vertex 0.758392 1.99994 0
    endloop
  endfacet
  facet normal 0 0 -1
    outer loop
      vertex 1.64523 50.9785 0
      vertex 0 47.5 0
      vertex 1.31802 50.682 0
    endloop
  endfacet
  facet normal 0 0 -1
    outer loop
      vertex 0 4.5 0
      vertex 0.758392 1.99994 0
      vertex 0.531357 2.37871 0
    endloop
  endfacet
  facet normal 0 0 -1
    outer loop
      vertex 1.31802 50.682 0
      vertex 0 47.5 0
      vertex 1.02145 50.3548 0
    endloop
  endfacet
  facet normal 0 0 -1
    outer loop
      vertex 0 4.5 0
      vertex 0.531357 2.37871 0
      vertex 0.342545 2.77792 0
    endloop
  endfacet
  facet normal 0 0 -1
    outer loop
      vertex 1.02145 50.3548 0
      vertex 0 47.5 0
      vertex 0.758392 50.0001 0
    endloop
  endfacet
  facet normal 0 0 -1
    outer loop
      vertex 0 4.5 0
      vertex 0.342545 2.77792 0
      vertex 0.193771 3.19373 0
    endloop
  endfacet
  facet normal 0 0 -1
    outer loop
      vertex 0.758392 50.0001 0
      vertex 0 47.5 0
      vertex 0.531357 49.6213 0
    endloop
  endfacet
  facet normal 0 0 -1
    outer loop
      vertex 0 4.5 0
      vertex 0.193771 3.19373 0
      vertex 0.0864716 3.6221 0
    endloop
  endfacet
  facet normal 0 0 -1
    outer loop
      vertex 0.531357 49.6213 0
      vertex 0 47.5 0
      vertex 0.342545 49.2221 0
    endloop
  endfacet
  facet normal 0 0 -1
    outer loop
      vertex 0 4.5 0
      vertex 0.0864716 3.6221 0
      vertex 0.0216675 4.05893 0
    endloop
  endfacet
  facet normal 0 0 -1
    outer loop
      vertex 0.342545 49.2221 0
      vertex 0 47.5 0
      vertex 0.193771 48.8063 0
    endloop
  endfacet
  facet normal 0 0 -1
    outer loop
      vertex 0.193771 48.8063 0
      vertex 0 47.5 0
      vertex 0.0864716 48.3779 0
    endloop
  endfacet
  facet normal 0 0 -1
    outer loop
      vertex 0.0864716 48.3779 0
      vertex 0 47.5 0
      vertex 0.0216675 47.9411 0
    endloop
  endfacet
  facet normal -0.0490657 -0.998796 0
    outer loop
      vertex 4.05893 0.0216675 0
      vertex 4.5 0 30.6
      vertex 4.05893 0.0216675 30.6
    endloop
  endfacet
  facet normal -0.0490657 -0.998796 -0
    outer loop
      vertex 4.5 0 30.6
      vertex 4.05893 0.0216675 0
      vertex 4.5 0 0
    endloop
  endfacet
  facet normal -0.242977 -0.970032 0
    outer loop
      vertex 3.19373 0.193771 0
      vertex 3.6221 0.0864716 30.6
      vertex 3.19373 0.193771 30.6
    endloop
  endfacet
  facet normal -0.242977 -0.970032 -0
    outer loop
      vertex 3.6221 0.0864716 30.6
      vertex 3.19373 0.193771 0
      vertex 3.6221 0.0864716 0
    endloop
  endfacet
  facet normal -0.595681 -0.803221 0
    outer loop
      vertex 1.64523 1.02145 0
      vertex 1.99994 0.758392 30.6
      vertex 1.64523 1.02145 30.6
    endloop
  endfacet
  facet normal -0.595681 -0.803221 -0
    outer loop
      vertex 1.99994 0.758392 30.6
      vertex 1.64523 1.02145 0
      vertex 1.99994 0.758392 0
    endloop
  endfacet
  facet normal -0.514118 -0.85772 0
    outer loop
      vertex 1.99994 0.758392 0
      vertex 2.37871 0.531357 30.6
      vertex 1.99994 0.758392 30.6
    endloop
  endfacet
  facet normal -0.514118 -0.85772 -0
    outer loop
      vertex 2.37871 0.531357 30.6
      vertex 1.99994 0.758392 0
      vertex 2.37871 0.531357 0
    endloop
  endfacet
  facet normal 0.989176 -0.146736 0
    outer loop
      vertex 61.9135 3.6221 30.6
      vertex 61.9783 4.05893 0
      vertex 61.9783 4.05893 30.6
    endloop
  endfacet
  facet normal 0.989176 -0.146736 0
    outer loop
      vertex 61.9783 4.05893 0
      vertex 61.9135 3.6221 30.6
      vertex 61.9135 3.6221 0
    endloop
  endfacet
  facet normal 0.514088 -0.857738 0
    outer loop
      vertex 59.6213 0.531357 0
      vertex 60.0001 0.758392 30.6
      vertex 59.6213 0.531357 30.6
    endloop
  endfacet
  facet normal 0.514088 -0.857738 0
    outer loop
      vertex 60.0001 0.758392 30.6
      vertex 59.6213 0.531357 0
      vertex 60.0001 0.758392 0
    endloop
  endfacet
  facet normal 0.427563 -0.903985 0
    outer loop
      vertex 59.2221 0.342545 0
      vertex 59.6213 0.531357 30.6
      vertex 59.2221 0.342545 30.6
    endloop
  endfacet
  facet normal 0.427563 -0.903985 0
    outer loop
      vertex 59.6213 0.531357 30.6
      vertex 59.2221 0.342545 0
      vertex 59.6213 0.531357 0
    endloop
  endfacet
  facet normal 0.671575 -0.740936 0
    outer loop
      vertex 60.3548 1.02145 0
      vertex 60.682 1.31802 30.6
      vertex 60.3548 1.02145 30.6
    endloop
  endfacet
  facet normal 0.671575 -0.740936 0
    outer loop
      vertex 60.682 1.31802 30.6
      vertex 60.3548 1.02145 0
      vertex 60.682 1.31802 0
    endloop
  endfacet
  facet normal 0.146746 0.989174 -0
    outer loop
      vertex 58.3779 51.9135 0
      vertex 57.9411 51.9783 30.6
      vertex 58.3779 51.9135 30.6
    endloop
  endfacet
  facet normal 0.146746 0.989174 0
    outer loop
      vertex 57.9411 51.9783 30.6
      vertex 58.3779 51.9135 0
      vertex 57.9411 51.9783 0
    endloop
  endfacet
  facet normal 0.242962 0.970036 -0
    outer loop
      vertex 58.8063 51.8062 0
      vertex 58.3779 51.9135 30.6
      vertex 58.8063 51.8062 30.6
    endloop
  endfacet
  facet normal 0.242962 0.970036 0
    outer loop
      vertex 58.3779 51.9135 30.6
      vertex 58.8063 51.8062 0
      vertex 58.3779 51.9135 0
    endloop
  endfacet
  facet normal 0.514029 0.857773 -0
    outer loop
      vertex 60.0001 51.2416 0
      vertex 59.6213 51.4686 30.6
      vertex 60.0001 51.2416 30.6
    endloop
  endfacet
  facet normal 0.514029 0.857773 0
    outer loop
      vertex 59.6213 51.4686 30.6
      vertex 60.0001 51.2416 0
      vertex 59.6213 51.4686 0
    endloop
  endfacet
  facet normal 0.595753 0.803168 -0
    outer loop
      vertex 60.3548 50.9785 0
      vertex 60.0001 51.2416 30.6
      vertex 60.3548 50.9785 30.6
    endloop
  endfacet
  facet normal 0.595753 0.803168 0
    outer loop
      vertex 60.0001 51.2416 30.6
      vertex 60.3548 50.9785 0
      vertex 60.0001 51.2416 0
    endloop
  endfacet
  facet normal 0.671488 0.741015 -0
    outer loop
      vertex 60.682 50.682 0
      vertex 60.3548 50.9785 30.6
      vertex 60.682 50.682 30.6
    endloop
  endfacet
  facet normal 0.671488 0.741015 0
    outer loop
      vertex 60.3548 50.9785 30.6
      vertex 60.682 50.682 0
      vertex 60.3548 50.9785 0
    endloop
  endfacet
  facet normal -0.857738 0.514088 0
    outer loop
      vertex 0.531357 49.6213 0
      vertex 0.758392 50.0001 30.6
      vertex 0.758392 50.0001 0
    endloop
  endfacet
  facet normal -0.857738 0.514088 0
    outer loop
      vertex 0.758392 50.0001 30.6
      vertex 0.531357 49.6213 0
      vertex 0.531357 49.6213 30.6
    endloop
  endfacet
  facet normal -0.803221 -0.595681 0
    outer loop
      vertex 1.02145 1.64523 0
      vertex 0.758392 1.99994 30.6
      vertex 0.758392 1.99994 0
    endloop
  endfacet
  facet normal -0.803221 -0.595681 0
    outer loop
      vertex 0.758392 1.99994 30.6
      vertex 1.02145 1.64523 0
      vertex 1.02145 1.64523 30.6
    endloop
  endfacet
  facet normal -0.90399 -0.427555 0
    outer loop
      vertex 0.531357 2.37871 0
      vertex 0.342545 2.77792 30.6
      vertex 0.342545 2.77792 0
    endloop
  endfacet
  facet normal -0.90399 -0.427555 0
    outer loop
      vertex 0.342545 2.77792 30.6
      vertex 0.531357 2.37871 0
      vertex 0.531357 2.37871 30.6
    endloop
  endfacet
  facet normal -0.85772 -0.514118 0
    outer loop
      vertex 0.758392 1.99994 0
      vertex 0.531357 2.37871 30.6
      vertex 0.531357 2.37871 0
    endloop
  endfacet
  facet normal -0.85772 -0.514118 0
    outer loop
      vertex 0.531357 2.37871 30.6
      vertex 0.758392 1.99994 0
      vertex 0.758392 1.99994 30.6
    endloop
  endfacet
  facet normal 0.941598 0.336738 0
    outer loop
      vertex 61.8062 48.8063 30.6
      vertex 61.6575 49.2221 0
      vertex 61.6575 49.2221 30.6
    endloop
  endfacet
  facet normal 0.941598 0.336738 0
    outer loop
      vertex 61.6575 49.2221 0
      vertex 61.8062 48.8063 30.6
      vertex 61.8062 48.8063 0
    endloop
  endfacet
  facet normal 0.903913 -0.427717 0
    outer loop
      vertex 61.4686 2.37871 30.6
      vertex 61.6575 2.77792 0
      vertex 61.6575 2.77792 30.6
    endloop
  endfacet
  facet normal 0.903913 -0.427717 0
    outer loop
      vertex 61.6575 2.77792 0
      vertex 61.4686 2.37871 30.6
      vertex 61.4686 2.37871 0
    endloop
  endfacet
  facet normal 0.998792 -0.0491391 0
    outer loop
      vertex 61.9783 4.05893 30.6
      vertex 62 4.5 0
      vertex 62 4.5 30.6
    endloop
  endfacet
  facet normal 0.998792 -0.0491391 0
    outer loop
      vertex 62 4.5 0
      vertex 61.9783 4.05893 30.6
      vertex 61.9783 4.05893 0
    endloop
  endfacet
  facet normal 0.741025 -0.671477 0
    outer loop
      vertex 60.682 1.31802 30.6
      vertex 60.9785 1.64523 0
      vertex 60.9785 1.64523 30.6
    endloop
  endfacet
  facet normal 0.741025 -0.671477 0
    outer loop
      vertex 60.9785 1.64523 0
      vertex 60.682 1.31802 30.6
      vertex 60.682 1.31802 0
    endloop
  endfacet
  facet normal -0.514059 0.857755 0
    outer loop
      vertex 2.37871 51.4686 0
      vertex 1.99994 51.2416 30.6
      vertex 2.37871 51.4686 30.6
    endloop
  endfacet
  facet normal -0.514059 0.857755 0
    outer loop
      vertex 1.99994 51.2416 30.6
      vertex 2.37871 51.4686 0
      vertex 1.99994 51.2416 0
    endloop
  endfacet
  facet normal -0.671477 0.741025 0
    outer loop
      vertex 1.64523 50.9785 0
      vertex 1.31802 50.682 30.6
      vertex 1.64523 50.9785 30.6
    endloop
  endfacet
  facet normal -0.671477 0.741025 0
    outer loop
      vertex 1.31802 50.682 30.6
      vertex 1.64523 50.9785 0
      vertex 1.31802 50.682 0
    endloop
  endfacet
  facet normal -0.740936 0.671575 0
    outer loop
      vertex 1.02145 50.3548 0
      vertex 1.31802 50.682 30.6
      vertex 1.31802 50.682 0
    endloop
  endfacet
  facet normal -0.740936 0.671575 0
    outer loop
      vertex 1.31802 50.682 30.6
      vertex 1.02145 50.3548 0
      vertex 1.02145 50.3548 30.6
    endloop
  endfacet
  facet normal -0.941548 -0.336879 0
    outer loop
      vertex 0.342545 2.77792 0
      vertex 0.193771 3.19373 30.6
      vertex 0.193771 3.19373 0
    endloop
  endfacet
  facet normal -0.941548 -0.336879 0
    outer loop
      vertex 0.193771 3.19373 30.6
      vertex 0.342545 2.77792 0
      vertex 0.342545 2.77792 30.6
    endloop
  endfacet
  facet normal 0.803168 0.595753 0
    outer loop
      vertex 61.2416 50.0001 30.6
      vertex 60.9785 50.3548 0
      vertex 60.9785 50.3548 30.6
    endloop
  endfacet
  facet normal 0.803168 0.595753 0
    outer loop
      vertex 60.9785 50.3548 0
      vertex 61.2416 50.0001 30.6
      vertex 61.2416 50.0001 0
    endloop
  endfacet
  facet normal 0.857773 0.514029 0
    outer loop
      vertex 61.4686 49.6213 30.6
      vertex 61.2416 50.0001 0
      vertex 61.2416 50.0001 30.6
    endloop
  endfacet
  facet normal 0.857773 0.514029 0
    outer loop
      vertex 61.2416 50.0001 0
      vertex 61.4686 49.6213 30.6
      vertex 61.4686 49.6213 0
    endloop
  endfacet
  facet normal 0.903908 0.427726 0
    outer loop
      vertex 61.6575 49.2221 30.6
      vertex 61.4686 49.6213 0
      vertex 61.4686 49.6213 30.6
    endloop
  endfacet
  facet normal 0.903908 0.427726 0
    outer loop
      vertex 61.4686 49.6213 0
      vertex 61.6575 49.2221 30.6
      vertex 61.6575 49.2221 0
    endloop
  endfacet
  facet normal 0.989174 0.146746 0
    outer loop
      vertex 61.9783 47.9411 30.6
      vertex 61.9135 48.3779 0
      vertex 61.9135 48.3779 30.6
    endloop
  endfacet
  facet normal 0.989174 0.146746 0
    outer loop
      vertex 61.9135 48.3779 0
      vertex 61.9783 47.9411 30.6
      vertex 61.9783 47.9411 0
    endloop
  endfacet
  facet normal 0.998792 0.0491358 0
    outer loop
      vertex 62 47.5 30.6
      vertex 61.9783 47.9411 0
      vertex 61.9783 47.9411 30.6
    endloop
  endfacet
  facet normal 0.998792 0.0491358 0
    outer loop
      vertex 61.9783 47.9411 0
      vertex 62 47.5 30.6
      vertex 62 47.5 0
    endloop
  endfacet
  facet normal 0.970036 0.242962 0
    outer loop
      vertex 61.9135 48.3779 30.6
      vertex 61.8062 48.8063 0
      vertex 61.8062 48.8063 30.6
    endloop
  endfacet
  facet normal 0.970036 0.242962 0
    outer loop
      vertex 61.8062 48.8063 0
      vertex 61.9135 48.3779 30.6
      vertex 61.9135 48.3779 0
    endloop
  endfacet
  facet normal 0.857755 -0.514059 0
    outer loop
      vertex 61.2416 1.99994 30.6
      vertex 61.4686 2.37871 0
      vertex 61.4686 2.37871 30.6
    endloop
  endfacet
  facet normal 0.857755 -0.514059 0
    outer loop
      vertex 61.4686 2.37871 0
      vertex 61.2416 1.99994 30.6
      vertex 61.2416 1.99994 0
    endloop
  endfacet
  facet normal 0.970032 -0.242978 0
    outer loop
      vertex 61.8062 3.19373 30.6
      vertex 61.9135 3.6221 0
      vertex 61.9135 3.6221 30.6
    endloop
  endfacet
  facet normal 0.970032 -0.242978 0
    outer loop
      vertex 61.9135 3.6221 0
      vertex 61.8062 3.19373 30.6
      vertex 61.8062 3.19373 0
    endloop
  endfacet
  facet normal 0.595691 -0.803213 0
    outer loop
      vertex 60.0001 0.758392 0
      vertex 60.3548 1.02145 30.6
      vertex 60.0001 0.758392 30.6
    endloop
  endfacet
  facet normal 0.595691 -0.803213 0
    outer loop
      vertex 60.3548 1.02145 30.6
      vertex 60.0001 0.758392 0
      vertex 60.3548 1.02145 0
    endloop
  endfacet
  facet normal 0.336887 -0.941545 0
    outer loop
      vertex 58.8063 0.193771 0
      vertex 59.2221 0.342545 30.6
      vertex 58.8063 0.193771 30.6
    endloop
  endfacet
  facet normal 0.336887 -0.941545 0
    outer loop
      vertex 59.2221 0.342545 30.6
      vertex 58.8063 0.193771 0
      vertex 59.2221 0.342545 0
    endloop
  endfacet
  facet normal 0.242961 -0.970036 0
    outer loop
      vertex 58.3779 0.0864716 0
      vertex 58.8063 0.193771 30.6
      vertex 58.3779 0.0864716 30.6
    endloop
  endfacet
  facet normal 0.242961 -0.970036 0
    outer loop
      vertex 58.8063 0.193771 30.6
      vertex 58.3779 0.0864716 0
      vertex 58.8063 0.193771 0
    endloop
  endfacet
  facet normal -0.242978 0.970032 0
    outer loop
      vertex 3.6221 51.9135 0
      vertex 3.19373 51.8062 30.6
      vertex 3.6221 51.9135 30.6
    endloop
  endfacet
  facet normal -0.242978 0.970032 0
    outer loop
      vertex 3.19373 51.8062 30.6
      vertex 3.6221 51.9135 0
      vertex 3.19373 51.8062 0
    endloop
  endfacet
  facet normal -0.146736 0.989176 0
    outer loop
      vertex 4.05893 51.9783 0
      vertex 3.6221 51.9135 30.6
      vertex 4.05893 51.9783 30.6
    endloop
  endfacet
  facet normal -0.146736 0.989176 0
    outer loop
      vertex 3.6221 51.9135 30.6
      vertex 4.05893 51.9783 0
      vertex 3.6221 51.9135 0
    endloop
  endfacet
  facet normal -0.803213 0.595691 0
    outer loop
      vertex 0.758392 50.0001 0
      vertex 1.02145 50.3548 30.6
      vertex 1.02145 50.3548 0
    endloop
  endfacet
  facet normal -0.803213 0.595691 0
    outer loop
      vertex 1.02145 50.3548 30.6
      vertex 0.758392 50.0001 0
      vertex 0.758392 50.0001 30.6
    endloop
  endfacet
  facet normal -0.970032 -0.242977 0
    outer loop
      vertex 0.193771 3.19373 0
      vertex 0.0864716 3.6221 30.6
      vertex 0.0864716 3.6221 0
    endloop
  endfacet
  facet normal -0.970032 -0.242977 0
    outer loop
      vertex 0.0864716 3.6221 30.6
      vertex 0.193771 3.19373 0
      vertex 0.193771 3.19373 30.6
    endloop
  endfacet
  facet normal 0 1 -0
    outer loop
      vertex 55.3594 2.39999 2
      vertex 6.64064 2.39999 30.6
      vertex 55.3594 2.39999 30.6
    endloop
  endfacet
  facet normal 0 1 0
    outer loop
      vertex 6.64064 2.39999 30.6
      vertex 55.3594 2.39999 2
      vertex 6.64064 2.39999 2
    endloop
  endfacet
  facet normal 0 -1 0
    outer loop
      vertex 6.64064 49.6 2
      vertex 55.3594 49.6 30.6
      vertex 6.64064 49.6 30.6
    endloop
  endfacet
  facet normal 0 -1 -0
    outer loop
      vertex 55.3594 49.6 30.6
      vertex 6.64064 49.6 2
      vertex 55.3594 49.6 2
    endloop
  endfacet
  facet normal 1 0 0
    outer loop
      vertex 2.39999 45.3594 30.6
      vertex 2.39999 37 18
      vertex 2.39999 45.3594 2
    endloop
  endfacet
  facet normal 1 0 0
    outer loop
      vertex 2.39999 45.3594 30.6
      vertex 2.39999 29.5 18
      vertex 2.39999 37 18
    endloop
  endfacet
  facet normal 1 0 0
    outer loop
      vertex 2.39999 19 9.5
      vertex 2.39999 29.5 9.5
      vertex 2.39999 29.5 18
    endloop
  endfacet
  facet normal 1 0 0
    outer loop
      vertex 2.39999 29.5 9.5
      vertex 2.39999 24.9312 6.4
      vertex 2.39999 27.0688 6.4
    endloop
  endfacet
  facet normal 1 0 0
    outer loop
      vertex 2.39999 29.5 9.5
      vertex 2.39999 19 9.5
      vertex 2.39999 24.9312 6.4
    endloop
  endfacet
  facet normal 1 0 0
    outer loop
      vertex 2.39999 19 9.5
      vertex 2.39999 29.5 18
      vertex 2.39999 19 18
    endloop
  endfacet
  facet normal 1 -0 0
    outer loop
      vertex 2.39999 6.64064 30.6
      vertex 2.39999 29.5 18
      vertex 2.39999 45.3594 30.6
    endloop
  endfacet
  facet normal 1 0 0
    outer loop
      vertex 2.39999 29.5 18
      vertex 2.39999 6.64064 30.6
      vertex 2.39999 19 18
    endloop
  endfacet
  facet normal 1 0 0
    outer loop
      vertex 2.39999 6.64064 2
      vertex 2.39999 11.5 18
      vertex 2.39999 6.64064 30.6
    endloop
  endfacet
  facet normal 1 0 0
    outer loop
      vertex 2.39999 19 18
      vertex 2.39999 6.64064 30.6
      vertex 2.39999 11.5 18
    endloop
  endfacet
  facet normal 1 -0 0
    outer loop
      vertex 2.39999 37 9.5
      vertex 2.39999 45.3594 2
      vertex 2.39999 37 18
    endloop
  endfacet
  facet normal 1 0 0
    outer loop
      vertex 2.39999 27.0688 2
      vertex 2.39999 37 9.5
      vertex 2.39999 29.5 9.5
    endloop
  endfacet
  facet normal 1 0 0
    outer loop
      vertex 2.39999 27.0688 2
      vertex 2.39999 29.5 9.5
      vertex 2.39999 27.0688 6.4
    endloop
  endfacet
  facet normal 1 0 0
    outer loop
      vertex 2.39999 37 9.5
      vertex 2.39999 27.0688 2
      vertex 2.39999 45.3594 2
    endloop
  endfacet
  facet normal 1 0 0
    outer loop
      vertex 2.39999 24.9312 6.4
      vertex 2.39999 19 9.5
      vertex 2.39999 24.9312 2
    endloop
  endfacet
  facet normal 1 0 0
    outer loop
      vertex 2.39999 6.64064 2
      vertex 2.39999 19 9.5
      vertex 2.39999 11.5 9.5
    endloop
  endfacet
  facet normal 1 0 0
    outer loop
      vertex 2.39999 19 9.5
      vertex 2.39999 6.64064 2
      vertex 2.39999 24.9312 2
    endloop
  endfacet
  facet normal 1 0 0
    outer loop
      vertex 2.39999 11.5 18
      vertex 2.39999 6.64064 2
      vertex 2.39999 11.5 9.5
    endloop
  endfacet
  facet normal -1 0 0
    outer loop
      vertex 59.6 6.64064 2
      vertex 59.6 24.9312 6.4
      vertex 59.6 24.9312 2
    endloop
  endfacet
  facet normal -1 0 0
    outer loop
      vertex 59.6 6.64064 30.6
      vertex 59.6 19.59 20
      vertex 59.6 6.64064 2
    endloop
  endfacet
  facet normal -1 -0 0
    outer loop
      vertex 59.6 24.9312 6.4
      vertex 59.6 6.64064 2
      vertex 59.6 19.59 20
    endloop
  endfacet
  facet normal -1 0 0
    outer loop
      vertex 59.6 45.3594 2
      vertex 59.6 32.41 20
      vertex 59.6 45.3594 30.6
    endloop
  endfacet
  facet normal -1 0 0
    outer loop
      vertex 59.6 27.0688 6.4
      vertex 59.6 45.3594 2
      vertex 59.6 27.0688 2
    endloop
  endfacet
  facet normal -1 0 0
    outer loop
      vertex 59.6 45.3594 2
      vertex 59.6 27.0688 6.4
      vertex 59.6 32.41 20
    endloop
  endfacet
  facet normal -1 0 0
    outer loop
      vertex 59.6 24.9312 6.4
      vertex 59.6 32.41 20
      vertex 59.6 27.0688 6.4
    endloop
  endfacet
  facet normal -1 -0 0
    outer loop
      vertex 59.6 32.41 20
      vertex 59.6 24.9312 6.4
      vertex 59.6 19.59 20
    endloop
  endfacet
  facet normal -1 0 0
    outer loop
      vertex 59.6 32.41 28
      vertex 59.6 45.3594 30.6
      vertex 59.6 32.41 20
    endloop
  endfacet
  facet normal -1 0 0
    outer loop
      vertex 59.6 19.59 28
      vertex 59.6 45.3594 30.6
      vertex 59.6 32.41 28
    endloop
  endfacet
  facet normal -1 0 0
    outer loop
      vertex 59.6 19.59 28
      vertex 59.6 6.64064 30.6
      vertex 59.6 45.3594 30.6
    endloop
  endfacet
  facet normal -1 0 0
    outer loop
      vertex 59.6 19.59 20
      vertex 59.6 6.64064 30.6
      vertex 59.6 19.59 28
    endloop
  endfacet
  facet normal -0 0 1
    outer loop
      vertex 59.5716 24.8519 2
      vertex 59.6 6.64064 2
      vertex 59.6 24.9312 2
    endloop
  endfacet
  facet normal -0 0 1
    outer loop
      vertex 59.4458 24.5858 2
      vertex 59.6 6.64064 2
      vertex 59.5716 24.8519 2
    endloop
  endfacet
  facet normal -0 0 1
    outer loop
      vertex 59.2944 24.3333 2
      vertex 59.6 6.64064 2
      vertex 59.4458 24.5858 2
    endloop
  endfacet
  facet normal -0 0 1
    outer loop
      vertex 59.119 24.0968 2
      vertex 59.6 6.64064 2
      vertex 59.2944 24.3333 2
    endloop
  endfacet
  facet normal -0 0 1
    outer loop
      vertex 58.9213 23.8787 2
      vertex 59.6 6.64064 2
      vertex 59.119 24.0968 2
    endloop
  endfacet
  facet normal 0 0 1
    outer loop
      vertex 59.6 6.64064 2
      vertex 58.9213 23.8787 2
      vertex 59.4032 6.81903 2
    endloop
  endfacet
  facet normal -0 0 1
    outer loop
      vertex 58.7032 23.681 2
      vertex 59.4032 6.81903 2
      vertex 58.9213 23.8787 2
    endloop
  endfacet
  facet normal 0 0 1
    outer loop
      vertex 59.4032 6.81903 2
      vertex 58.7032 23.681 2
      vertex 59.1667 6.99441 2
    endloop
  endfacet
  facet normal -0 0 1
    outer loop
      vertex 58.4667 23.5056 2
      vertex 59.1667 6.99441 2
      vertex 58.7032 23.681 2
    endloop
  endfacet
  facet normal 0 0 1
    outer loop
      vertex 59.1667 6.99441 2
      vertex 58.4667 23.5056 2
      vertex 58.9142 7.14576 2
    endloop
  endfacet
  facet normal -0 0 1
    outer loop
      vertex 58.2142 23.3542 2
      vertex 58.9142 7.14576 2
      vertex 58.4667 23.5056 2
    endloop
  endfacet
  facet normal 0 0 1
    outer loop
      vertex 58.9142 7.14576 2
      vertex 58.2142 23.3542 2
      vertex 58.648 7.27164 2
    endloop
  endfacet
  facet normal -0 0 1
    outer loop
      vertex 57.9481 23.2284 2
      vertex 58.648 7.27164 2
      vertex 58.2142 23.3542 2
    endloop
  endfacet
  facet normal 0 0 1
    outer loop
      vertex 58.648 7.27164 2
      vertex 57.9481 23.2284 2
      vertex 58.3709 7.37082 2
    endloop
  endfacet
  facet normal -0 0 1
    outer loop
      vertex 57.6709 23.1292 2
      vertex 58.3709 7.37082 2
      vertex 57.9481 23.2284 2
    endloop
  endfacet
  facet normal 0 0 1
    outer loop
      vertex 58.3709 7.37082 2
      vertex 57.6709 23.1292 2
      vertex 58.0853 7.44236 2
    endloop
  endfacet
  facet normal -0 0 1
    outer loop
      vertex 57.3853 23.0576 2
      vertex 58.0853 7.44236 2
      vertex 57.6709 23.1292 2
    endloop
  endfacet
  facet normal 0 0 1
    outer loop
      vertex 58.0853 7.44236 2
      vertex 57.3853 23.0576 2
      vertex 57.7941 7.48555 2
    endloop
  endfacet
  facet normal -0 0 1
    outer loop
      vertex 57.0941 23.0144 2
      vertex 57.7941 7.48555 2
      vertex 57.3853 23.0576 2
    endloop
  endfacet
  facet normal 0 0 1
    outer loop
      vertex 57.7941 7.48555 2
      vertex 57.0941 23.0144 2
      vertex 57.5 7.5 2
    endloop
  endfacet
  facet normal -0 0 1
    outer loop
      vertex 56.8 23 2
      vertex 57.5 7.5 2
      vertex 57.0941 23.0144 2
    endloop
  endfacet
  facet normal 0 0 1
    outer loop
      vertex 57.5 7.5 2
      vertex 56.8 23 2
      vertex 57.2059 7.48555 2
    endloop
  endfacet
  facet normal 0 0 1
    outer loop
      vertex 56.5059 23.0144 2
      vertex 57.2059 7.48555 2
      vertex 56.8 23 2
    endloop
  endfacet
  facet normal 0 0 1
    outer loop
      vertex 57.2059 7.48555 2
      vertex 56.5059 23.0144 2
      vertex 56.9147 7.44236 2
    endloop
  endfacet
  facet normal 0 0 1
    outer loop
      vertex 56.2147 23.0576 2
      vertex 56.9147 7.44236 2
      vertex 56.5059 23.0144 2
    endloop
  endfacet
  facet normal 0 0 1
    outer loop
      vertex 56.9147 7.44236 2
      vertex 56.2147 23.0576 2
      vertex 56.6291 7.37082 2
    endloop
  endfacet
  facet normal -0 0 1
    outer loop
      vertex 47.2048 10.9785 2
      vertex 56.6291 7.37082 2
      vertex 56.2147 23.0576 2
    endloop
  endfacet
  facet normal 0 0 1
    outer loop
      vertex 56.6291 7.37082 2
      vertex 47.2048 10.9785 2
      vertex 56.352 7.27164 2
    endloop
  endfacet
  facet normal 0 0 1
    outer loop
      vertex 47.2048 10.9785 2
      vertex 56.2147 23.0576 2
      vertex 55.9291 23.1292 2
    endloop
  endfacet
  facet normal -0 -0 1
    outer loop
      vertex 47.3097 10.7567 2
      vertex 56.352 7.27164 2
      vertex 47.2048 10.9785 2
    endloop
  endfacet
  facet normal 0 0 1
    outer loop
      vertex 47.0787 11.1889 2
      vertex 55.9291 23.1292 2
      vertex 55.6519 23.2284 2
    endloop
  endfacet
  facet normal 0 0 1
    outer loop
      vertex 56.352 7.27164 2
      vertex 47.3097 10.7567 2
      vertex 56.0858 7.14576 2
    endloop
  endfacet
  facet normal 0 0 1
    outer loop
      vertex 46.7678 11.5678 2
      vertex 55.6519 23.2284 2
      vertex 55.3858 23.3542 2
    endloop
  endfacet
  facet normal -0 -0 1
    outer loop
      vertex 47.3923 10.5257 2
      vertex 56.0858 7.14576 2
      vertex 47.3097 10.7567 2
    endloop
  endfacet
  facet normal 0 0 1
    outer loop
      vertex 56.0858 7.14576 2
      vertex 47.3923 10.5257 2
      vertex 55.8333 6.99441 2
    endloop
  endfacet
  facet normal 0 0 1
    outer loop
      vertex 46.586 11.7325 2
      vertex 55.3858 23.3542 2
      vertex 55.1333 23.5056 2
    endloop
  endfacet
  facet normal -0 -0 1
    outer loop
      vertex 47.452 10.2877 2
      vertex 55.8333 6.99441 2
      vertex 47.3923 10.5257 2
    endloop
  endfacet
  facet normal 0 0 1
    outer loop
      vertex 46.3889 11.8787 2
      vertex 55.1333 23.5056 2
      vertex 54.8968 23.681 2
    endloop
  endfacet
  facet normal 0 0 1
    outer loop
      vertex 55.8333 6.99441 2
      vertex 47.452 10.2877 2
      vertex 55.5968 6.81903 2
    endloop
  endfacet
  facet normal -0 -0 1
    outer loop
      vertex 47.488 10.045 2
      vertex 55.5968 6.81903 2
      vertex 47.452 10.2877 2
    endloop
  endfacet
  facet normal 0 0 1
    outer loop
      vertex 46.1785 12.0048 2
      vertex 54.8968 23.681 2
      vertex 54.6787 23.8787 2
    endloop
  endfacet
  facet normal -0 -0 1
    outer loop
      vertex 47.5 9.8 2
      vertex 55.3787 6.62132 2
      vertex 47.488 10.045 2
    endloop
  endfacet
  facet normal 0 0 1
    outer loop
      vertex 55.3787 6.62132 2
      vertex 47.5 9.8 2
      vertex 55.181 6.40318 2
    endloop
  endfacet
  facet normal -0 0 1
    outer loop
      vertex 47.488 9.55496 2
      vertex 55.181 6.40318 2
      vertex 47.5 9.8 2
    endloop
  endfacet
  facet normal 0 0 1
    outer loop
      vertex 55.181 6.40318 2
      vertex 47.488 9.55496 2
      vertex 55.0056 6.16671 2
    endloop
  endfacet
  facet normal 0 0 1
    outer loop
      vertex 45.9567 12.1097 2
      vertex 54.6787 23.8787 2
      vertex 54.481 24.0968 2
    endloop
  endfacet
  facet normal 0 0 1
    outer loop
      vertex 45.7257 12.1924 2
      vertex 54.481 24.0968 2
      vertex 54.3056 24.3333 2
    endloop
  endfacet
  facet normal 0 0 1
    outer loop
      vertex 45.4877 12.252 2
      vertex 54.3056 24.3333 2
      vertex 54.1542 24.5858 2
    endloop
  endfacet
  facet normal 0 0 1
    outer loop
      vertex 45.245 12.288 2
      vertex 54.1542 24.5858 2
      vertex 54.0284 24.8519 2
    endloop
  endfacet
  facet normal 0 0 1
    outer loop
      vertex 45 12.3 2
      vertex 54.0284 24.8519 2
      vertex 53.9292 25.1291 2
    endloop
  endfacet
  facet normal 0 0 1
    outer loop
      vertex 44.755 12.288 2
      vertex 53.9292 25.1291 2
      vertex 53.8576 25.4147 2
    endloop
  endfacet
  facet normal 0 0 1
    outer loop
      vertex 44.5123 12.252 2
      vertex 53.8576 25.4147 2
      vertex 53.8144 25.7059 2
    endloop
  endfacet
  facet normal 0 0 1
    outer loop
      vertex 44.2743 12.1924 2
      vertex 53.8144 25.7059 2
      vertex 53.8 26 2
    endloop
  endfacet
  facet normal 0 0 1
    outer loop
      vertex 55.1333 28.4944 2
      vertex 46.3889 40.1213 2
      vertex 54.8968 28.319 2
    endloop
  endfacet
  facet normal -0 0 1
    outer loop
      vertex 46.1785 39.9952 2
      vertex 54.8968 28.319 2
      vertex 46.3889 40.1213 2
    endloop
  endfacet
  facet normal 0 0 1
    outer loop
      vertex 54.8968 28.319 2
      vertex 46.1785 39.9952 2
      vertex 54.6787 28.1213 2
    endloop
  endfacet
  facet normal -0 0 1
    outer loop
      vertex 45.9567 39.8903 2
      vertex 54.6787 28.1213 2
      vertex 46.1785 39.9952 2
    endloop
  endfacet
  facet normal -0 0 1
    outer loop
      vertex 47.0787 8.41107 2
      vertex 54.6292 5.37085 2
      vertex 47.2048 8.62151 2
    endloop
  endfacet
  facet normal 0 0 1
    outer loop
      vertex 54.6292 5.37085 2
      vertex 47.0787 8.41107 2
      vertex 54.5576 5.08527 2
    endloop
  endfacet
  facet normal -0 0 1
    outer loop
      vertex 46.9325 8.21402 2
      vertex 54.5576 5.08527 2
      vertex 47.0787 8.41107 2
    endloop
  endfacet
  facet normal 0 0 1
    outer loop
      vertex 54.5576 5.08527 2
      vertex 46.9325 8.21402 2
      vertex 54.5144 4.79405 2
    endloop
  endfacet
  facet normal -0 0 1
    outer loop
      vertex 46.7678 8.03223 2
      vertex 54.5144 4.79405 2
      vertex 46.9325 8.21402 2
    endloop
  endfacet
  facet normal 0 0 1
    outer loop
      vertex 54.5144 4.79405 2
      vertex 46.7678 8.03223 2
      vertex 54.5 4.5 2
    endloop
  endfacet
  facet normal -0 0 1
    outer loop
      vertex 46.586 7.86747 2
      vertex 54.5 4.5 2
      vertex 46.7678 8.03223 2
    endloop
  endfacet
  facet normal 0 0 1
    outer loop
      vertex 54.5 4.5 2
      vertex 46.586 7.86747 2
      vertex 54.5144 4.20595 2
    endloop
  endfacet
  facet normal -0 0 1
    outer loop
      vertex 46.3889 7.72133 2
      vertex 54.5144 4.20595 2
      vertex 46.586 7.86747 2
    endloop
  endfacet
  facet normal 0 0 1
    outer loop
      vertex 54.5144 4.20595 2
      vertex 46.3889 7.72133 2
      vertex 54.5576 3.91473 2
    endloop
  endfacet
  facet normal -0 0 1
    outer loop
      vertex 46.1785 7.5952 2
      vertex 54.5576 3.91473 2
      vertex 46.3889 7.72133 2
    endloop
  endfacet
  facet normal 0 0 1
    outer loop
      vertex 54.5576 3.91473 2
      vertex 46.1785 7.5952 2
      vertex 54.6292 3.62915 2
    endloop
  endfacet
  facet normal -0 0 1
    outer loop
      vertex 45.9567 7.4903 2
      vertex 54.6292 3.62915 2
      vertex 46.1785 7.5952 2
    endloop
  endfacet
  facet normal 0 0 1
    outer loop
      vertex 54.6292 3.62915 2
      vertex 45.9567 7.4903 2
      vertex 54.7284 3.35195 2
    endloop
  endfacet
  facet normal -0 0 1
    outer loop
      vertex 45.7257 7.40765 2
      vertex 54.7284 3.35195 2
      vertex 45.9567 7.4903 2
    endloop
  endfacet
  facet normal 0 0 1
    outer loop
      vertex 54.7284 3.35195 2
      vertex 45.7257 7.40765 2
      vertex 54.8542 3.08581 2
    endloop
  endfacet
  facet normal -0 0 1
    outer loop
      vertex 45.4877 7.34804 2
      vertex 54.8542 3.08581 2
      vertex 45.7257 7.40765 2
    endloop
  endfacet
  facet normal 0 0 1
    outer loop
      vertex 54.8542 3.08581 2
      vertex 45.4877 7.34804 2
      vertex 55.0056 2.83329 2
    endloop
  endfacet
  facet normal -0 0 1
    outer loop
      vertex 45.245 7.31204 2
      vertex 55.0056 2.83329 2
      vertex 45.4877 7.34804 2
    endloop
  endfacet
  facet normal 0 0 1
    outer loop
      vertex 55.0056 2.83329 2
      vertex 45.245 7.31204 2
      vertex 55.181 2.59682 2
    endloop
  endfacet
  facet normal -0 0 1
    outer loop
      vertex 45 7.3 2
      vertex 55.181 2.59682 2
      vertex 45.245 7.31204 2
    endloop
  endfacet
  facet normal 0 0 1
    outer loop
      vertex 55.181 2.59682 2
      vertex 45 7.3 2
      vertex 55.3594 2.39999 2
    endloop
  endfacet
  facet normal 0 0 1
    outer loop
      vertex 44.755 7.31204 2
      vertex 55.3594 2.39999 2
      vertex 45 7.3 2
    endloop
  endfacet
  facet normal 0 0 1
    outer loop
      vertex 44.5123 7.34804 2
      vertex 55.3594 2.39999 2
      vertex 44.755 7.31204 2
    endloop
  endfacet
  facet normal 0 0 1
    outer loop
      vertex 44.2743 7.40765 2
      vertex 55.3594 2.39999 2
      vertex 44.5123 7.34804 2
    endloop
  endfacet
  facet normal 0 0 1
    outer loop
      vertex 21.7257 7.40765 2
      vertex 44.2743 7.40765 2
      vertex 44.0433 7.4903 2
    endloop
  endfacet
  facet normal 0 0 1
    outer loop
      vertex 22.586 11.7325 2
      vertex 43.414 11.7325 2
      vertex 22.586 40.2675 2
    endloop
  endfacet
  facet normal 0 0 1
    outer loop
      vertex 43.414 11.7325 2
      vertex 22.586 11.7325 2
      vertex 43.2322 11.5678 2
    endloop
  endfacet
  facet normal 0 -0 1
    outer loop
      vertex 22.7678 11.5678 2
      vertex 43.2322 11.5678 2
      vertex 22.586 11.7325 2
    endloop
  endfacet
  facet normal 0 0 1
    outer loop
      vertex 43.2322 11.5678 2
      vertex 22.7678 11.5678 2
      vertex 43.0675 11.386 2
    endloop
  endfacet
  facet normal 0 -0 1
    outer loop
      vertex 22.9325 11.386 2
      vertex 43.0675 11.386 2
      vertex 22.7678 11.5678 2
    endloop
  endfacet
  facet normal 0 0 1
    outer loop
      vertex 43.0675 11.386 2
      vertex 22.9325 11.386 2
      vertex 42.9213 11.1889 2
    endloop
  endfacet
  facet normal 0 0 1
    outer loop
      vertex 23.3923 9.07429 2
      vertex 42.6077 9.07429 2
      vertex 23.452 9.31227 2
    endloop
  endfacet
  facet normal 0 0 1
    outer loop
      vertex 42.6077 9.07429 2
      vertex 23.3923 9.07429 2
      vertex 42.6903 8.84329 2
    endloop
  endfacet
  facet normal 0 0 1
    outer loop
      vertex 23.3097 8.84329 2
      vertex 42.6903 8.84329 2
      vertex 23.3923 9.07429 2
    endloop
  endfacet
  facet normal 0 0 1
    outer loop
      vertex 42.6903 8.84329 2
      vertex 23.3097 8.84329 2
      vertex 42.7952 8.62151 2
    endloop
  endfacet
  facet normal 0 0 1
    outer loop
      vertex 23.2048 8.62151 2
      vertex 42.7952 8.62151 2
      vertex 23.3097 8.84329 2
    endloop
  endfacet
  facet normal 0 0 1
    outer loop
      vertex 42.7952 8.62151 2
      vertex 23.2048 8.62151 2
      vertex 42.9213 8.41107 2
    endloop
  endfacet
  facet normal 0 0 1
    outer loop
      vertex 23.0787 8.41107 2
      vertex 42.9213 8.41107 2
      vertex 23.2048 8.62151 2
    endloop
  endfacet
  facet normal 0 0 1
    outer loop
      vertex 42.9213 8.41107 2
      vertex 23.0787 8.41107 2
      vertex 43.0675 8.21402 2
    endloop
  endfacet
  facet normal 0 0 1
    outer loop
      vertex 22.9325 8.21402 2
      vertex 43.0675 8.21402 2
      vertex 23.0787 8.41107 2
    endloop
  endfacet
  facet normal 0 0 1
    outer loop
      vertex 43.0675 8.21402 2
      vertex 22.9325 8.21402 2
      vertex 43.2322 8.03223 2
    endloop
  endfacet
  facet normal 0 0 1
    outer loop
      vertex 22.7678 8.03223 2
      vertex 43.2322 8.03223 2
      vertex 22.9325 8.21402 2
    endloop
  endfacet
  facet normal 0 0 1
    outer loop
      vertex 43.2322 8.03223 2
      vertex 22.7678 8.03223 2
      vertex 43.414 7.86747 2
    endloop
  endfacet
  facet normal 0 0 1
    outer loop
      vertex 22.586 7.86747 2
      vertex 43.414 7.86747 2
      vertex 22.7678 8.03223 2
    endloop
  endfacet
  facet normal 0 0 1
    outer loop
      vertex 43.414 7.86747 2
      vertex 22.586 7.86747 2
      vertex 43.6111 7.72133 2
    endloop
  endfacet
  facet normal 0 0 1
    outer loop
      vertex 22.3889 7.72133 2
      vertex 43.6111 7.72133 2
      vertex 22.586 7.86747 2
    endloop
  endfacet
  facet normal 0 0 1
    outer loop
      vertex 43.6111 7.72133 2
      vertex 22.3889 7.72133 2
      vertex 43.8215 7.5952 2
    endloop
  endfacet
  facet normal 0 0 1
    outer loop
      vertex 22.1785 7.5952 2
      vertex 43.8215 7.5952 2
      vertex 22.3889 7.72133 2
    endloop
  endfacet
  facet normal 0 0 1
    outer loop
      vertex 43.8215 7.5952 2
      vertex 22.1785 7.5952 2
      vertex 44.0433 7.4903 2
    endloop
  endfacet
  facet normal 0 0 1
    outer loop
      vertex 21.9567 7.4903 2
      vertex 44.0433 7.4903 2
      vertex 22.1785 7.5952 2
    endloop
  endfacet
  facet normal 0 0 1
    outer loop
      vertex 21.7257 7.40765 2
      vertex 44.0433 7.4903 2
      vertex 21.9567 7.4903 2
    endloop
  endfacet
  facet normal 0 0 1
    outer loop
      vertex 44.2743 7.40765 2
      vertex 21.7257 7.40765 2
      vertex 55.3594 2.39999 2
    endloop
  endfacet
  facet normal -0 0 1
    outer loop
      vertex 21.4877 7.34804 2
      vertex 55.3594 2.39999 2
      vertex 21.7257 7.40765 2
    endloop
  endfacet
  facet normal 0 0 1
    outer loop
      vertex 6.64064 2.39999 2
      vertex 21.4877 7.34804 2
      vertex 21.245 7.31204 2
    endloop
  endfacet
  facet normal 0 0 1
    outer loop
      vertex 6.64064 2.39999 2
      vertex 21.245 7.31204 2
      vertex 21 7.3 2
    endloop
  endfacet
  facet normal 0 0 1
    outer loop
      vertex 6.64064 2.39999 2
      vertex 21 7.3 2
      vertex 20.755 7.31204 2
    endloop
  endfacet
  facet normal -0 0 1
    outer loop
      vertex 7.10318 23.681 2
      vertex 19.2322 11.5678 2
      vertex 7.32132 23.8787 2
    endloop
  endfacet
  facet normal 0 0 1
    outer loop
      vertex 19.2322 11.5678 2
      vertex 7.10318 23.681 2
      vertex 19.0675 11.386 2
    endloop
  endfacet
  facet normal -0 0 1
    outer loop
      vertex 6.86671 23.5056 2
      vertex 19.0675 11.386 2
      vertex 7.10318 23.681 2
    endloop
  endfacet
  facet normal 0 0 1
    outer loop
      vertex 19.0675 11.386 2
      vertex 6.86671 23.5056 2
      vertex 18.9213 11.1889 2
    endloop
  endfacet
  facet normal -0 0 1
    outer loop
      vertex 6.61419 23.3542 2
      vertex 18.9213 11.1889 2
      vertex 6.86671 23.5056 2
    endloop
  endfacet
  facet normal 0 0 1
    outer loop
      vertex 18.9213 11.1889 2
      vertex 6.61419 23.3542 2
      vertex 18.7952 10.9785 2
    endloop
  endfacet
  facet normal 0 0 1
    outer loop
      vertex 5.91419 7.14576 2
      vertex 18.7952 10.9785 2
      vertex 6.61419 23.3542 2
    endloop
  endfacet
  facet normal 0 0 1
    outer loop
      vertex 18.7952 10.9785 2
      vertex 5.91419 7.14576 2
      vertex 18.6903 10.7567 2
    endloop
  endfacet
  facet normal 0 -0 1
    outer loop
      vertex 6.16671 6.99441 2
      vertex 18.6903 10.7567 2
      vertex 5.91419 7.14576 2
    endloop
  endfacet
  facet normal 0 0 1
    outer loop
      vertex 18.6903 10.7567 2
      vertex 6.16671 6.99441 2
      vertex 18.6076 10.5257 2
    endloop
  endfacet
  facet normal 0 0 1
    outer loop
      vertex 18.6076 10.5257 2
      vertex 6.40318 6.81903 2
      vertex 18.548 10.2877 2
    endloop
  endfacet
  facet normal 0 -0 1
    outer loop
      vertex 6.62132 6.62132 2
      vertex 18.548 10.2877 2
      vertex 6.40318 6.81903 2
    endloop
  endfacet
  facet normal 0 0 1
    outer loop
      vertex 18.548 10.2877 2
      vertex 6.62132 6.62132 2
      vertex 18.512 10.045 2
    endloop
  endfacet
  facet normal 0 -0 1
    outer loop
      vertex 6.81903 6.40318 2
      vertex 18.512 10.045 2
      vertex 6.62132 6.62132 2
    endloop
  endfacet
  facet normal 0 0 1
    outer loop
      vertex 7.5 4.5 2
      vertex 19.0675 8.21402 2
      vertex 18.9213 8.41107 2
    endloop
  endfacet
  facet normal 0 0 1
    outer loop
      vertex 7.48555 4.20595 2
      vertex 19.0675 8.21402 2
      vertex 7.5 4.5 2
    endloop
  endfacet
  facet normal 0 0 1
    outer loop
      vertex 19.0675 8.21402 2
      vertex 7.48555 4.20595 2
      vertex 19.2322 8.03223 2
    endloop
  endfacet
  facet normal 0 0 1
    outer loop
      vertex 7.44236 3.91473 2
      vertex 19.2322 8.03223 2
      vertex 7.48555 4.20595 2
    endloop
  endfacet
  facet normal 0 0 1
    outer loop
      vertex 19.2322 8.03223 2
      vertex 7.44236 3.91473 2
      vertex 19.414 7.86747 2
    endloop
  endfacet
  facet normal 0 0 1
    outer loop
      vertex 7.37082 3.62915 2
      vertex 19.414 7.86747 2
      vertex 7.44236 3.91473 2
    endloop
  endfacet
  facet normal 0 0 1
    outer loop
      vertex 19.414 7.86747 2
      vertex 7.37082 3.62915 2
      vertex 19.6111 7.72133 2
    endloop
  endfacet
  facet normal 0 0 1
    outer loop
      vertex 7.27164 3.35195 2
      vertex 19.6111 7.72133 2
      vertex 7.37082 3.62915 2
    endloop
  endfacet
  facet normal 0 0 1
    outer loop
      vertex 19.6111 7.72133 2
      vertex 7.27164 3.35195 2
      vertex 19.8215 7.5952 2
    endloop
  endfacet
  facet normal 0 0 1
    outer loop
      vertex 7.14576 3.08581 2
      vertex 19.8215 7.5952 2
      vertex 7.27164 3.35195 2
    endloop
  endfacet
  facet normal 0 0 1
    outer loop
      vertex 19.8215 7.5952 2
      vertex 7.14576 3.08581 2
      vertex 20.0433 7.4903 2
    endloop
  endfacet
  facet normal 0 0 1
    outer loop
      vertex 6.99441 2.83329 2
      vertex 20.0433 7.4903 2
      vertex 7.14576 3.08581 2
    endloop
  endfacet
  facet normal 0 0 1
    outer loop
      vertex 20.0433 7.4903 2
      vertex 6.99441 2.83329 2
      vertex 20.2743 7.40765 2
    endloop
  endfacet
  facet normal 0 0 1
    outer loop
      vertex 6.81903 2.59682 2
      vertex 20.2743 7.40765 2
      vertex 6.99441 2.83329 2
    endloop
  endfacet
  facet normal 0 0 1
    outer loop
      vertex 20.2743 7.40765 2
      vertex 6.81903 2.59682 2
      vertex 20.5123 7.34804 2
    endloop
  endfacet
  facet normal 0 0 1
    outer loop
      vertex 6.64064 2.39999 2
      vertex 20.5123 7.34804 2
      vertex 6.81903 2.59682 2
    endloop
  endfacet
  facet normal 0 0 1
    outer loop
      vertex 20.5123 7.34804 2
      vertex 6.64064 2.39999 2
      vertex 20.755 7.31204 2
    endloop
  endfacet
  facet normal 0 0 1
    outer loop
      vertex 21.4877 7.34804 2
      vertex 6.64064 2.39999 2
      vertex 55.3594 2.39999 2
    endloop
  endfacet
  facet normal 0 0 1
    outer loop
      vertex 18.9213 8.41107 2
      vertex 7.48555 4.79405 2
      vertex 7.5 4.5 2
    endloop
  endfacet
  facet normal 0 0 1
    outer loop
      vertex 18.7952 8.62151 2
      vertex 7.48555 4.79405 2
      vertex 18.9213 8.41107 2
    endloop
  endfacet
  facet normal 0 -0 1
    outer loop
      vertex 7.48555 4.79405 2
      vertex 18.7952 8.62151 2
      vertex 7.44236 5.08527 2
    endloop
  endfacet
  facet normal 0 0 1
    outer loop
      vertex 18.512 10.045 2
      vertex 6.81903 6.40318 2
      vertex 18.5 9.8 2
    endloop
  endfacet
  facet normal 0 0 1
    outer loop
      vertex 18.6903 8.84329 2
      vertex 7.44236 5.08527 2
      vertex 18.7952 8.62151 2
    endloop
  endfacet
  facet normal 0 -0 1
    outer loop
      vertex 7.44236 5.08527 2
      vertex 18.6903 8.84329 2
      vertex 7.37082 5.37085 2
    endloop
  endfacet
  facet normal 0 -0 1
    outer loop
      vertex 6.99441 6.16671 2
      vertex 18.5 9.8 2
      vertex 6.81903 6.40318 2
    endloop
  endfacet
  facet normal 0 0 1
    outer loop
      vertex 18.6076 9.07429 2
      vertex 7.37082 5.37085 2
      vertex 18.6903 8.84329 2
    endloop
  endfacet
  facet normal 0 -0 1
    outer loop
      vertex 7.14576 5.91419 2
      vertex 18.512 9.55496 2
      vertex 6.99441 6.16671 2
    endloop
  endfacet
  facet normal 0 -0 1
    outer loop
      vertex 7.37082 5.37085 2
      vertex 18.6076 9.07429 2
      vertex 7.27164 5.64805 2
    endloop
  endfacet
  facet normal 0 0 1
    outer loop
      vertex 18.548 9.31227 2
      vertex 7.27164 5.64805 2
      vertex 18.6076 9.07429 2
    endloop
  endfacet
  facet normal 0 0 1
    outer loop
      vertex 18.5 9.8 2
      vertex 6.99441 6.16671 2
      vertex 18.512 9.55496 2
    endloop
  endfacet
  facet normal 0 -0 1
    outer loop
      vertex 7.27164 5.64805 2
      vertex 18.548 9.31227 2
      vertex 7.14576 5.91419 2
    endloop
  endfacet
  facet normal 0 0 1
    outer loop
      vertex 5.91419 7.14576 2
      vertex 6.61419 23.3542 2
      vertex 6.34805 23.2284 2
    endloop
  endfacet
  facet normal 0 0 1
    outer loop
      vertex 18.512 9.55496 2
      vertex 7.14576 5.91419 2
      vertex 18.548 9.31227 2
    endloop
  endfacet
  facet normal 0 0 1
    outer loop
      vertex 5.64805 7.27164 2
      vertex 6.34805 23.2284 2
      vertex 6.07085 23.1292 2
    endloop
  endfacet
  facet normal 0 -0 1
    outer loop
      vertex 6.40318 6.81903 2
      vertex 18.6076 10.5257 2
      vertex 6.16671 6.99441 2
    endloop
  endfacet
  facet normal 0 0 1
    outer loop
      vertex 5.37085 7.37082 2
      vertex 6.07085 23.1292 2
      vertex 5.78527 23.0576 2
    endloop
  endfacet
  facet normal 0 0 1
    outer loop
      vertex 6.34805 23.2284 2
      vertex 5.64805 7.27164 2
      vertex 5.91419 7.14576 2
    endloop
  endfacet
  facet normal 0 0 1
    outer loop
      vertex 5.08527 7.44236 2
      vertex 5.78527 23.0576 2
      vertex 5.49405 23.0144 2
    endloop
  endfacet
  facet normal 0 0 1
    outer loop
      vertex 6.07085 23.1292 2
      vertex 5.37085 7.37082 2
      vertex 5.64805 7.27164 2
    endloop
  endfacet
  facet normal 0 0 1
    outer loop
      vertex 4.79405 7.48555 2
      vertex 5.49405 23.0144 2
      vertex 5.2 23 2
    endloop
  endfacet
  facet normal 0 0 1
    outer loop
      vertex 5.78527 23.0576 2
      vertex 5.08527 7.44236 2
      vertex 5.37085 7.37082 2
    endloop
  endfacet
  facet normal 0 0 1
    outer loop
      vertex 4.5 7.5 2
      vertex 5.2 23 2
      vertex 4.90595 23.0144 2
    endloop
  endfacet
  facet normal 0 0 1
    outer loop
      vertex 5.49405 23.0144 2
      vertex 4.79405 7.48555 2
      vertex 5.08527 7.44236 2
    endloop
  endfacet
  facet normal 0 0 1
    outer loop
      vertex 4.20595 7.48555 2
      vertex 4.90595 23.0144 2
      vertex 4.61473 23.0576 2
    endloop
  endfacet
  facet normal 0 0 1
    outer loop
      vertex 5.2 23 2
      vertex 4.5 7.5 2
      vertex 4.79405 7.48555 2
    endloop
  endfacet
  facet normal 0 0 1
    outer loop
      vertex 3.91473 7.44236 2
      vertex 4.61473 23.0576 2
      vertex 4.32915 23.1292 2
    endloop
  endfacet
  facet normal 0 0 1
    outer loop
      vertex 4.90595 23.0144 2
      vertex 4.20595 7.48555 2
      vertex 4.5 7.5 2
    endloop
  endfacet
  facet normal 0 0 1
    outer loop
      vertex 3.62915 7.37082 2
      vertex 4.32915 23.1292 2
      vertex 4.05195 23.2284 2
    endloop
  endfacet
  facet normal 0 0 1
    outer loop
      vertex 4.61473 23.0576 2
      vertex 3.91473 7.44236 2
      vertex 4.20595 7.48555 2
    endloop
  endfacet
  facet normal 0 0 1
    outer loop
      vertex 3.35195 7.27164 2
      vertex 4.05195 23.2284 2
      vertex 3.78581 23.3542 2
    endloop
  endfacet
  facet normal 0 0 1
    outer loop
      vertex 4.32915 23.1292 2
      vertex 3.62915 7.37082 2
      vertex 3.91473 7.44236 2
    endloop
  endfacet
  facet normal 0 0 1
    outer loop
      vertex 3.08581 7.14576 2
      vertex 3.78581 23.3542 2
      vertex 3.53329 23.5056 2
    endloop
  endfacet
  facet normal 0 0 1
    outer loop
      vertex 4.05195 23.2284 2
      vertex 3.35195 7.27164 2
      vertex 3.62915 7.37082 2
    endloop
  endfacet
  facet normal 0 0 1
    outer loop
      vertex 2.83329 6.99441 2
      vertex 3.53329 23.5056 2
      vertex 3.29682 23.681 2
    endloop
  endfacet
  facet normal 0 0 1
    outer loop
      vertex 3.78581 23.3542 2
      vertex 3.08581 7.14576 2
      vertex 3.35195 7.27164 2
    endloop
  endfacet
  facet normal 0 0 1
    outer loop
      vertex 2.59682 6.81903 2
      vertex 3.29682 23.681 2
      vertex 3.07868 23.8787 2
    endloop
  endfacet
  facet normal 0 0 1
    outer loop
      vertex 2.39999 6.64064 2
      vertex 3.07868 23.8787 2
      vertex 2.88097 24.0968 2
    endloop
  endfacet
  facet normal 0 0 1
    outer loop
      vertex 3.53329 23.5056 2
      vertex 2.83329 6.99441 2
      vertex 3.08581 7.14576 2
    endloop
  endfacet
  facet normal 0 0 1
    outer loop
      vertex 2.39999 6.64064 2
      vertex 2.88097 24.0968 2
      vertex 2.70559 24.3333 2
    endloop
  endfacet
  facet normal 0 0 1
    outer loop
      vertex 3.29682 23.681 2
      vertex 2.59682 6.81903 2
      vertex 2.83329 6.99441 2
    endloop
  endfacet
  facet normal 0 0 1
    outer loop
      vertex 2.39999 6.64064 2
      vertex 2.70559 24.3333 2
      vertex 2.55424 24.5858 2
    endloop
  endfacet
  facet normal 0 0 1
    outer loop
      vertex 2.39999 6.64064 2
      vertex 2.55424 24.5858 2
      vertex 2.42836 24.8519 2
    endloop
  endfacet
  facet normal 0 0 1
    outer loop
      vertex 2.39999 6.64064 2
      vertex 2.42836 24.8519 2
      vertex 2.39999 24.9312 2
    endloop
  endfacet
  facet normal 0 0 1
    outer loop
      vertex 3.07868 23.8787 2
      vertex 2.39999 6.64064 2
      vertex 2.59682 6.81903 2
    endloop
  endfacet
  facet normal 0 -0 1
    outer loop
      vertex 23.0787 11.1889 2
      vertex 42.9213 11.1889 2
      vertex 22.9325 11.386 2
    endloop
  endfacet
  facet normal 0 0 1
    outer loop
      vertex 42.548 9.31227 2
      vertex 23.452 9.31227 2
      vertex 42.6077 9.07429 2
    endloop
  endfacet
  facet normal 0 0 1
    outer loop
      vertex 42.9213 11.1889 2
      vertex 23.0787 11.1889 2
      vertex 42.7952 10.9785 2
    endloop
  endfacet
  facet normal 0 0 1
    outer loop
      vertex 23.452 9.31227 2
      vertex 42.548 9.31227 2
      vertex 23.488 9.55496 2
    endloop
  endfacet
  facet normal 0 -0 1
    outer loop
      vertex 23.2048 10.9785 2
      vertex 42.7952 10.9785 2
      vertex 23.0787 11.1889 2
    endloop
  endfacet
  facet normal 0 0 1
    outer loop
      vertex 42.512 9.55496 2
      vertex 23.488 9.55496 2
      vertex 42.548 9.31227 2
    endloop
  endfacet
  facet normal 0 0 1
    outer loop
      vertex 42.7952 10.9785 2
      vertex 23.2048 10.9785 2
      vertex 42.6903 10.7567 2
    endloop
  endfacet
  facet normal 0 0 1
    outer loop
      vertex 23.488 9.55496 2
      vertex 42.512 9.55496 2
      vertex 23.5 9.8 2
    endloop
  endfacet
  facet normal 0 -0 1
    outer loop
      vertex 23.3097 10.7567 2
      vertex 42.6903 10.7567 2
      vertex 23.2048 10.9785 2
    endloop
  endfacet
  facet normal 0 0 1
    outer loop
      vertex 42.5 9.8 2
      vertex 23.5 9.8 2
      vertex 42.512 9.55496 2
    endloop
  endfacet
  facet normal 0 0 1
    outer loop
      vertex 42.6903 10.7567 2
      vertex 23.3097 10.7567 2
      vertex 42.6077 10.5257 2
    endloop
  endfacet
  facet normal 0 -0 1
    outer loop
      vertex 23.5 9.8 2
      vertex 42.5 9.8 2
      vertex 23.488 10.045 2
    endloop
  endfacet
  facet normal 0 -0 1
    outer loop
      vertex 23.3923 10.5257 2
      vertex 42.6077 10.5257 2
      vertex 23.3097 10.7567 2
    endloop
  endfacet
  facet normal 0 0 1
    outer loop
      vertex 42.512 10.045 2
      vertex 23.488 10.045 2
      vertex 42.5 9.8 2
    endloop
  endfacet
  facet normal 0 0 1
    outer loop
      vertex 42.6077 10.5257 2
      vertex 23.3923 10.5257 2
      vertex 42.548 10.2877 2
    endloop
  endfacet
  facet normal 0 -0 1
    outer loop
      vertex 23.488 10.045 2
      vertex 42.512 10.045 2
      vertex 23.452 10.2877 2
    endloop
  endfacet
  facet normal 0 -0 1
    outer loop
      vertex 23.452 10.2877 2
      vertex 42.548 10.2877 2
      vertex 23.3923 10.5257 2
    endloop
  endfacet
  facet normal 0 0 1
    outer loop
      vertex 42.548 10.2877 2
      vertex 23.452 10.2877 2
      vertex 42.512 10.045 2
    endloop
  endfacet
  facet normal -0 0 1
    outer loop
      vertex 22.3889 40.1213 2
      vertex 22.586 11.7325 2
      vertex 22.586 40.2675 2
    endloop
  endfacet
  facet normal 0 0 1
    outer loop
      vertex 22.3889 40.1213 2
      vertex 22.3889 11.8787 2
      vertex 22.586 11.7325 2
    endloop
  endfacet
  facet normal -0 0 1
    outer loop
      vertex 22.1785 39.9952 2
      vertex 22.3889 11.8787 2
      vertex 22.3889 40.1213 2
    endloop
  endfacet
  facet normal 0 0 1
    outer loop
      vertex 22.1785 39.9952 2
      vertex 22.1785 12.0048 2
      vertex 22.3889 11.8787 2
    endloop
  endfacet
  facet normal -0 0 1
    outer loop
      vertex 21.9567 39.8903 2
      vertex 22.1785 12.0048 2
      vertex 22.1785 39.9952 2
    endloop
  endfacet
  facet normal 0 0 1
    outer loop
      vertex 21.9567 39.8903 2
      vertex 21.9567 12.1097 2
      vertex 22.1785 12.0048 2
    endloop
  endfacet
  facet normal -0 0 1
    outer loop
      vertex 21.7257 39.8076 2
      vertex 21.9567 12.1097 2
      vertex 21.9567 39.8903 2
    endloop
  endfacet
  facet normal 0 0 1
    outer loop
      vertex 21.7257 39.8076 2
      vertex 21.7257 12.1924 2
      vertex 21.9567 12.1097 2
    endloop
  endfacet
  facet normal -0 0 1
    outer loop
      vertex 21.4877 39.748 2
      vertex 21.7257 12.1924 2
      vertex 21.7257 39.8076 2
    endloop
  endfacet
  facet normal 0 0 1
    outer loop
      vertex 21.4877 39.748 2
      vertex 21.4877 12.252 2
      vertex 21.7257 12.1924 2
    endloop
  endfacet
  facet normal -0 0 1
    outer loop
      vertex 21.245 39.712 2
      vertex 21.4877 12.252 2
      vertex 21.4877 39.748 2
    endloop
  endfacet
  facet normal 0 0 1
    outer loop
      vertex 21.245 39.712 2
      vertex 21.245 12.288 2
      vertex 21.4877 12.252 2
    endloop
  endfacet
  facet normal -0 0 1
    outer loop
      vertex 21 39.7 2
      vertex 21.245 12.288 2
      vertex 21.245 39.712 2
    endloop
  endfacet
  facet normal 0 0 1
    outer loop
      vertex 21 39.7 2
      vertex 21 12.3 2
      vertex 21.245 12.288 2
    endloop
  endfacet
  facet normal 0 0 1
    outer loop
      vertex 8.18555 26.2941 2
      vertex 21 39.7 2
      vertex 20.755 39.712 2
    endloop
  endfacet
  facet normal 0 0 1
    outer loop
      vertex 21 39.7 2
      vertex 8.2 26 2
      vertex 21 12.3 2
    endloop
  endfacet
  facet normal 0 0 1
    outer loop
      vertex 8.14235 26.5853 2
      vertex 20.755 39.712 2
      vertex 20.5123 39.748 2
    endloop
  endfacet
  facet normal -0 0 1
    outer loop
      vertex 8.18555 25.7059 2
      vertex 21 12.3 2
      vertex 8.2 26 2
    endloop
  endfacet
  facet normal 0 0 1
    outer loop
      vertex 8.07082 26.8709 2
      vertex 20.5123 39.748 2
      vertex 20.2743 39.8076 2
    endloop
  endfacet
  facet normal 0 0 1
    outer loop
      vertex 21 12.3 2
      vertex 8.18555 25.7059 2
      vertex 20.755 12.288 2
    endloop
  endfacet
  facet normal 0 0 1
    outer loop
      vertex 7.97164 27.148 2
      vertex 20.2743 39.8076 2
      vertex 20.0433 39.8903 2
    endloop
  endfacet
  facet normal -0 0 1
    outer loop
      vertex 8.14235 25.4147 2
      vertex 20.755 12.288 2
      vertex 8.18555 25.7059 2
    endloop
  endfacet
  facet normal 0 0 1
    outer loop
      vertex 7.84576 27.4142 2
      vertex 20.0433 39.8903 2
      vertex 19.8215 39.9952 2
    endloop
  endfacet
  facet normal 0 0 1
    outer loop
      vertex 20.755 12.288 2
      vertex 8.14235 25.4147 2
      vertex 20.5123 12.252 2
    endloop
  endfacet
  facet normal 0 0 1
    outer loop
      vertex 7.69441 27.6667 2
      vertex 19.8215 39.9952 2
      vertex 19.6111 40.1213 2
    endloop
  endfacet
  facet normal -0 0 1
    outer loop
      vertex 8.07082 25.1291 2
      vertex 20.5123 12.252 2
      vertex 8.14235 25.4147 2
    endloop
  endfacet
  facet normal 0 0 1
    outer loop
      vertex 7.51903 27.9032 2
      vertex 19.6111 40.1213 2
      vertex 19.414 40.2675 2
    endloop
  endfacet
  facet normal 0 0 1
    outer loop
      vertex 20.5123 12.252 2
      vertex 8.07082 25.1291 2
      vertex 20.2743 12.1924 2
    endloop
  endfacet
  facet normal 0 0 1
    outer loop
      vertex 7.32132 28.1213 2
      vertex 19.414 40.2675 2
      vertex 19.2322 40.4322 2
    endloop
  endfacet
  facet normal -0 0 1
    outer loop
      vertex 7.97164 24.8519 2
      vertex 20.2743 12.1924 2
      vertex 8.07082 25.1291 2
    endloop
  endfacet
  facet normal 0 0 1
    outer loop
      vertex 7.10318 28.319 2
      vertex 19.2322 40.4322 2
      vertex 19.0675 40.614 2
    endloop
  endfacet
  facet normal 0 0 1
    outer loop
      vertex 20.2743 12.1924 2
      vertex 7.97164 24.8519 2
      vertex 20.0433 12.1097 2
    endloop
  endfacet
  facet normal 0 0 1
    outer loop
      vertex 6.86671 28.4944 2
      vertex 19.0675 40.614 2
      vertex 18.9213 40.8111 2
    endloop
  endfacet
  facet normal -0 0 1
    outer loop
      vertex 7.84576 24.5858 2
      vertex 20.0433 12.1097 2
      vertex 7.97164 24.8519 2
    endloop
  endfacet
  facet normal 0 0 1
    outer loop
      vertex 6.61419 28.6458 2
      vertex 18.9213 40.8111 2
      vertex 18.7952 41.0215 2
    endloop
  endfacet
  facet normal 0 0 1
    outer loop
      vertex 20.0433 12.1097 2
      vertex 7.84576 24.5858 2
      vertex 19.8215 12.0048 2
    endloop
  endfacet
  facet normal 0 0 1
    outer loop
      vertex 5.91419 44.8542 2
      vertex 18.7952 41.0215 2
      vertex 18.6903 41.2433 2
    endloop
  endfacet
  facet normal -0 0 1
    outer loop
      vertex 7.69441 24.3333 2
      vertex 19.8215 12.0048 2
      vertex 7.84576 24.5858 2
    endloop
  endfacet
  facet normal 0 0 1
    outer loop
      vertex 6.16671 45.0056 2
      vertex 18.6903 41.2433 2
      vertex 18.6076 41.4743 2
    endloop
  endfacet
  facet normal 0 0 1
    outer loop
      vertex 19.8215 12.0048 2
      vertex 7.69441 24.3333 2
      vertex 19.6111 11.8787 2
    endloop
  endfacet
  facet normal 0 0 1
    outer loop
      vertex 6.40318 45.181 2
      vertex 18.6076 41.4743 2
      vertex 18.548 41.7123 2
    endloop
  endfacet
  facet normal -0 0 1
    outer loop
      vertex 7.51903 24.0968 2
      vertex 19.6111 11.8787 2
      vertex 7.69441 24.3333 2
    endloop
  endfacet
  facet normal 0 0 1
    outer loop
      vertex 6.62132 45.3787 2
      vertex 18.548 41.7123 2
      vertex 18.512 41.955 2
    endloop
  endfacet
  facet normal 0 0 1
    outer loop
      vertex 19.6111 11.8787 2
      vertex 7.51903 24.0968 2
      vertex 19.414 11.7325 2
    endloop
  endfacet
  facet normal 0 0 1
    outer loop
      vertex 6.81903 45.5968 2
      vertex 18.512 41.955 2
      vertex 18.5 42.2 2
    endloop
  endfacet
  facet normal -0 0 1
    outer loop
      vertex 7.32132 23.8787 2
      vertex 19.414 11.7325 2
      vertex 7.51903 24.0968 2
    endloop
  endfacet
  facet normal 0 0 1
    outer loop
      vertex 54.6787 28.1213 2
      vertex 45.9567 39.8903 2
      vertex 54.481 27.9032 2
    endloop
  endfacet
  facet normal 0 0 1
    outer loop
      vertex 54.7284 5.64805 2
      vertex 47.2048 8.62151 2
      vertex 54.6292 5.37085 2
    endloop
  endfacet
  facet normal -0 0 1
    outer loop
      vertex 45.7257 39.8076 2
      vertex 54.481 27.9032 2
      vertex 45.9567 39.8903 2
    endloop
  endfacet
  facet normal -0 0 1
    outer loop
      vertex 47.2048 8.62151 2
      vertex 54.7284 5.64805 2
      vertex 47.3097 8.84329 2
    endloop
  endfacet
  facet normal 0 0 1
    outer loop
      vertex 54.481 27.9032 2
      vertex 45.7257 39.8076 2
      vertex 54.3056 27.6667 2
    endloop
  endfacet
  facet normal 0 0 1
    outer loop
      vertex 54.8542 5.91419 2
      vertex 47.3097 8.84329 2
      vertex 54.7284 5.64805 2
    endloop
  endfacet
  facet normal 0 0 1
    outer loop
      vertex 55.9291 23.1292 2
      vertex 47.0787 11.1889 2
      vertex 47.2048 10.9785 2
    endloop
  endfacet
  facet normal -0 0 1
    outer loop
      vertex 47.3097 8.84329 2
      vertex 54.8542 5.91419 2
      vertex 47.3923 9.07429 2
    endloop
  endfacet
  facet normal 0 0 1
    outer loop
      vertex 55.5968 6.81903 2
      vertex 47.488 10.045 2
      vertex 55.3787 6.62132 2
    endloop
  endfacet
  facet normal -0 0 1
    outer loop
      vertex 47.3923 9.07429 2
      vertex 54.8542 5.91419 2
      vertex 47.452 9.31227 2
    endloop
  endfacet
  facet normal -0 0 1
    outer loop
      vertex 47.452 9.31227 2
      vertex 55.0056 6.16671 2
      vertex 47.488 9.55496 2
    endloop
  endfacet
  facet normal 0 0 1
    outer loop
      vertex 55.0056 6.16671 2
      vertex 47.452 9.31227 2
      vertex 54.8542 5.91419 2
    endloop
  endfacet
  facet normal -0 0 1
    outer loop
      vertex 45.4877 39.748 2
      vertex 54.3056 27.6667 2
      vertex 45.7257 39.8076 2
    endloop
  endfacet
  facet normal 0 0 1
    outer loop
      vertex 55.6519 23.2284 2
      vertex 46.9325 11.386 2
      vertex 47.0787 11.1889 2
    endloop
  endfacet
  facet normal 0 0 1
    outer loop
      vertex 54.3056 27.6667 2
      vertex 45.4877 39.748 2
      vertex 54.1542 27.4142 2
    endloop
  endfacet
  facet normal 0 0 1
    outer loop
      vertex 55.6519 23.2284 2
      vertex 46.7678 11.5678 2
      vertex 46.9325 11.386 2
    endloop
  endfacet
  facet normal -0 0 1
    outer loop
      vertex 45.245 39.712 2
      vertex 54.1542 27.4142 2
      vertex 45.4877 39.748 2
    endloop
  endfacet
  facet normal 0 0 1
    outer loop
      vertex 55.3858 23.3542 2
      vertex 46.586 11.7325 2
      vertex 46.7678 11.5678 2
    endloop
  endfacet
  facet normal 0 0 1
    outer loop
      vertex 54.1542 27.4142 2
      vertex 45.245 39.712 2
      vertex 54.0284 27.148 2
    endloop
  endfacet
  facet normal 0 0 1
    outer loop
      vertex 55.1333 23.5056 2
      vertex 46.3889 11.8787 2
      vertex 46.586 11.7325 2
    endloop
  endfacet
  facet normal -0 0 1
    outer loop
      vertex 45 39.7 2
      vertex 54.0284 27.148 2
      vertex 45.245 39.712 2
    endloop
  endfacet
  facet normal 0 0 1
    outer loop
      vertex 54.8968 23.681 2
      vertex 46.1785 12.0048 2
      vertex 46.3889 11.8787 2
    endloop
  endfacet
  facet normal 0 0 1
    outer loop
      vertex 54.0284 27.148 2
      vertex 45 39.7 2
      vertex 53.9292 26.8709 2
    endloop
  endfacet
  facet normal 0 0 1
    outer loop
      vertex 54.6787 23.8787 2
      vertex 45.9567 12.1097 2
      vertex 46.1785 12.0048 2
    endloop
  endfacet
  facet normal 0 0 1
    outer loop
      vertex 44.755 39.712 2
      vertex 53.9292 26.8709 2
      vertex 45 39.7 2
    endloop
  endfacet
  facet normal 0 0 1
    outer loop
      vertex 54.481 24.0968 2
      vertex 45.7257 12.1924 2
      vertex 45.9567 12.1097 2
    endloop
  endfacet
  facet normal 0 0 1
    outer loop
      vertex 53.9292 26.8709 2
      vertex 44.755 39.712 2
      vertex 53.8576 26.5853 2
    endloop
  endfacet
  facet normal 0 0 1
    outer loop
      vertex 54.3056 24.3333 2
      vertex 45.4877 12.252 2
      vertex 45.7257 12.1924 2
    endloop
  endfacet
  facet normal 0 0 1
    outer loop
      vertex 44.5123 39.748 2
      vertex 53.8576 26.5853 2
      vertex 44.755 39.712 2
    endloop
  endfacet
  facet normal 0 0 1
    outer loop
      vertex 54.1542 24.5858 2
      vertex 45.245 12.288 2
      vertex 45.4877 12.252 2
    endloop
  endfacet
  facet normal 0 0 1
    outer loop
      vertex 53.8576 26.5853 2
      vertex 44.5123 39.748 2
      vertex 53.8144 26.2941 2
    endloop
  endfacet
  facet normal 0 0 1
    outer loop
      vertex 54.0284 24.8519 2
      vertex 45 12.3 2
      vertex 45.245 12.288 2
    endloop
  endfacet
  facet normal 0 0 1
    outer loop
      vertex 44.2743 39.8076 2
      vertex 53.8144 26.2941 2
      vertex 44.5123 39.748 2
    endloop
  endfacet
  facet normal 0 0 1
    outer loop
      vertex 53.9292 25.1291 2
      vertex 44.755 12.288 2
      vertex 45 12.3 2
    endloop
  endfacet
  facet normal 0 0 1
    outer loop
      vertex 53.8144 26.2941 2
      vertex 44.2743 39.8076 2
      vertex 53.8 26 2
    endloop
  endfacet
  facet normal 0 0 1
    outer loop
      vertex 53.8576 25.4147 2
      vertex 44.5123 12.252 2
      vertex 44.755 12.288 2
    endloop
  endfacet
  facet normal 0 0 1
    outer loop
      vertex 44.0433 39.8903 2
      vertex 53.8 26 2
      vertex 44.2743 39.8076 2
    endloop
  endfacet
  facet normal 0 0 1
    outer loop
      vertex 53.8144 25.7059 2
      vertex 44.2743 12.1924 2
      vertex 44.5123 12.252 2
    endloop
  endfacet
  facet normal 0 0 1
    outer loop
      vertex 44.0433 12.1097 2
      vertex 53.8 26 2
      vertex 44.0433 39.8903 2
    endloop
  endfacet
  facet normal 0 0 1
    outer loop
      vertex 53.8 26 2
      vertex 44.0433 12.1097 2
      vertex 44.2743 12.1924 2
    endloop
  endfacet
  facet normal 0 0 1
    outer loop
      vertex 43.8215 39.9952 2
      vertex 44.0433 12.1097 2
      vertex 44.0433 39.8903 2
    endloop
  endfacet
  facet normal 0 0 1
    outer loop
      vertex 43.8215 39.9952 2
      vertex 43.8215 12.0048 2
      vertex 44.0433 12.1097 2
    endloop
  endfacet
  facet normal 0 0 1
    outer loop
      vertex 43.6111 40.1213 2
      vertex 43.8215 12.0048 2
      vertex 43.8215 39.9952 2
    endloop
  endfacet
  facet normal 0 0 1
    outer loop
      vertex 43.6111 40.1213 2
      vertex 43.6111 11.8787 2
      vertex 43.8215 12.0048 2
    endloop
  endfacet
  facet normal 0 0 1
    outer loop
      vertex 43.414 40.2675 2
      vertex 43.6111 11.8787 2
      vertex 43.6111 40.1213 2
    endloop
  endfacet
  facet normal 0 0 1
    outer loop
      vertex 43.414 40.2675 2
      vertex 43.414 11.7325 2
      vertex 43.6111 11.8787 2
    endloop
  endfacet
  facet normal 0 0 1
    outer loop
      vertex 42.6903 41.2433 2
      vertex 23.3097 41.2433 2
      vertex 42.7952 41.0215 2
    endloop
  endfacet
  facet normal 0 0 1
    outer loop
      vertex 23.2048 41.0215 2
      vertex 42.7952 41.0215 2
      vertex 23.3097 41.2433 2
    endloop
  endfacet
  facet normal 0 0 1
    outer loop
      vertex 23.3097 41.2433 2
      vertex 42.6903 41.2433 2
      vertex 23.3923 41.4743 2
    endloop
  endfacet
  facet normal 0 0 1
    outer loop
      vertex 42.7952 41.0215 2
      vertex 23.2048 41.0215 2
      vertex 42.9213 40.8111 2
    endloop
  endfacet
  facet normal 0 0 1
    outer loop
      vertex 42.6077 41.4743 2
      vertex 23.3923 41.4743 2
      vertex 42.6903 41.2433 2
    endloop
  endfacet
  facet normal 0 0 1
    outer loop
      vertex 23.0787 40.8111 2
      vertex 42.9213 40.8111 2
      vertex 23.2048 41.0215 2
    endloop
  endfacet
  facet normal 0 0 1
    outer loop
      vertex 23.3923 41.4743 2
      vertex 42.6077 41.4743 2
      vertex 23.452 41.7123 2
    endloop
  endfacet
  facet normal 0 0 1
    outer loop
      vertex 42.9213 40.8111 2
      vertex 23.0787 40.8111 2
      vertex 43.0675 40.614 2
    endloop
  endfacet
  facet normal 0 0 1
    outer loop
      vertex 42.548 41.7123 2
      vertex 23.452 41.7123 2
      vertex 42.6077 41.4743 2
    endloop
  endfacet
  facet normal 0 0 1
    outer loop
      vertex 22.9325 40.614 2
      vertex 43.0675 40.614 2
      vertex 23.0787 40.8111 2
    endloop
  endfacet
  facet normal 0 0 1
    outer loop
      vertex 23.452 41.7123 2
      vertex 42.548 41.7123 2
      vertex 23.488 41.955 2
    endloop
  endfacet
  facet normal 0 0 1
    outer loop
      vertex 43.0675 40.614 2
      vertex 22.9325 40.614 2
      vertex 43.2322 40.4322 2
    endloop
  endfacet
  facet normal 0 0 1
    outer loop
      vertex 42.512 41.955 2
      vertex 23.488 41.955 2
      vertex 42.548 41.7123 2
    endloop
  endfacet
  facet normal 0 0 1
    outer loop
      vertex 22.7678 40.4322 2
      vertex 43.2322 40.4322 2
      vertex 22.9325 40.614 2
    endloop
  endfacet
  facet normal 0 0 1
    outer loop
      vertex 23.488 41.955 2
      vertex 42.512 41.955 2
      vertex 23.5 42.2 2
    endloop
  endfacet
  facet normal 0 0 1
    outer loop
      vertex 43.2322 40.4322 2
      vertex 22.7678 40.4322 2
      vertex 43.414 40.2675 2
    endloop
  endfacet
  facet normal -0 0 1
    outer loop
      vertex 23.5 42.2 2
      vertex 42.512 41.955 2
      vertex 42.5 42.2 2
    endloop
  endfacet
  facet normal 0 0 1
    outer loop
      vertex 22.586 40.2675 2
      vertex 43.414 40.2675 2
      vertex 22.7678 40.4322 2
    endloop
  endfacet
  facet normal 0 0 1
    outer loop
      vertex 55.9291 28.8708 2
      vertex 47.0787 40.8111 2
      vertex 55.6519 28.7716 2
    endloop
  endfacet
  facet normal 0 0 1
    outer loop
      vertex 47.488 41.955 2
      vertex 54.5144 47.2059 2
      vertex 47.5 42.2 2
    endloop
  endfacet
  facet normal -0 0 1
    outer loop
      vertex 46.9325 40.614 2
      vertex 55.6519 28.7716 2
      vertex 47.0787 40.8111 2
    endloop
  endfacet
  facet normal -0 0 1
    outer loop
      vertex 46.7678 40.4322 2
      vertex 55.6519 28.7716 2
      vertex 46.9325 40.614 2
    endloop
  endfacet
  facet normal 0 0 1
    outer loop
      vertex 55.6519 28.7716 2
      vertex 46.7678 40.4322 2
      vertex 55.3858 28.6458 2
    endloop
  endfacet
  facet normal -0 0 1
    outer loop
      vertex 46.586 40.2675 2
      vertex 55.3858 28.6458 2
      vertex 46.7678 40.4322 2
    endloop
  endfacet
  facet normal 0 0 1
    outer loop
      vertex 55.3858 28.6458 2
      vertex 46.586 40.2675 2
      vertex 55.1333 28.4944 2
    endloop
  endfacet
  facet normal -0 0 1
    outer loop
      vertex 46.3889 40.1213 2
      vertex 55.1333 28.4944 2
      vertex 46.586 40.2675 2
    endloop
  endfacet
  facet normal 0 0 1
    outer loop
      vertex 46.586 44.1325 2
      vertex 54.5 47.5 2
      vertex 54.5144 47.7941 2
    endloop
  endfacet
  facet normal 0 0 1
    outer loop
      vertex 46.3889 44.2787 2
      vertex 54.5144 47.7941 2
      vertex 54.5576 48.0853 2
    endloop
  endfacet
  facet normal 0 0 1
    outer loop
      vertex 46.1785 44.4048 2
      vertex 54.5576 48.0853 2
      vertex 54.6292 48.3709 2
    endloop
  endfacet
  facet normal 0 0 1
    outer loop
      vertex 45.9567 44.5097 2
      vertex 54.6292 48.3709 2
      vertex 54.7284 48.648 2
    endloop
  endfacet
  facet normal 0 0 1
    outer loop
      vertex 45.7257 44.5924 2
      vertex 54.7284 48.648 2
      vertex 54.8542 48.9142 2
    endloop
  endfacet
  facet normal 0 0 1
    outer loop
      vertex 45.4877 44.652 2
      vertex 54.8542 48.9142 2
      vertex 55.0056 49.1667 2
    endloop
  endfacet
  facet normal 0 0 1
    outer loop
      vertex 45.245 44.688 2
      vertex 55.0056 49.1667 2
      vertex 55.181 49.4032 2
    endloop
  endfacet
  facet normal 0 0 1
    outer loop
      vertex 45 44.7 2
      vertex 55.181 49.4032 2
      vertex 55.3594 49.6 2
    endloop
  endfacet
  facet normal 0 0 1
    outer loop
      vertex 54.5144 47.2059 2
      vertex 47.488 42.445 2
      vertex 47.5 42.2 2
    endloop
  endfacet
  facet normal 0 0 1
    outer loop
      vertex 54.5144 47.2059 2
      vertex 47.452 42.6877 2
      vertex 47.488 42.445 2
    endloop
  endfacet
  facet normal 0 0 1
    outer loop
      vertex 54.5144 47.2059 2
      vertex 47.3923 42.9257 2
      vertex 47.452 42.6877 2
    endloop
  endfacet
  facet normal 0 0 1
    outer loop
      vertex 54.5144 47.2059 2
      vertex 47.3097 43.1567 2
      vertex 47.3923 42.9257 2
    endloop
  endfacet
  facet normal 0 0 1
    outer loop
      vertex 54.5144 47.2059 2
      vertex 47.2048 43.3785 2
      vertex 47.3097 43.1567 2
    endloop
  endfacet
  facet normal 0 0 1
    outer loop
      vertex 54.5144 47.2059 2
      vertex 47.0787 43.5889 2
      vertex 47.2048 43.3785 2
    endloop
  endfacet
  facet normal 0 0 1
    outer loop
      vertex 54.5144 47.2059 2
      vertex 46.9325 43.786 2
      vertex 47.0787 43.5889 2
    endloop
  endfacet
  facet normal 0 0 1
    outer loop
      vertex 54.5144 47.2059 2
      vertex 46.7678 43.9678 2
      vertex 46.9325 43.786 2
    endloop
  endfacet
  facet normal 0 0 1
    outer loop
      vertex 54.5 47.5 2
      vertex 46.586 44.1325 2
      vertex 46.7678 43.9678 2
    endloop
  endfacet
  facet normal 0 0 1
    outer loop
      vertex 54.5144 47.7941 2
      vertex 46.3889 44.2787 2
      vertex 46.586 44.1325 2
    endloop
  endfacet
  facet normal 0 0 1
    outer loop
      vertex 54.5576 48.0853 2
      vertex 46.1785 44.4048 2
      vertex 46.3889 44.2787 2
    endloop
  endfacet
  facet normal 0 0 1
    outer loop
      vertex 54.6292 48.3709 2
      vertex 45.9567 44.5097 2
      vertex 46.1785 44.4048 2
    endloop
  endfacet
  facet normal 0 0 1
    outer loop
      vertex 54.7284 48.648 2
      vertex 45.7257 44.5924 2
      vertex 45.9567 44.5097 2
    endloop
  endfacet
  facet normal 0 0 1
    outer loop
      vertex 54.8542 48.9142 2
      vertex 45.4877 44.652 2
      vertex 45.7257 44.5924 2
    endloop
  endfacet
  facet normal 0 0 1
    outer loop
      vertex 55.0056 49.1667 2
      vertex 45.245 44.688 2
      vertex 45.4877 44.652 2
    endloop
  endfacet
  facet normal 0 0 1
    outer loop
      vertex 55.181 49.4032 2
      vertex 45 44.7 2
      vertex 45.245 44.688 2
    endloop
  endfacet
  facet normal 0 0 1
    outer loop
      vertex 55.3594 49.6 2
      vertex 44.755 44.688 2
      vertex 45 44.7 2
    endloop
  endfacet
  facet normal 0 0 1
    outer loop
      vertex 55.3594 49.6 2
      vertex 44.5123 44.652 2
      vertex 44.755 44.688 2
    endloop
  endfacet
  facet normal 0 0 1
    outer loop
      vertex 55.3594 49.6 2
      vertex 44.2743 44.5924 2
      vertex 44.5123 44.652 2
    endloop
  endfacet
  facet normal 0 0 1
    outer loop
      vertex 21.7257 44.5924 2
      vertex 44.2743 44.5924 2
      vertex 55.3594 49.6 2
    endloop
  endfacet
  facet normal 0 0 1
    outer loop
      vertex 43.414 40.2675 2
      vertex 22.586 40.2675 2
      vertex 43.414 11.7325 2
    endloop
  endfacet
  facet normal 0 0 1
    outer loop
      vertex 42.512 42.445 2
      vertex 23.5 42.2 2
      vertex 42.5 42.2 2
    endloop
  endfacet
  facet normal 0 0 1
    outer loop
      vertex 23.488 42.445 2
      vertex 42.512 42.445 2
      vertex 42.548 42.6877 2
    endloop
  endfacet
  facet normal 0 0 1
    outer loop
      vertex 23.452 42.6877 2
      vertex 42.548 42.6877 2
      vertex 42.6077 42.9257 2
    endloop
  endfacet
  facet normal 0 0 1
    outer loop
      vertex 23.3923 42.9257 2
      vertex 42.6077 42.9257 2
      vertex 42.6903 43.1567 2
    endloop
  endfacet
  facet normal 0 0 1
    outer loop
      vertex 23.3097 43.1567 2
      vertex 42.6903 43.1567 2
      vertex 42.7952 43.3785 2
    endloop
  endfacet
  facet normal 0 0 1
    outer loop
      vertex 23.2048 43.3785 2
      vertex 42.7952 43.3785 2
      vertex 42.9213 43.5889 2
    endloop
  endfacet
  facet normal 0 0 1
    outer loop
      vertex 23.0787 43.5889 2
      vertex 42.9213 43.5889 2
      vertex 43.0675 43.786 2
    endloop
  endfacet
  facet normal 0 0 1
    outer loop
      vertex 22.9325 43.786 2
      vertex 43.0675 43.786 2
      vertex 43.2322 43.9678 2
    endloop
  endfacet
  facet normal 0 0 1
    outer loop
      vertex 22.7678 43.9678 2
      vertex 43.2322 43.9678 2
      vertex 43.414 44.1325 2
    endloop
  endfacet
  facet normal 0 0 1
    outer loop
      vertex 22.586 44.1325 2
      vertex 43.414 44.1325 2
      vertex 43.6111 44.2787 2
    endloop
  endfacet
  facet normal 0 0 1
    outer loop
      vertex 22.3889 44.2787 2
      vertex 43.6111 44.2787 2
      vertex 43.8215 44.4048 2
    endloop
  endfacet
  facet normal 0 0 1
    outer loop
      vertex 22.1785 44.4048 2
      vertex 43.8215 44.4048 2
      vertex 44.0433 44.5097 2
    endloop
  endfacet
  facet normal 0 0 1
    outer loop
      vertex 44.2743 44.5924 2
      vertex 21.7257 44.5924 2
      vertex 44.0433 44.5097 2
    endloop
  endfacet
  facet normal 0 0 1
    outer loop
      vertex 42.512 42.445 2
      vertex 23.488 42.445 2
      vertex 23.5 42.2 2
    endloop
  endfacet
  facet normal 0 0 1
    outer loop
      vertex 42.548 42.6877 2
      vertex 23.452 42.6877 2
      vertex 23.488 42.445 2
    endloop
  endfacet
  facet normal 0 0 1
    outer loop
      vertex 42.6077 42.9257 2
      vertex 23.3923 42.9257 2
      vertex 23.452 42.6877 2
    endloop
  endfacet
  facet normal 0 0 1
    outer loop
      vertex 42.6903 43.1567 2
      vertex 23.3097 43.1567 2
      vertex 23.3923 42.9257 2
    endloop
  endfacet
  facet normal 0 0 1
    outer loop
      vertex 42.7952 43.3785 2
      vertex 23.2048 43.3785 2
      vertex 23.3097 43.1567 2
    endloop
  endfacet
  facet normal 0 0 1
    outer loop
      vertex 42.9213 43.5889 2
      vertex 23.0787 43.5889 2
      vertex 23.2048 43.3785 2
    endloop
  endfacet
  facet normal 0 0 1
    outer loop
      vertex 43.0675 43.786 2
      vertex 22.9325 43.786 2
      vertex 23.0787 43.5889 2
    endloop
  endfacet
  facet normal 0 0 1
    outer loop
      vertex 43.2322 43.9678 2
      vertex 22.7678 43.9678 2
      vertex 22.9325 43.786 2
    endloop
  endfacet
  facet normal 0 0 1
    outer loop
      vertex 43.414 44.1325 2
      vertex 22.586 44.1325 2
      vertex 22.7678 43.9678 2
    endloop
  endfacet
  facet normal 0 0 1
    outer loop
      vertex 43.6111 44.2787 2
      vertex 22.3889 44.2787 2
      vertex 22.586 44.1325 2
    endloop
  endfacet
  facet normal 0 0 1
    outer loop
      vertex 43.8215 44.4048 2
      vertex 22.1785 44.4048 2
      vertex 22.3889 44.2787 2
    endloop
  endfacet
  facet normal 0 0 1
    outer loop
      vertex 44.0433 44.5097 2
      vertex 21.9567 44.5097 2
      vertex 22.1785 44.4048 2
    endloop
  endfacet
  facet normal 0 0 1
    outer loop
      vertex 44.0433 44.5097 2
      vertex 21.7257 44.5924 2
      vertex 21.9567 44.5097 2
    endloop
  endfacet
  facet normal 0 0 1
    outer loop
      vertex 55.3594 49.6 2
      vertex 21.4877 44.652 2
      vertex 21.7257 44.5924 2
    endloop
  endfacet
  facet normal -0 0 1
    outer loop
      vertex 6.64064 49.6 2
      vertex 21.4877 44.652 2
      vertex 55.3594 49.6 2
    endloop
  endfacet
  facet normal 0 0 1
    outer loop
      vertex 21.4877 44.652 2
      vertex 6.64064 49.6 2
      vertex 21.245 44.688 2
    endloop
  endfacet
  facet normal 0 0 1
    outer loop
      vertex 21.245 44.688 2
      vertex 6.64064 49.6 2
      vertex 21 44.7 2
    endloop
  endfacet
  facet normal 0 0 1
    outer loop
      vertex 19.414 11.7325 2
      vertex 7.32132 23.8787 2
      vertex 19.2322 11.5678 2
    endloop
  endfacet
  facet normal 0 0 1
    outer loop
      vertex 6.99441 45.8333 2
      vertex 18.5 42.2 2
      vertex 18.512 42.445 2
    endloop
  endfacet
  facet normal 0 0 1
    outer loop
      vertex 7.14576 46.0858 2
      vertex 18.512 42.445 2
      vertex 18.548 42.6877 2
    endloop
  endfacet
  facet normal 0 0 1
    outer loop
      vertex 7.27164 46.352 2
      vertex 18.548 42.6877 2
      vertex 18.6076 42.9257 2
    endloop
  endfacet
  facet normal 0 0 1
    outer loop
      vertex 7.37082 46.6291 2
      vertex 18.6076 42.9257 2
      vertex 18.6903 43.1567 2
    endloop
  endfacet
  facet normal 0 0 1
    outer loop
      vertex 7.44236 46.9147 2
      vertex 18.6903 43.1567 2
      vertex 18.7952 43.3785 2
    endloop
  endfacet
  facet normal 0 0 1
    outer loop
      vertex 7.48555 47.2059 2
      vertex 18.7952 43.3785 2
      vertex 18.9213 43.5889 2
    endloop
  endfacet
  facet normal 0 0 1
    outer loop
      vertex 21 39.7 2
      vertex 8.18555 26.2941 2
      vertex 8.2 26 2
    endloop
  endfacet
  facet normal 0 0 1
    outer loop
      vertex 20.755 39.712 2
      vertex 8.14235 26.5853 2
      vertex 8.18555 26.2941 2
    endloop
  endfacet
  facet normal 0 0 1
    outer loop
      vertex 20.5123 39.748 2
      vertex 8.07082 26.8709 2
      vertex 8.14235 26.5853 2
    endloop
  endfacet
  facet normal 0 0 1
    outer loop
      vertex 20.2743 39.8076 2
      vertex 7.97164 27.148 2
      vertex 8.07082 26.8709 2
    endloop
  endfacet
  facet normal 0 0 1
    outer loop
      vertex 20.0433 39.8903 2
      vertex 7.84576 27.4142 2
      vertex 7.97164 27.148 2
    endloop
  endfacet
  facet normal 0 0 1
    outer loop
      vertex 19.8215 39.9952 2
      vertex 7.69441 27.6667 2
      vertex 7.84576 27.4142 2
    endloop
  endfacet
  facet normal 0 0 1
    outer loop
      vertex 19.6111 40.1213 2
      vertex 7.51903 27.9032 2
      vertex 7.69441 27.6667 2
    endloop
  endfacet
  facet normal -0 0 1
    outer loop
      vertex 7.48555 47.2059 2
      vertex 18.9213 43.5889 2
      vertex 7.5 47.5 2
    endloop
  endfacet
  facet normal 0 0 1
    outer loop
      vertex 19.0675 43.786 2
      vertex 7.5 47.5 2
      vertex 18.9213 43.5889 2
    endloop
  endfacet
  facet normal 0 0 1
    outer loop
      vertex 7.48555 47.7941 2
      vertex 19.0675 43.786 2
      vertex 19.2322 43.9678 2
    endloop
  endfacet
  facet normal 0 0 1
    outer loop
      vertex 7.44236 48.0853 2
      vertex 19.2322 43.9678 2
      vertex 19.414 44.1325 2
    endloop
  endfacet
  facet normal 0 0 1
    outer loop
      vertex 7.37082 48.3709 2
      vertex 19.414 44.1325 2
      vertex 19.6111 44.2787 2
    endloop
  endfacet
  facet normal 0 0 1
    outer loop
      vertex 7.27164 48.648 2
      vertex 19.6111 44.2787 2
      vertex 19.8215 44.4048 2
    endloop
  endfacet
  facet normal 0 0 1
    outer loop
      vertex 7.14576 48.9142 2
      vertex 19.8215 44.4048 2
      vertex 20.0433 44.5097 2
    endloop
  endfacet
  facet normal 0 0 1
    outer loop
      vertex 6.99441 49.1667 2
      vertex 20.0433 44.5097 2
      vertex 20.2743 44.5924 2
    endloop
  endfacet
  facet normal 0 0 1
    outer loop
      vertex 6.81903 49.4032 2
      vertex 20.2743 44.5924 2
      vertex 20.5123 44.652 2
    endloop
  endfacet
  facet normal 0 0 1
    outer loop
      vertex 6.64064 49.6 2
      vertex 20.5123 44.652 2
      vertex 20.755 44.688 2
    endloop
  endfacet
  facet normal 0 0 1
    outer loop
      vertex 21 44.7 2
      vertex 6.64064 49.6 2
      vertex 20.755 44.688 2
    endloop
  endfacet
  facet normal 0 0 1
    outer loop
      vertex 19.0675 43.786 2
      vertex 7.48555 47.7941 2
      vertex 7.5 47.5 2
    endloop
  endfacet
  facet normal 0 0 1
    outer loop
      vertex 19.2322 43.9678 2
      vertex 7.44236 48.0853 2
      vertex 7.48555 47.7941 2
    endloop
  endfacet
  facet normal 0 0 1
    outer loop
      vertex 19.414 44.1325 2
      vertex 7.37082 48.3709 2
      vertex 7.44236 48.0853 2
    endloop
  endfacet
  facet normal 0 0 1
    outer loop
      vertex 19.6111 44.2787 2
      vertex 7.27164 48.648 2
      vertex 7.37082 48.3709 2
    endloop
  endfacet
  facet normal 0 0 1
    outer loop
      vertex 19.8215 44.4048 2
      vertex 7.14576 48.9142 2
      vertex 7.27164 48.648 2
    endloop
  endfacet
  facet normal 0 0 1
    outer loop
      vertex 20.0433 44.5097 2
      vertex 6.99441 49.1667 2
      vertex 7.14576 48.9142 2
    endloop
  endfacet
  facet normal 0 0 1
    outer loop
      vertex 20.2743 44.5924 2
      vertex 6.81903 49.4032 2
      vertex 6.99441 49.1667 2
    endloop
  endfacet
  facet normal 0 0 1
    outer loop
      vertex 20.5123 44.652 2
      vertex 6.64064 49.6 2
      vertex 6.81903 49.4032 2
    endloop
  endfacet
  facet normal 0 0 1
    outer loop
      vertex 59.6 45.3594 2
      vertex 59.5716 27.148 2
      vertex 59.6 27.0688 2
    endloop
  endfacet
  facet normal 0 0 1
    outer loop
      vertex 59.6 45.3594 2
      vertex 59.4458 27.4142 2
      vertex 59.5716 27.148 2
    endloop
  endfacet
  facet normal 0 0 1
    outer loop
      vertex 58.9213 28.1213 2
      vertex 59.6 45.3594 2
      vertex 59.4032 45.181 2
    endloop
  endfacet
  facet normal 0 0 1
    outer loop
      vertex 59.6 45.3594 2
      vertex 59.2944 27.6667 2
      vertex 59.4458 27.4142 2
    endloop
  endfacet
  facet normal 0 0 1
    outer loop
      vertex 58.7032 28.319 2
      vertex 59.4032 45.181 2
      vertex 59.1667 45.0056 2
    endloop
  endfacet
  facet normal 0 0 1
    outer loop
      vertex 59.6 45.3594 2
      vertex 59.119 27.9032 2
      vertex 59.2944 27.6667 2
    endloop
  endfacet
  facet normal 0 0 1
    outer loop
      vertex 59.6 45.3594 2
      vertex 58.9213 28.1213 2
      vertex 59.119 27.9032 2
    endloop
  endfacet
  facet normal 0 0 1
    outer loop
      vertex 58.4667 28.4944 2
      vertex 59.1667 45.0056 2
      vertex 58.9142 44.8542 2
    endloop
  endfacet
  facet normal 0 0 1
    outer loop
      vertex 59.4032 45.181 2
      vertex 58.7032 28.319 2
      vertex 58.9213 28.1213 2
    endloop
  endfacet
  facet normal 0 0 1
    outer loop
      vertex 58.2142 28.6458 2
      vertex 58.9142 44.8542 2
      vertex 58.648 44.7284 2
    endloop
  endfacet
  facet normal 0 0 1
    outer loop
      vertex 59.1667 45.0056 2
      vertex 58.4667 28.4944 2
      vertex 58.7032 28.319 2
    endloop
  endfacet
  facet normal 0 0 1
    outer loop
      vertex 57.9481 28.7716 2
      vertex 58.648 44.7284 2
      vertex 58.3709 44.6292 2
    endloop
  endfacet
  facet normal 0 0 1
    outer loop
      vertex 58.9142 44.8542 2
      vertex 58.2142 28.6458 2
      vertex 58.4667 28.4944 2
    endloop
  endfacet
  facet normal 0 0 1
    outer loop
      vertex 57.6709 28.8708 2
      vertex 58.3709 44.6292 2
      vertex 58.0853 44.5576 2
    endloop
  endfacet
  facet normal 0 0 1
    outer loop
      vertex 58.648 44.7284 2
      vertex 57.9481 28.7716 2
      vertex 58.2142 28.6458 2
    endloop
  endfacet
  facet normal 0 0 1
    outer loop
      vertex 57.3853 28.9424 2
      vertex 58.0853 44.5576 2
      vertex 57.7941 44.5144 2
    endloop
  endfacet
  facet normal 0 0 1
    outer loop
      vertex 58.3709 44.6292 2
      vertex 57.6709 28.8708 2
      vertex 57.9481 28.7716 2
    endloop
  endfacet
  facet normal 0 0 1
    outer loop
      vertex 57.0941 28.9856 2
      vertex 57.7941 44.5144 2
      vertex 57.5 44.5 2
    endloop
  endfacet
  facet normal 0 0 1
    outer loop
      vertex 58.0853 44.5576 2
      vertex 57.3853 28.9424 2
      vertex 57.6709 28.8708 2
    endloop
  endfacet
  facet normal 0 0 1
    outer loop
      vertex 56.8 29 2
      vertex 57.5 44.5 2
      vertex 57.2059 44.5144 2
    endloop
  endfacet
  facet normal 0 0 1
    outer loop
      vertex 57.7941 44.5144 2
      vertex 57.0941 28.9856 2
      vertex 57.3853 28.9424 2
    endloop
  endfacet
  facet normal 0 0 1
    outer loop
      vertex 56.5059 28.9856 2
      vertex 57.2059 44.5144 2
      vertex 56.9147 44.5576 2
    endloop
  endfacet
  facet normal 0 0 1
    outer loop
      vertex 57.5 44.5 2
      vertex 56.8 29 2
      vertex 57.0941 28.9856 2
    endloop
  endfacet
  facet normal 0 0 1
    outer loop
      vertex 56.2147 28.9424 2
      vertex 56.9147 44.5576 2
      vertex 56.6291 44.6292 2
    endloop
  endfacet
  facet normal 0 0 1
    outer loop
      vertex 57.2059 44.5144 2
      vertex 56.5059 28.9856 2
      vertex 56.8 29 2
    endloop
  endfacet
  facet normal 0 0 1
    outer loop
      vertex 55.8333 45.0056 2
      vertex 47.3923 41.4743 2
      vertex 56.0858 44.8542 2
    endloop
  endfacet
  facet normal 0 0 1
    outer loop
      vertex 56.9147 44.5576 2
      vertex 56.2147 28.9424 2
      vertex 56.5059 28.9856 2
    endloop
  endfacet
  facet normal 0 0 1
    outer loop
      vertex 47.3923 41.4743 2
      vertex 55.8333 45.0056 2
      vertex 47.452 41.7123 2
    endloop
  endfacet
  facet normal 0 0 1
    outer loop
      vertex 56.352 44.7284 2
      vertex 47.2048 41.0215 2
      vertex 56.6291 44.6292 2
    endloop
  endfacet
  facet normal 0 0 1
    outer loop
      vertex 55.5968 45.181 2
      vertex 47.452 41.7123 2
      vertex 55.8333 45.0056 2
    endloop
  endfacet
  facet normal 0 0 1
    outer loop
      vertex 47.3097 41.2433 2
      vertex 56.0858 44.8542 2
      vertex 47.3923 41.4743 2
    endloop
  endfacet
  facet normal 0 0 1
    outer loop
      vertex 47.452 41.7123 2
      vertex 55.5968 45.181 2
      vertex 47.488 41.955 2
    endloop
  endfacet
  facet normal 0 0 1
    outer loop
      vertex 56.0858 44.8542 2
      vertex 47.3097 41.2433 2
      vertex 56.352 44.7284 2
    endloop
  endfacet
  facet normal 0 0 1
    outer loop
      vertex 47.488 41.955 2
      vertex 55.5968 45.181 2
      vertex 55.3787 45.3787 2
    endloop
  endfacet
  facet normal 0 0 1
    outer loop
      vertex 47.488 41.955 2
      vertex 55.3787 45.3787 2
      vertex 55.181 45.5968 2
    endloop
  endfacet
  facet normal 0 0 1
    outer loop
      vertex 47.2048 41.0215 2
      vertex 56.352 44.7284 2
      vertex 47.3097 41.2433 2
    endloop
  endfacet
  facet normal 0 0 1
    outer loop
      vertex 47.488 41.955 2
      vertex 55.181 45.5968 2
      vertex 55.0056 45.8333 2
    endloop
  endfacet
  facet normal 0 0 1
    outer loop
      vertex 56.6291 44.6292 2
      vertex 47.2048 41.0215 2
      vertex 56.2147 28.9424 2
    endloop
  endfacet
  facet normal 0 0 1
    outer loop
      vertex 47.488 41.955 2
      vertex 55.0056 45.8333 2
      vertex 54.8542 46.0858 2
    endloop
  endfacet
  facet normal 0 0 1
    outer loop
      vertex 47.488 41.955 2
      vertex 54.8542 46.0858 2
      vertex 54.7284 46.352 2
    endloop
  endfacet
  facet normal 0 0 1
    outer loop
      vertex 56.2147 28.9424 2
      vertex 47.2048 41.0215 2
      vertex 55.9291 28.8708 2
    endloop
  endfacet
  facet normal 0 0 1
    outer loop
      vertex 47.488 41.955 2
      vertex 54.7284 46.352 2
      vertex 54.6292 46.6291 2
    endloop
  endfacet
  facet normal 0 0 1
    outer loop
      vertex 47.488 41.955 2
      vertex 54.6292 46.6291 2
      vertex 54.5576 46.9147 2
    endloop
  endfacet
  facet normal 0 0 1
    outer loop
      vertex 47.488 41.955 2
      vertex 54.5576 46.9147 2
      vertex 54.5144 47.2059 2
    endloop
  endfacet
  facet normal 0 0 1
    outer loop
      vertex 46.7678 43.9678 2
      vertex 54.5144 47.2059 2
      vertex 54.5 47.5 2
    endloop
  endfacet
  facet normal -0 0 1
    outer loop
      vertex 47.0787 40.8111 2
      vertex 55.9291 28.8708 2
      vertex 47.2048 41.0215 2
    endloop
  endfacet
  facet normal 0 0 1
    outer loop
      vertex 18.7952 43.3785 2
      vertex 7.48555 47.2059 2
      vertex 7.44236 46.9147 2
    endloop
  endfacet
  facet normal 0 0 1
    outer loop
      vertex 18.6903 43.1567 2
      vertex 7.44236 46.9147 2
      vertex 7.37082 46.6291 2
    endloop
  endfacet
  facet normal 0 0 1
    outer loop
      vertex 18.6076 42.9257 2
      vertex 7.37082 46.6291 2
      vertex 7.27164 46.352 2
    endloop
  endfacet
  facet normal 0 0 1
    outer loop
      vertex 18.548 42.6877 2
      vertex 7.27164 46.352 2
      vertex 7.14576 46.0858 2
    endloop
  endfacet
  facet normal 0 0 1
    outer loop
      vertex 18.512 42.445 2
      vertex 7.14576 46.0858 2
      vertex 6.99441 45.8333 2
    endloop
  endfacet
  facet normal 0 0 1
    outer loop
      vertex 18.5 42.2 2
      vertex 6.99441 45.8333 2
      vertex 6.81903 45.5968 2
    endloop
  endfacet
  facet normal 0 0 1
    outer loop
      vertex 18.512 41.955 2
      vertex 6.81903 45.5968 2
      vertex 6.62132 45.3787 2
    endloop
  endfacet
  facet normal 0 0 1
    outer loop
      vertex 19.414 40.2675 2
      vertex 7.32132 28.1213 2
      vertex 7.51903 27.9032 2
    endloop
  endfacet
  facet normal 0 0 1
    outer loop
      vertex 18.548 41.7123 2
      vertex 6.62132 45.3787 2
      vertex 6.40318 45.181 2
    endloop
  endfacet
  facet normal 0 0 1
    outer loop
      vertex 19.2322 40.4322 2
      vertex 7.10318 28.319 2
      vertex 7.32132 28.1213 2
    endloop
  endfacet
  facet normal 0 0 1
    outer loop
      vertex 18.6076 41.4743 2
      vertex 6.40318 45.181 2
      vertex 6.16671 45.0056 2
    endloop
  endfacet
  facet normal 0 0 1
    outer loop
      vertex 19.0675 40.614 2
      vertex 6.86671 28.4944 2
      vertex 7.10318 28.319 2
    endloop
  endfacet
  facet normal 0 0 1
    outer loop
      vertex 18.6903 41.2433 2
      vertex 6.16671 45.0056 2
      vertex 5.91419 44.8542 2
    endloop
  endfacet
  facet normal 0 0 1
    outer loop
      vertex 18.9213 40.8111 2
      vertex 6.61419 28.6458 2
      vertex 6.86671 28.4944 2
    endloop
  endfacet
  facet normal 0 0 1
    outer loop
      vertex 18.7952 41.0215 2
      vertex 5.91419 44.8542 2
      vertex 6.61419 28.6458 2
    endloop
  endfacet
  facet normal 0 0 1
    outer loop
      vertex 6.61419 28.6458 2
      vertex 5.91419 44.8542 2
      vertex 6.34805 28.7716 2
    endloop
  endfacet
  facet normal -0 0 1
    outer loop
      vertex 5.64805 44.7284 2
      vertex 6.34805 28.7716 2
      vertex 5.91419 44.8542 2
    endloop
  endfacet
  facet normal 0 0 1
    outer loop
      vertex 6.34805 28.7716 2
      vertex 5.64805 44.7284 2
      vertex 6.07085 28.8708 2
    endloop
  endfacet
  facet normal -0 0 1
    outer loop
      vertex 5.37085 44.6292 2
      vertex 6.07085 28.8708 2
      vertex 5.64805 44.7284 2
    endloop
  endfacet
  facet normal 0 0 1
    outer loop
      vertex 6.07085 28.8708 2
      vertex 5.37085 44.6292 2
      vertex 5.78527 28.9424 2
    endloop
  endfacet
  facet normal -0 0 1
    outer loop
      vertex 5.08527 44.5576 2
      vertex 5.78527 28.9424 2
      vertex 5.37085 44.6292 2
    endloop
  endfacet
  facet normal 0 0 1
    outer loop
      vertex 5.78527 28.9424 2
      vertex 5.08527 44.5576 2
      vertex 5.49405 28.9856 2
    endloop
  endfacet
  facet normal -0 0 1
    outer loop
      vertex 4.79405 44.5144 2
      vertex 5.49405 28.9856 2
      vertex 5.08527 44.5576 2
    endloop
  endfacet
  facet normal 0 0 1
    outer loop
      vertex 5.49405 28.9856 2
      vertex 4.79405 44.5144 2
      vertex 5.2 29 2
    endloop
  endfacet
  facet normal -0 0 1
    outer loop
      vertex 4.5 44.5 2
      vertex 5.2 29 2
      vertex 4.79405 44.5144 2
    endloop
  endfacet
  facet normal 0 0 1
    outer loop
      vertex 5.2 29 2
      vertex 4.5 44.5 2
      vertex 4.90595 28.9856 2
    endloop
  endfacet
  facet normal 0 0 1
    outer loop
      vertex 4.20595 44.5144 2
      vertex 4.90595 28.9856 2
      vertex 4.5 44.5 2
    endloop
  endfacet
  facet normal 0 0 1
    outer loop
      vertex 4.90595 28.9856 2
      vertex 4.20595 44.5144 2
      vertex 4.61473 28.9424 2
    endloop
  endfacet
  facet normal 0 0 1
    outer loop
      vertex 3.91473 44.5576 2
      vertex 4.61473 28.9424 2
      vertex 4.20595 44.5144 2
    endloop
  endfacet
  facet normal 0 0 1
    outer loop
      vertex 4.61473 28.9424 2
      vertex 3.91473 44.5576 2
      vertex 4.32915 28.8708 2
    endloop
  endfacet
  facet normal 0 0 1
    outer loop
      vertex 3.62915 44.6292 2
      vertex 4.32915 28.8708 2
      vertex 3.91473 44.5576 2
    endloop
  endfacet
  facet normal 0 0 1
    outer loop
      vertex 4.32915 28.8708 2
      vertex 3.62915 44.6292 2
      vertex 4.05195 28.7716 2
    endloop
  endfacet
  facet normal 0 0 1
    outer loop
      vertex 3.35195 44.7284 2
      vertex 4.05195 28.7716 2
      vertex 3.62915 44.6292 2
    endloop
  endfacet
  facet normal 0 0 1
    outer loop
      vertex 4.05195 28.7716 2
      vertex 3.35195 44.7284 2
      vertex 3.78581 28.6458 2
    endloop
  endfacet
  facet normal 0 0 1
    outer loop
      vertex 3.08581 44.8542 2
      vertex 3.78581 28.6458 2
      vertex 3.35195 44.7284 2
    endloop
  endfacet
  facet normal 0 0 1
    outer loop
      vertex 3.78581 28.6458 2
      vertex 3.08581 44.8542 2
      vertex 3.53329 28.4944 2
    endloop
  endfacet
  facet normal 0 0 1
    outer loop
      vertex 2.83329 45.0056 2
      vertex 3.53329 28.4944 2
      vertex 3.08581 44.8542 2
    endloop
  endfacet
  facet normal 0 0 1
    outer loop
      vertex 3.53329 28.4944 2
      vertex 2.83329 45.0056 2
      vertex 3.29682 28.319 2
    endloop
  endfacet
  facet normal 0 0 1
    outer loop
      vertex 2.59682 45.181 2
      vertex 3.29682 28.319 2
      vertex 2.83329 45.0056 2
    endloop
  endfacet
  facet normal 0 0 1
    outer loop
      vertex 3.29682 28.319 2
      vertex 2.59682 45.181 2
      vertex 3.07868 28.1213 2
    endloop
  endfacet
  facet normal 0 0 1
    outer loop
      vertex 2.39999 45.3594 2
      vertex 3.07868 28.1213 2
      vertex 2.59682 45.181 2
    endloop
  endfacet
  facet normal 0 0 1
    outer loop
      vertex 3.07868 28.1213 2
      vertex 2.39999 45.3594 2
      vertex 2.88097 27.9032 2
    endloop
  endfacet
  facet normal 0 0 1
    outer loop
      vertex 2.88097 27.9032 2
      vertex 2.39999 45.3594 2
      vertex 2.70559 27.6667 2
    endloop
  endfacet
  facet normal 0 0 1
    outer loop
      vertex 2.70559 27.6667 2
      vertex 2.39999 45.3594 2
      vertex 2.55424 27.4142 2
    endloop
  endfacet
  facet normal 0 0 1
    outer loop
      vertex 2.55424 27.4142 2
      vertex 2.39999 45.3594 2
      vertex 2.42836 27.148 2
    endloop
  endfacet
  facet normal 0 0 1
    outer loop
      vertex 2.42836 27.148 2
      vertex 2.39999 45.3594 2
      vertex 2.39999 27.0688 2
    endloop
  endfacet
  facet normal 0.595703 0.803204 -0
    outer loop
      vertex 6.40318 6.81903 2
      vertex 6.16671 6.99441 30.6
      vertex 6.40318 6.81903 30.6
    endloop
  endfacet
  facet normal 0.595703 0.803204 0
    outer loop
      vertex 6.16671 6.99441 30.6
      vertex 6.40318 6.81903 2
      vertex 6.16671 6.99441 2
    endloop
  endfacet
  facet normal -0.427569 0.903983 0
    outer loop
      vertex 3.35195 7.27164 2
      vertex 3.08581 7.14576 30.6
      vertex 3.35195 7.27164 30.6
    endloop
  endfacet
  facet normal -0.427569 0.903983 0
    outer loop
      vertex 3.08581 7.14576 30.6
      vertex 3.35195 7.27164 2
      vertex 3.08581 7.14576 2
    endloop
  endfacet
  facet normal 0.903983 0.427569 0
    outer loop
      vertex 7.27164 5.64805 30.6
      vertex 7.14576 5.91419 2
      vertex 7.14576 5.91419 30.6
    endloop
  endfacet
  facet normal 0.903983 0.427569 0
    outer loop
      vertex 7.14576 5.91419 2
      vertex 7.27164 5.64805 30.6
      vertex 7.27164 5.64805 2
    endloop
  endfacet
  facet normal 0.857736 0.514091 0
    outer loop
      vertex 7.14576 5.91419 30.6
      vertex 6.99441 6.16671 2
      vertex 6.99441 6.16671 30.6
    endloop
  endfacet
  facet normal 0.857736 0.514091 0
    outer loop
      vertex 6.99441 6.16671 2
      vertex 7.14576 5.91419 30.6
      vertex 7.14576 5.91419 2
    endloop
  endfacet
  facet normal 0.336879 0.941548 -0
    outer loop
      vertex 5.64805 7.27164 2
      vertex 5.37085 7.37082 30.6
      vertex 5.64805 7.27164 30.6
    endloop
  endfacet
  facet normal 0.336879 0.941548 0
    outer loop
      vertex 5.37085 7.37082 30.6
      vertex 5.64805 7.27164 2
      vertex 5.37085 7.37082 2
    endloop
  endfacet
  facet normal -0.242999 0.970027 0
    outer loop
      vertex 3.91473 7.44236 2
      vertex 3.62915 7.37082 30.6
      vertex 3.91473 7.44236 30.6
    endloop
  endfacet
  facet normal -0.242999 0.970027 0
    outer loop
      vertex 3.62915 7.37082 30.6
      vertex 3.91473 7.44236 2
      vertex 3.62915 7.37082 2
    endloop
  endfacet
  facet normal 0.998795 -0.0490821 0
    outer loop
      vertex 7.48555 4.20595 30.6
      vertex 7.5 4.5 2
      vertex 7.5 4.5 30.6
    endloop
  endfacet
  facet normal 0.998795 -0.0490821 0
    outer loop
      vertex 7.5 4.5 2
      vertex 7.48555 4.20595 30.6
      vertex 7.48555 4.20595 2
    endloop
  endfacet
  facet normal 0.803204 -0.595703 0
    outer loop
      vertex 6.81903 2.59682 30.6
      vertex 6.99441 2.83329 2
      vertex 6.99441 2.83329 30.6
    endloop
  endfacet
  facet normal 0.803204 -0.595703 0
    outer loop
      vertex 6.99441 2.83329 2
      vertex 6.81903 2.59682 30.6
      vertex 6.81903 2.59682 2
    endloop
  endfacet
  facet normal 0.989181 0.146703 0
    outer loop
      vertex 7.48555 4.79405 30.6
      vertex 7.44236 5.08527 2
      vertex 7.44236 5.08527 30.6
    endloop
  endfacet
  facet normal 0.989181 0.146703 0
    outer loop
      vertex 7.44236 5.08527 2
      vertex 7.48555 4.79405 30.6
      vertex 7.48555 4.79405 2
    endloop
  endfacet
  facet normal 0.970027 0.242999 0
    outer loop
      vertex 7.44236 5.08527 30.6
      vertex 7.37082 5.37085 2
      vertex 7.37082 5.37085 30.6
    endloop
  endfacet
  facet normal 0.970027 0.242999 0
    outer loop
      vertex 7.37082 5.37085 2
      vertex 7.44236 5.08527 30.6
      vertex 7.44236 5.08527 2
    endloop
  endfacet
  facet normal 0.941548 0.336879 0
    outer loop
      vertex 7.37082 5.37085 30.6
      vertex 7.27164 5.64805 2
      vertex 7.27164 5.64805 30.6
    endloop
  endfacet
  facet normal 0.941548 0.336879 0
    outer loop
      vertex 7.27164 5.64805 2
      vertex 7.37082 5.37085 30.6
      vertex 7.37082 5.37085 2
    endloop
  endfacet
  facet normal 0.740952 0.671558 0
    outer loop
      vertex 6.81903 6.40318 30.6
      vertex 6.62132 6.62132 2
      vertex 6.62132 6.62132 30.6
    endloop
  endfacet
  facet normal 0.740952 0.671558 0
    outer loop
      vertex 6.62132 6.62132 2
      vertex 6.81903 6.40318 30.6
      vertex 6.81903 6.40318 2
    endloop
  endfacet
  facet normal 0.803204 0.595703 0
    outer loop
      vertex 6.99441 6.16671 30.6
      vertex 6.81903 6.40318 2
      vertex 6.81903 6.40318 30.6
    endloop
  endfacet
  facet normal 0.803204 0.595703 0
    outer loop
      vertex 6.81903 6.40318 2
      vertex 6.99441 6.16671 30.6
      vertex 6.99441 6.16671 2
    endloop
  endfacet
  facet normal 0.671558 0.740952 -0
    outer loop
      vertex 6.62132 6.62132 2
      vertex 6.40318 6.81903 30.6
      vertex 6.62132 6.62132 30.6
    endloop
  endfacet
  facet normal 0.671558 0.740952 0
    outer loop
      vertex 6.40318 6.81903 30.6
      vertex 6.62132 6.62132 2
      vertex 6.40318 6.81903 2
    endloop
  endfacet
  facet normal 0.514091 0.857736 -0
    outer loop
      vertex 6.16671 6.99441 2
      vertex 5.91419 7.14576 30.6
      vertex 6.16671 6.99441 30.6
    endloop
  endfacet
  facet normal 0.514091 0.857736 0
    outer loop
      vertex 5.91419 7.14576 30.6
      vertex 6.16671 6.99441 2
      vertex 5.91419 7.14576 2
    endloop
  endfacet
  facet normal -0.0490821 0.998795 0
    outer loop
      vertex 4.5 7.5 2
      vertex 4.20595 7.48555 30.6
      vertex 4.5 7.5 30.6
    endloop
  endfacet
  facet normal -0.0490821 0.998795 0
    outer loop
      vertex 4.20595 7.48555 30.6
      vertex 4.5 7.5 2
      vertex 4.20595 7.48555 2
    endloop
  endfacet
  facet normal 0.427569 0.903983 -0
    outer loop
      vertex 5.91419 7.14576 2
      vertex 5.64805 7.27164 30.6
      vertex 5.91419 7.14576 30.6
    endloop
  endfacet
  facet normal 0.427569 0.903983 0
    outer loop
      vertex 5.64805 7.27164 30.6
      vertex 5.91419 7.14576 2
      vertex 5.64805 7.27164 2
    endloop
  endfacet
  facet normal 0.242999 0.970027 -0
    outer loop
      vertex 5.37085 7.37082 2
      vertex 5.08527 7.44236 30.6
      vertex 5.37085 7.37082 30.6
    endloop
  endfacet
  facet normal 0.242999 0.970027 0
    outer loop
      vertex 5.08527 7.44236 30.6
      vertex 5.37085 7.37082 2
      vertex 5.08527 7.44236 2
    endloop
  endfacet
  facet normal 0.146703 0.989181 -0
    outer loop
      vertex 5.08527 7.44236 2
      vertex 4.79405 7.48555 30.6
      vertex 5.08527 7.44236 30.6
    endloop
  endfacet
  facet normal 0.146703 0.989181 0
    outer loop
      vertex 4.79405 7.48555 30.6
      vertex 5.08527 7.44236 2
      vertex 4.79405 7.48555 2
    endloop
  endfacet
  facet normal -0.336879 0.941548 0
    outer loop
      vertex 3.62915 7.37082 2
      vertex 3.35195 7.27164 30.6
      vertex 3.62915 7.37082 30.6
    endloop
  endfacet
  facet normal -0.336879 0.941548 0
    outer loop
      vertex 3.35195 7.27164 30.6
      vertex 3.62915 7.37082 2
      vertex 3.35195 7.27164 2
    endloop
  endfacet
  facet normal -0.146703 0.989181 0
    outer loop
      vertex 4.20595 7.48555 2
      vertex 3.91473 7.44236 30.6
      vertex 4.20595 7.48555 30.6
    endloop
  endfacet
  facet normal -0.146703 0.989181 0
    outer loop
      vertex 3.91473 7.44236 30.6
      vertex 4.20595 7.48555 2
      vertex 3.91473 7.44236 2
    endloop
  endfacet
  facet normal -0.595703 0.803204 0
    outer loop
      vertex 2.83329 6.99441 2
      vertex 2.59682 6.81903 30.6
      vertex 2.83329 6.99441 30.6
    endloop
  endfacet
  facet normal -0.595703 0.803204 0
    outer loop
      vertex 2.59682 6.81903 30.6
      vertex 2.83329 6.99441 2
      vertex 2.59682 6.81903 2
    endloop
  endfacet
  facet normal -0.671546 0.740963 0
    outer loop
      vertex 2.59682 6.81903 2
      vertex 2.39999 6.64064 30.6
      vertex 2.59682 6.81903 30.6
    endloop
  endfacet
  facet normal -0.671546 0.740963 0
    outer loop
      vertex 2.39999 6.64064 30.6
      vertex 2.59682 6.81903 2
      vertex 2.39999 6.64064 2
    endloop
  endfacet
  facet normal -0.514091 0.857736 0
    outer loop
      vertex 3.08581 7.14576 2
      vertex 2.83329 6.99441 30.6
      vertex 3.08581 7.14576 30.6
    endloop
  endfacet
  facet normal -0.514091 0.857736 0
    outer loop
      vertex 2.83329 6.99441 30.6
      vertex 3.08581 7.14576 2
      vertex 2.83329 6.99441 2
    endloop
  endfacet
  facet normal 0.998795 0.0490821 0
    outer loop
      vertex 7.5 4.5 30.6
      vertex 7.48555 4.79405 2
      vertex 7.48555 4.79405 30.6
    endloop
  endfacet
  facet normal 0.998795 0.0490821 0
    outer loop
      vertex 7.48555 4.79405 2
      vertex 7.5 4.5 30.6
      vertex 7.5 4.5 2
    endloop
  endfacet
  facet normal 0.970027 -0.242999 0
    outer loop
      vertex 7.37082 3.62915 30.6
      vertex 7.44236 3.91473 2
      vertex 7.44236 3.91473 30.6
    endloop
  endfacet
  facet normal 0.970027 -0.242999 0
    outer loop
      vertex 7.44236 3.91473 2
      vertex 7.37082 3.62915 30.6
      vertex 7.37082 3.62915 2
    endloop
  endfacet
  facet normal 0.903983 -0.427569 0
    outer loop
      vertex 7.14576 3.08581 30.6
      vertex 7.27164 3.35195 2
      vertex 7.27164 3.35195 30.6
    endloop
  endfacet
  facet normal 0.903983 -0.427569 0
    outer loop
      vertex 7.27164 3.35195 2
      vertex 7.14576 3.08581 30.6
      vertex 7.14576 3.08581 2
    endloop
  endfacet
  facet normal 0.0490821 0.998795 -0
    outer loop
      vertex 4.79405 7.48555 2
      vertex 4.5 7.5 30.6
      vertex 4.79405 7.48555 30.6
    endloop
  endfacet
  facet normal 0.0490821 0.998795 0
    outer loop
      vertex 4.5 7.5 30.6
      vertex 4.79405 7.48555 2
      vertex 4.5 7.5 2
    endloop
  endfacet
  facet normal 0.989181 -0.146703 0
    outer loop
      vertex 7.44236 3.91473 30.6
      vertex 7.48555 4.20595 2
      vertex 7.48555 4.20595 30.6
    endloop
  endfacet
  facet normal 0.989181 -0.146703 0
    outer loop
      vertex 7.48555 4.20595 2
      vertex 7.44236 3.91473 30.6
      vertex 7.44236 3.91473 2
    endloop
  endfacet
  facet normal 0.740963 -0.671546 0
    outer loop
      vertex 6.64064 2.39999 30.6
      vertex 6.81903 2.59682 2
      vertex 6.81903 2.59682 30.6
    endloop
  endfacet
  facet normal 0.740963 -0.671546 0
    outer loop
      vertex 6.81903 2.59682 2
      vertex 6.64064 2.39999 30.6
      vertex 6.64064 2.39999 2
    endloop
  endfacet
  facet normal 0.941548 -0.336879 0
    outer loop
      vertex 7.27164 3.35195 30.6
      vertex 7.37082 3.62915 2
      vertex 7.37082 3.62915 30.6
    endloop
  endfacet
  facet normal 0.941548 -0.336879 0
    outer loop
      vertex 7.37082 3.62915 2
      vertex 7.27164 3.35195 30.6
      vertex 7.27164 3.35195 2
    endloop
  endfacet
  facet normal 0.857736 -0.514091 0
    outer loop
      vertex 6.99441 2.83329 30.6
      vertex 7.14576 3.08581 2
      vertex 7.14576 3.08581 30.6
    endloop
  endfacet
  facet normal 0.857736 -0.514091 0
    outer loop
      vertex 7.14576 3.08581 2
      vertex 6.99441 2.83329 30.6
      vertex 6.99441 2.83329 2
    endloop
  endfacet
  facet normal 0.595655 0.803241 -0
    outer loop
      vertex 59.4032 6.81903 2
      vertex 59.1667 6.99441 30.6
      vertex 59.4032 6.81903 30.6
    endloop
  endfacet
  facet normal 0.595655 0.803241 0
    outer loop
      vertex 59.1667 6.99441 30.6
      vertex 59.4032 6.81903 2
      vertex 59.1667 6.99441 2
    endloop
  endfacet
  facet normal -0.427491 0.90402 0
    outer loop
      vertex 56.352 7.27164 2
      vertex 56.0858 7.14576 30.6
      vertex 56.352 7.27164 30.6
    endloop
  endfacet
  facet normal -0.427491 0.90402 0
    outer loop
      vertex 56.0858 7.14576 30.6
      vertex 56.352 7.27164 2
      vertex 56.0858 7.14576 2
    endloop
  endfacet
  facet normal -0.941527 0.336939 0
    outer loop
      vertex 54.6292 5.37085 2
      vertex 54.7284 5.64805 30.6
      vertex 54.7284 5.64805 2
    endloop
  endfacet
  facet normal -0.941527 0.336939 0
    outer loop
      vertex 54.7284 5.64805 30.6
      vertex 54.6292 5.37085 2
      vertex 54.6292 5.37085 30.6
    endloop
  endfacet
  facet normal 0.336986 0.94151 -0
    outer loop
      vertex 58.648 7.27164 2
      vertex 58.3709 7.37082 30.6
      vertex 58.648 7.27164 30.6
    endloop
  endfacet
  facet normal 0.336986 0.94151 0
    outer loop
      vertex 58.3709 7.37082 30.6
      vertex 58.648 7.27164 2
      vertex 58.3709 7.37082 2
    endloop
  endfacet
  facet normal -0.803172 0.595747 0
    outer loop
      vertex 55.0056 6.16671 2
      vertex 55.181 6.40318 30.6
      vertex 55.181 6.40318 2
    endloop
  endfacet
  facet normal -0.803172 0.595747 0
    outer loop
      vertex 55.181 6.40318 30.6
      vertex 55.0056 6.16671 2
      vertex 55.0056 6.16671 30.6
    endloop
  endfacet
  facet normal -0.242983 0.970031 0
    outer loop
      vertex 56.9147 7.44236 2
      vertex 56.6291 7.37082 30.6
      vertex 56.9147 7.44236 30.6
    endloop
  endfacet
  facet normal -0.242983 0.970031 0
    outer loop
      vertex 56.6291 7.37082 30.6
      vertex 56.9147 7.44236 2
      vertex 56.6291 7.37082 2
    endloop
  endfacet
  facet normal -0.904088 -0.427347 0
    outer loop
      vertex 54.8542 3.08581 2
      vertex 54.7284 3.35195 30.6
      vertex 54.7284 3.35195 2
    endloop
  endfacet
  facet normal -0.904088 -0.427347 0
    outer loop
      vertex 54.7284 3.35195 30.6
      vertex 54.8542 3.08581 2
      vertex 54.8542 3.08581 30.6
    endloop
  endfacet
  facet normal -0.740944 -0.671567 0
    outer loop
      vertex 55.3594 2.39999 2
      vertex 55.181 2.59682 30.6
      vertex 55.181 2.59682 2
    endloop
  endfacet
  facet normal -0.740944 -0.671567 0
    outer loop
      vertex 55.181 2.59682 30.6
      vertex 55.3594 2.39999 2
      vertex 55.3594 2.39999 30.6
    endloop
  endfacet
  facet normal 0.671602 0.740912 -0
    outer loop
      vertex 59.6 6.64064 2
      vertex 59.4032 6.81903 30.6
      vertex 59.6 6.64064 30.6
    endloop
  endfacet
  facet normal 0.671602 0.740912 0
    outer loop
      vertex 59.4032 6.81903 30.6
      vertex 59.6 6.64064 2
      vertex 59.4032 6.81903 2
    endloop
  endfacet
  facet normal 0.514121 0.857718 -0
    outer loop
      vertex 59.1667 6.99441 2
      vertex 58.9142 7.14576 30.6
      vertex 59.1667 6.99441 30.6
    endloop
  endfacet
  facet normal 0.514121 0.857718 0
    outer loop
      vertex 58.9142 7.14576 30.6
      vertex 59.1667 6.99441 2
      vertex 58.9142 7.14576 2
    endloop
  endfacet
  facet normal -0.0490738 0.998795 0
    outer loop
      vertex 57.5 7.5 2
      vertex 57.2059 7.48555 30.6
      vertex 57.5 7.5 30.6
    endloop
  endfacet
  facet normal -0.0490738 0.998795 0
    outer loop
      vertex 57.2059 7.48555 30.6
      vertex 57.5 7.5 2
      vertex 57.2059 7.48555 2
    endloop
  endfacet
  facet normal 0.427491 0.90402 -0
    outer loop
      vertex 58.9142 7.14576 2
      vertex 58.648 7.27164 30.6
      vertex 58.9142 7.14576 30.6
    endloop
  endfacet
  facet normal 0.427491 0.90402 0
    outer loop
      vertex 58.648 7.27164 30.6
      vertex 58.9142 7.14576 2
      vertex 58.648 7.27164 2
    endloop
  endfacet
  facet normal 0.242983 0.970031 -0
    outer loop
      vertex 58.3709 7.37082 2
      vertex 58.0853 7.44236 30.6
      vertex 58.3709 7.37082 30.6
    endloop
  endfacet
  facet normal 0.242983 0.970031 0
    outer loop
      vertex 58.0853 7.44236 30.6
      vertex 58.3709 7.37082 2
      vertex 58.0853 7.44236 2
    endloop
  endfacet
  facet normal 0.146712 0.989179 -0
    outer loop
      vertex 58.0853 7.44236 2
      vertex 57.7941 7.48555 30.6
      vertex 58.0853 7.44236 30.6
    endloop
  endfacet
  facet normal 0.146712 0.989179 0
    outer loop
      vertex 57.7941 7.48555 30.6
      vertex 58.0853 7.44236 2
      vertex 57.7941 7.48555 2
    endloop
  endfacet
  facet normal -0.998803 -0.0489126 0
    outer loop
      vertex 54.5144 4.20595 2
      vertex 54.5 4.5 30.6
      vertex 54.5 4.5 2
    endloop
  endfacet
  facet normal -0.998803 -0.0489126 0
    outer loop
      vertex 54.5 4.5 30.6
      vertex 54.5144 4.20595 2
      vertex 54.5144 4.20595 30.6
    endloop
  endfacet
  facet normal -0.969978 0.243191 0
    outer loop
      vertex 54.5576 5.08527 2
      vertex 54.6292 5.37085 30.6
      vertex 54.6292 5.37085 2
    endloop
  endfacet
  facet normal -0.969978 0.243191 0
    outer loop
      vertex 54.6292 5.37085 30.6
      vertex 54.5576 5.08527 2
      vertex 54.5576 5.08527 30.6
    endloop
  endfacet
  facet normal -0.989176 0.146736 0
    outer loop
      vertex 54.5144 4.79405 2
      vertex 54.5576 5.08527 30.6
      vertex 54.5576 5.08527 2
    endloop
  endfacet
  facet normal -0.989176 0.146736 0
    outer loop
      vertex 54.5576 5.08527 30.6
      vertex 54.5144 4.79405 2
      vertex 54.5144 4.79405 30.6
    endloop
  endfacet
  facet normal -0.904088 0.427347 0
    outer loop
      vertex 54.7284 5.64805 2
      vertex 54.8542 5.91419 30.6
      vertex 54.8542 5.91419 2
    endloop
  endfacet
  facet normal -0.904088 0.427347 0
    outer loop
      vertex 54.8542 5.91419 30.6
      vertex 54.7284 5.64805 2
      vertex 54.7284 5.64805 30.6
    endloop
  endfacet
  facet normal -0.857661 0.514216 0
    outer loop
      vertex 54.8542 5.91419 2
      vertex 55.0056 6.16671 30.6
      vertex 55.0056 6.16671 2
    endloop
  endfacet
  facet normal -0.857661 0.514216 0
    outer loop
      vertex 55.0056 6.16671 30.6
      vertex 54.8542 5.91419 2
      vertex 54.8542 5.91419 30.6
    endloop
  endfacet
  facet normal -0.336986 0.94151 0
    outer loop
      vertex 56.6291 7.37082 2
      vertex 56.352 7.27164 30.6
      vertex 56.6291 7.37082 30.6
    endloop
  endfacet
  facet normal -0.336986 0.94151 0
    outer loop
      vertex 56.352 7.27164 30.6
      vertex 56.6291 7.37082 2
      vertex 56.352 7.27164 2
    endloop
  endfacet
  facet normal -0.146712 0.989179 0
    outer loop
      vertex 57.2059 7.48555 2
      vertex 56.9147 7.44236 30.6
      vertex 57.2059 7.48555 30.6
    endloop
  endfacet
  facet normal -0.146712 0.989179 0
    outer loop
      vertex 56.9147 7.44236 30.6
      vertex 57.2059 7.48555 2
      vertex 56.9147 7.44236 2
    endloop
  endfacet
  facet normal -0.595655 0.803241 0
    outer loop
      vertex 55.8333 6.99441 2
      vertex 55.5968 6.81903 30.6
      vertex 55.8333 6.99441 30.6
    endloop
  endfacet
  facet normal -0.595655 0.803241 0
    outer loop
      vertex 55.5968 6.81903 30.6
      vertex 55.8333 6.99441 2
      vertex 55.5968 6.81903 2
    endloop
  endfacet
  facet normal -0.671625 0.740891 0
    outer loop
      vertex 55.5968 6.81903 2
      vertex 55.3787 6.62132 30.6
      vertex 55.5968 6.81903 30.6
    endloop
  endfacet
  facet normal -0.671625 0.740891 0
    outer loop
      vertex 55.3787 6.62132 30.6
      vertex 55.5968 6.81903 2
      vertex 55.3787 6.62132 2
    endloop
  endfacet
  facet normal -0.514121 0.857718 0
    outer loop
      vertex 56.0858 7.14576 2
      vertex 55.8333 6.99441 30.6
      vertex 56.0858 7.14576 30.6
    endloop
  endfacet
  facet normal -0.514121 0.857718 0
    outer loop
      vertex 55.8333 6.99441 30.6
      vertex 56.0858 7.14576 2
      vertex 55.8333 6.99441 2
    endloop
  endfacet
  facet normal -0.740969 0.671539 0
    outer loop
      vertex 55.181 6.40318 2
      vertex 55.3787 6.62132 30.6
      vertex 55.3787 6.62132 2
    endloop
  endfacet
  facet normal -0.740969 0.671539 0
    outer loop
      vertex 55.3787 6.62132 30.6
      vertex 55.181 6.40318 2
      vertex 55.181 6.40318 30.6
    endloop
  endfacet
  facet normal -0.989176 -0.146736 0
    outer loop
      vertex 54.5576 3.91473 2
      vertex 54.5144 4.20595 30.6
      vertex 54.5144 4.20595 2
    endloop
  endfacet
  facet normal -0.989176 -0.146736 0
    outer loop
      vertex 54.5144 4.20595 30.6
      vertex 54.5576 3.91473 2
      vertex 54.5576 3.91473 30.6
    endloop
  endfacet
  facet normal -0.941527 -0.336939 0
    outer loop
      vertex 54.7284 3.35195 2
      vertex 54.6292 3.62915 30.6
      vertex 54.6292 3.62915 2
    endloop
  endfacet
  facet normal -0.941527 -0.336939 0
    outer loop
      vertex 54.6292 3.62915 30.6
      vertex 54.7284 3.35195 2
      vertex 54.7284 3.35195 30.6
    endloop
  endfacet
  facet normal -0.969978 -0.243191 0
    outer loop
      vertex 54.6292 3.62915 2
      vertex 54.5576 3.91473 30.6
      vertex 54.5576 3.91473 2
    endloop
  endfacet
  facet normal -0.969978 -0.243191 0
    outer loop
      vertex 54.5576 3.91473 30.6
      vertex 54.6292 3.62915 2
      vertex 54.6292 3.62915 30.6
    endloop
  endfacet
  facet normal -0.857661 -0.514216 0
    outer loop
      vertex 55.0056 2.83329 2
      vertex 54.8542 3.08581 30.6
      vertex 54.8542 3.08581 2
    endloop
  endfacet
  facet normal -0.857661 -0.514216 0
    outer loop
      vertex 54.8542 3.08581 30.6
      vertex 55.0056 2.83329 2
      vertex 55.0056 2.83329 30.6
    endloop
  endfacet
  facet normal 0.0490738 0.998795 -0
    outer loop
      vertex 57.7941 7.48555 2
      vertex 57.5 7.5 30.6
      vertex 57.7941 7.48555 30.6
    endloop
  endfacet
  facet normal 0.0490738 0.998795 0
    outer loop
      vertex 57.5 7.5 30.6
      vertex 57.7941 7.48555 2
      vertex 57.5 7.5 2
    endloop
  endfacet
  facet normal -0.998803 0.0489126 0
    outer loop
      vertex 54.5 4.5 2
      vertex 54.5144 4.79405 30.6
      vertex 54.5144 4.79405 2
    endloop
  endfacet
  facet normal -0.998803 0.0489126 0
    outer loop
      vertex 54.5144 4.79405 30.6
      vertex 54.5 4.5 2
      vertex 54.5 4.5 30.6
    endloop
  endfacet
  facet normal -0.803172 -0.595747 0
    outer loop
      vertex 55.181 2.59682 2
      vertex 55.0056 2.83329 30.6
      vertex 55.0056 2.83329 2
    endloop
  endfacet
  facet normal -0.803172 -0.595747 0
    outer loop
      vertex 55.0056 2.83329 30.6
      vertex 55.181 2.59682 2
      vertex 55.181 2.59682 30.6
    endloop
  endfacet
  facet normal 0.998795 0.0490738 0
    outer loop
      vertex 7.5 47.5 30.6
      vertex 7.48555 47.7941 2
      vertex 7.48555 47.7941 30.6
    endloop
  endfacet
  facet normal 0.998795 0.0490738 0
    outer loop
      vertex 7.48555 47.7941 2
      vertex 7.5 47.5 30.6
      vertex 7.5 47.5 2
    endloop
  endfacet
  facet normal 0.90402 0.427491 0
    outer loop
      vertex 7.27164 48.648 30.6
      vertex 7.14576 48.9142 2
      vertex 7.14576 48.9142 30.6
    endloop
  endfacet
  facet normal 0.90402 0.427491 0
    outer loop
      vertex 7.14576 48.9142 2
      vertex 7.27164 48.648 30.6
      vertex 7.27164 48.648 2
    endloop
  endfacet
  facet normal 0.90402 -0.427491 0
    outer loop
      vertex 7.14576 46.0858 30.6
      vertex 7.27164 46.352 2
      vertex 7.27164 46.352 30.6
    endloop
  endfacet
  facet normal 0.90402 -0.427491 0
    outer loop
      vertex 7.27164 46.352 2
      vertex 7.14576 46.0858 30.6
      vertex 7.14576 46.0858 2
    endloop
  endfacet
  facet normal 0.336939 -0.941527 0
    outer loop
      vertex 5.37085 44.6292 2
      vertex 5.64805 44.7284 30.6
      vertex 5.37085 44.6292 30.6
    endloop
  endfacet
  facet normal 0.336939 -0.941527 0
    outer loop
      vertex 5.64805 44.7284 30.6
      vertex 5.37085 44.6292 2
      vertex 5.64805 44.7284 2
    endloop
  endfacet
  facet normal 0.740891 -0.671625 0
    outer loop
      vertex 6.62132 45.3787 30.6
      vertex 6.81903 45.5968 2
      vertex 6.81903 45.5968 30.6
    endloop
  endfacet
  facet normal 0.740891 -0.671625 0
    outer loop
      vertex 6.81903 45.5968 2
      vertex 6.62132 45.3787 30.6
      vertex 6.62132 45.3787 2
    endloop
  endfacet
  facet normal 0.970031 -0.242983 0
    outer loop
      vertex 7.37082 46.6291 30.6
      vertex 7.44236 46.9147 2
      vertex 7.44236 46.9147 30.6
    endloop
  endfacet
  facet normal 0.970031 -0.242983 0
    outer loop
      vertex 7.44236 46.9147 2
      vertex 7.37082 46.6291 30.6
      vertex 7.37082 46.6291 2
    endloop
  endfacet
  facet normal -0.243191 -0.969978 0
    outer loop
      vertex 3.62915 44.6292 2
      vertex 3.91473 44.5576 30.6
      vertex 3.62915 44.6292 30.6
    endloop
  endfacet
  facet normal -0.243191 -0.969978 -0
    outer loop
      vertex 3.91473 44.5576 30.6
      vertex 3.62915 44.6292 2
      vertex 3.91473 44.5576 2
    endloop
  endfacet
  facet normal -0.671567 -0.740944 0
    outer loop
      vertex 2.39999 45.3594 2
      vertex 2.59682 45.181 30.6
      vertex 2.39999 45.3594 30.6
    endloop
  endfacet
  facet normal -0.671567 -0.740944 -0
    outer loop
      vertex 2.59682 45.181 30.6
      vertex 2.39999 45.3594 2
      vertex 2.59682 45.181 2
    endloop
  endfacet
  facet normal 0.970031 0.242983 0
    outer loop
      vertex 7.44236 48.0853 30.6
      vertex 7.37082 48.3709 2
      vertex 7.37082 48.3709 30.6
    endloop
  endfacet
  facet normal 0.970031 0.242983 0
    outer loop
      vertex 7.37082 48.3709 2
      vertex 7.44236 48.0853 30.6
      vertex 7.44236 48.0853 2
    endloop
  endfacet
  facet normal 0.989179 0.146712 0
    outer loop
      vertex 7.48555 47.7941 30.6
      vertex 7.44236 48.0853 2
      vertex 7.44236 48.0853 30.6
    endloop
  endfacet
  facet normal 0.989179 0.146712 0
    outer loop
      vertex 7.44236 48.0853 2
      vertex 7.48555 47.7941 30.6
      vertex 7.48555 47.7941 2
    endloop
  endfacet
  facet normal 0.94151 0.336986 0
    outer loop
      vertex 7.37082 48.3709 30.6
      vertex 7.27164 48.648 2
      vertex 7.27164 48.648 30.6
    endloop
  endfacet
  facet normal 0.94151 0.336986 0
    outer loop
      vertex 7.27164 48.648 2
      vertex 7.37082 48.3709 30.6
      vertex 7.37082 48.3709 2
    endloop
  endfacet
  facet normal 0.803241 0.595655 0
    outer loop
      vertex 6.99441 49.1667 30.6
      vertex 6.81903 49.4032 2
      vertex 6.81903 49.4032 30.6
    endloop
  endfacet
  facet normal 0.803241 0.595655 0
    outer loop
      vertex 6.81903 49.4032 2
      vertex 6.99441 49.1667 30.6
      vertex 6.99441 49.1667 2
    endloop
  endfacet
  facet normal 0.740912 0.671602 0
    outer loop
      vertex 6.81903 49.4032 30.6
      vertex 6.64064 49.6 2
      vertex 6.64064 49.6 30.6
    endloop
  endfacet
  facet normal 0.740912 0.671602 0
    outer loop
      vertex 6.64064 49.6 2
      vertex 6.81903 49.4032 30.6
      vertex 6.81903 49.4032 2
    endloop
  endfacet
  facet normal 0.857718 0.514121 0
    outer loop
      vertex 7.14576 48.9142 30.6
      vertex 6.99441 49.1667 2
      vertex 6.99441 49.1667 30.6
    endloop
  endfacet
  facet normal 0.857718 0.514121 0
    outer loop
      vertex 6.99441 49.1667 2
      vertex 7.14576 48.9142 30.6
      vertex 7.14576 48.9142 2
    endloop
  endfacet
  facet normal 0.146736 -0.989176 0
    outer loop
      vertex 4.79405 44.5144 2
      vertex 5.08527 44.5576 30.6
      vertex 4.79405 44.5144 30.6
    endloop
  endfacet
  facet normal 0.146736 -0.989176 0
    outer loop
      vertex 5.08527 44.5576 30.6
      vertex 4.79405 44.5144 2
      vertex 5.08527 44.5576 2
    endloop
  endfacet
  facet normal 0.514216 -0.857661 0
    outer loop
      vertex 5.91419 44.8542 2
      vertex 6.16671 45.0056 30.6
      vertex 5.91419 44.8542 30.6
    endloop
  endfacet
  facet normal 0.514216 -0.857661 0
    outer loop
      vertex 6.16671 45.0056 30.6
      vertex 5.91419 44.8542 2
      vertex 6.16671 45.0056 2
    endloop
  endfacet
  facet normal 0.671539 -0.740969 0
    outer loop
      vertex 6.40318 45.181 2
      vertex 6.62132 45.3787 30.6
      vertex 6.40318 45.181 30.6
    endloop
  endfacet
  facet normal 0.671539 -0.740969 0
    outer loop
      vertex 6.62132 45.3787 30.6
      vertex 6.40318 45.181 2
      vertex 6.62132 45.3787 2
    endloop
  endfacet
  facet normal 0.803241 -0.595655 0
    outer loop
      vertex 6.81903 45.5968 30.6
      vertex 6.99441 45.8333 2
      vertex 6.99441 45.8333 30.6
    endloop
  endfacet
  facet normal 0.803241 -0.595655 0
    outer loop
      vertex 6.99441 45.8333 2
      vertex 6.81903 45.5968 30.6
      vertex 6.81903 45.5968 2
    endloop
  endfacet
  facet normal 0.857718 -0.514121 0
    outer loop
      vertex 6.99441 45.8333 30.6
      vertex 7.14576 46.0858 2
      vertex 7.14576 46.0858 30.6
    endloop
  endfacet
  facet normal 0.857718 -0.514121 0
    outer loop
      vertex 7.14576 46.0858 2
      vertex 6.99441 45.8333 30.6
      vertex 6.99441 45.8333 2
    endloop
  endfacet
  facet normal -0.595747 -0.803172 0
    outer loop
      vertex 2.59682 45.181 2
      vertex 2.83329 45.0056 30.6
      vertex 2.59682 45.181 30.6
    endloop
  endfacet
  facet normal -0.595747 -0.803172 -0
    outer loop
      vertex 2.83329 45.0056 30.6
      vertex 2.59682 45.181 2
      vertex 2.83329 45.0056 2
    endloop
  endfacet
  facet normal -0.514216 -0.857661 0
    outer loop
      vertex 2.83329 45.0056 2
      vertex 3.08581 44.8542 30.6
      vertex 2.83329 45.0056 30.6
    endloop
  endfacet
  facet normal -0.514216 -0.857661 -0
    outer loop
      vertex 3.08581 44.8542 30.6
      vertex 2.83329 45.0056 2
      vertex 3.08581 44.8542 2
    endloop
  endfacet
  facet normal -0.427347 -0.904088 0
    outer loop
      vertex 3.08581 44.8542 2
      vertex 3.35195 44.7284 30.6
      vertex 3.08581 44.8542 30.6
    endloop
  endfacet
  facet normal -0.427347 -0.904088 -0
    outer loop
      vertex 3.35195 44.7284 30.6
      vertex 3.08581 44.8542 2
      vertex 3.35195 44.7284 2
    endloop
  endfacet
  facet normal -0.0489126 -0.998803 0
    outer loop
      vertex 4.20595 44.5144 2
      vertex 4.5 44.5 30.6
      vertex 4.20595 44.5144 30.6
    endloop
  endfacet
  facet normal -0.0489126 -0.998803 -0
    outer loop
      vertex 4.5 44.5 30.6
      vertex 4.20595 44.5144 2
      vertex 4.5 44.5 2
    endloop
  endfacet
  facet normal 0.243191 -0.969978 0
    outer loop
      vertex 5.08527 44.5576 2
      vertex 5.37085 44.6292 30.6
      vertex 5.08527 44.5576 30.6
    endloop
  endfacet
  facet normal 0.243191 -0.969978 0
    outer loop
      vertex 5.37085 44.6292 30.6
      vertex 5.08527 44.5576 2
      vertex 5.37085 44.6292 2
    endloop
  endfacet
  facet normal 0.427347 -0.904088 0
    outer loop
      vertex 5.64805 44.7284 2
      vertex 5.91419 44.8542 30.6
      vertex 5.64805 44.7284 30.6
    endloop
  endfacet
  facet normal 0.427347 -0.904088 0
    outer loop
      vertex 5.91419 44.8542 30.6
      vertex 5.64805 44.7284 2
      vertex 5.91419 44.8542 2
    endloop
  endfacet
  facet normal 0.595747 -0.803172 0
    outer loop
      vertex 6.16671 45.0056 2
      vertex 6.40318 45.181 30.6
      vertex 6.16671 45.0056 30.6
    endloop
  endfacet
  facet normal 0.595747 -0.803172 0
    outer loop
      vertex 6.40318 45.181 30.6
      vertex 6.16671 45.0056 2
      vertex 6.40318 45.181 2
    endloop
  endfacet
  facet normal 0.94151 -0.336986 0
    outer loop
      vertex 7.27164 46.352 30.6
      vertex 7.37082 46.6291 2
      vertex 7.37082 46.6291 30.6
    endloop
  endfacet
  facet normal 0.94151 -0.336986 0
    outer loop
      vertex 7.37082 46.6291 2
      vertex 7.27164 46.352 30.6
      vertex 7.27164 46.352 2
    endloop
  endfacet
  facet normal 0.989179 -0.146712 0
    outer loop
      vertex 7.44236 46.9147 30.6
      vertex 7.48555 47.2059 2
      vertex 7.48555 47.2059 30.6
    endloop
  endfacet
  facet normal 0.989179 -0.146712 0
    outer loop
      vertex 7.48555 47.2059 2
      vertex 7.44236 46.9147 30.6
      vertex 7.44236 46.9147 2
    endloop
  endfacet
  facet normal 0.998795 -0.0490738 0
    outer loop
      vertex 7.48555 47.2059 30.6
      vertex 7.5 47.5 2
      vertex 7.5 47.5 30.6
    endloop
  endfacet
  facet normal 0.998795 -0.0490738 0
    outer loop
      vertex 7.5 47.5 2
      vertex 7.48555 47.2059 30.6
      vertex 7.48555 47.2059 2
    endloop
  endfacet
  facet normal -0.336939 -0.941527 0
    outer loop
      vertex 3.35195 44.7284 2
      vertex 3.62915 44.6292 30.6
      vertex 3.35195 44.7284 30.6
    endloop
  endfacet
  facet normal -0.336939 -0.941527 -0
    outer loop
      vertex 3.62915 44.6292 30.6
      vertex 3.35195 44.7284 2
      vertex 3.62915 44.6292 2
    endloop
  endfacet
  facet normal -0.146736 -0.989176 0
    outer loop
      vertex 3.91473 44.5576 2
      vertex 4.20595 44.5144 30.6
      vertex 3.91473 44.5576 30.6
    endloop
  endfacet
  facet normal -0.146736 -0.989176 -0
    outer loop
      vertex 4.20595 44.5144 30.6
      vertex 3.91473 44.5576 2
      vertex 4.20595 44.5144 2
    endloop
  endfacet
  facet normal 0.0489126 -0.998803 0
    outer loop
      vertex 4.5 44.5 2
      vertex 4.79405 44.5144 30.6
      vertex 4.5 44.5 30.6
    endloop
  endfacet
  facet normal 0.0489126 -0.998803 0
    outer loop
      vertex 4.79405 44.5144 30.6
      vertex 4.5 44.5 2
      vertex 4.79405 44.5144 2
    endloop
  endfacet
  facet normal -0.740893 0.671623 0
    outer loop
      vertex 55.181 49.4032 2
      vertex 55.3594 49.6 30.6
      vertex 55.3594 49.6 2
    endloop
  endfacet
  facet normal -0.740893 0.671623 0
    outer loop
      vertex 55.3594 49.6 30.6
      vertex 55.181 49.4032 2
      vertex 55.181 49.4032 30.6
    endloop
  endfacet
  facet normal -0.904125 -0.427269 0
    outer loop
      vertex 54.8542 46.0858 2
      vertex 54.7284 46.352 30.6
      vertex 54.7284 46.352 2
    endloop
  endfacet
  facet normal -0.904125 -0.427269 0
    outer loop
      vertex 54.7284 46.352 30.6
      vertex 54.8542 46.0858 2
      vertex 54.8542 46.0858 30.6
    endloop
  endfacet
  facet normal -0.941488 0.337047 0
    outer loop
      vertex 54.6292 48.3709 2
      vertex 54.7284 48.648 30.6
      vertex 54.7284 48.648 2
    endloop
  endfacet
  facet normal -0.941488 0.337047 0
    outer loop
      vertex 54.7284 48.648 30.6
      vertex 54.6292 48.3709 2
      vertex 54.6292 48.3709 30.6
    endloop
  endfacet
  facet normal -0.989174 0.146746 0
    outer loop
      vertex 54.5144 47.7941 2
      vertex 54.5576 48.0853 30.6
      vertex 54.5576 48.0853 2
    endloop
  endfacet
  facet normal -0.989174 0.146746 0
    outer loop
      vertex 54.5576 48.0853 30.6
      vertex 54.5144 47.7941 2
      vertex 54.5144 47.7941 30.6
    endloop
  endfacet
  facet normal -0.857643 0.514246 0
    outer loop
      vertex 54.8542 48.9142 2
      vertex 55.0056 49.1667 30.6
      vertex 55.0056 49.1667 2
    endloop
  endfacet
  facet normal -0.857643 0.514246 0
    outer loop
      vertex 55.0056 49.1667 30.6
      vertex 54.8542 48.9142 2
      vertex 54.8542 48.9142 30.6
    endloop
  endfacet
  facet normal -0.803208 0.595699 0
    outer loop
      vertex 55.0056 49.1667 2
      vertex 55.181 49.4032 30.6
      vertex 55.181 49.4032 2
    endloop
  endfacet
  facet normal -0.803208 0.595699 0
    outer loop
      vertex 55.181 49.4032 30.6
      vertex 55.0056 49.1667 2
      vertex 55.0056 49.1667 30.6
    endloop
  endfacet
  facet normal -0.904125 0.427269 0
    outer loop
      vertex 54.7284 48.648 2
      vertex 54.8542 48.9142 30.6
      vertex 54.8542 48.9142 2
    endloop
  endfacet
  facet normal -0.904125 0.427269 0
    outer loop
      vertex 54.8542 48.9142 30.6
      vertex 54.7284 48.648 2
      vertex 54.7284 48.648 30.6
    endloop
  endfacet
  facet normal -0.969982 0.243175 0
    outer loop
      vertex 54.5576 48.0853 2
      vertex 54.6292 48.3709 30.6
      vertex 54.6292 48.3709 2
    endloop
  endfacet
  facet normal -0.969982 0.243175 0
    outer loop
      vertex 54.6292 48.3709 30.6
      vertex 54.5576 48.0853 2
      vertex 54.5576 48.0853 30.6
    endloop
  endfacet
  facet normal -0.998803 0.0489044 0
    outer loop
      vertex 54.5 47.5 2
      vertex 54.5144 47.7941 30.6
      vertex 54.5144 47.7941 2
    endloop
  endfacet
  facet normal -0.998803 0.0489044 0
    outer loop
      vertex 54.5144 47.7941 30.6
      vertex 54.5 47.5 2
      vertex 54.5 47.5 30.6
    endloop
  endfacet
  facet normal 0.146746 -0.989174 0
    outer loop
      vertex 57.7941 44.5144 2
      vertex 58.0853 44.5576 30.6
      vertex 57.7941 44.5144 30.6
    endloop
  endfacet
  facet normal 0.146746 -0.989174 0
    outer loop
      vertex 58.0853 44.5576 30.6
      vertex 57.7941 44.5144 2
      vertex 58.0853 44.5576 2
    endloop
  endfacet
  facet normal 0.337047 -0.941488 0
    outer loop
      vertex 58.3709 44.6292 2
      vertex 58.648 44.7284 30.6
      vertex 58.3709 44.6292 30.6
    endloop
  endfacet
  facet normal 0.337047 -0.941488 0
    outer loop
      vertex 58.648 44.7284 30.6
      vertex 58.3709 44.6292 2
      vertex 58.648 44.7284 2
    endloop
  endfacet
  facet normal 0.671623 -0.740893 0
    outer loop
      vertex 59.4032 45.181 2
      vertex 59.6 45.3594 30.6
      vertex 59.4032 45.181 30.6
    endloop
  endfacet
  facet normal 0.671623 -0.740893 0
    outer loop
      vertex 59.6 45.3594 30.6
      vertex 59.4032 45.181 2
      vertex 59.6 45.3594 2
    endloop
  endfacet
  facet normal 0.514246 -0.857643 0
    outer loop
      vertex 58.9142 44.8542 2
      vertex 59.1667 45.0056 30.6
      vertex 58.9142 44.8542 30.6
    endloop
  endfacet
  facet normal 0.514246 -0.857643 0
    outer loop
      vertex 59.1667 45.0056 30.6
      vertex 58.9142 44.8542 2
      vertex 59.1667 45.0056 2
    endloop
  endfacet
  facet normal -0.595699 -0.803208 0
    outer loop
      vertex 55.5968 45.181 2
      vertex 55.8333 45.0056 30.6
      vertex 55.5968 45.181 30.6
    endloop
  endfacet
  facet normal -0.595699 -0.803208 -0
    outer loop
      vertex 55.8333 45.0056 30.6
      vertex 55.5968 45.181 2
      vertex 55.8333 45.0056 2
    endloop
  endfacet
  facet normal -0.427269 -0.904125 0
    outer loop
      vertex 56.0858 44.8542 2
      vertex 56.352 44.7284 30.6
      vertex 56.0858 44.8542 30.6
    endloop
  endfacet
  facet normal -0.427269 -0.904125 -0
    outer loop
      vertex 56.352 44.7284 30.6
      vertex 56.0858 44.8542 2
      vertex 56.352 44.7284 2
    endloop
  endfacet
  facet normal -0.243175 -0.969982 0
    outer loop
      vertex 56.6291 44.6292 2
      vertex 56.9147 44.5576 30.6
      vertex 56.6291 44.6292 30.6
    endloop
  endfacet
  facet normal -0.243175 -0.969982 -0
    outer loop
      vertex 56.9147 44.5576 30.6
      vertex 56.6291 44.6292 2
      vertex 56.9147 44.5576 2
    endloop
  endfacet
  facet normal -0.0489044 -0.998803 0
    outer loop
      vertex 57.2059 44.5144 2
      vertex 57.5 44.5 30.6
      vertex 57.2059 44.5144 30.6
    endloop
  endfacet
  facet normal -0.0489044 -0.998803 -0
    outer loop
      vertex 57.5 44.5 30.6
      vertex 57.2059 44.5144 2
      vertex 57.5 44.5 2
    endloop
  endfacet
  facet normal -0.857643 -0.514246 0
    outer loop
      vertex 55.0056 45.8333 2
      vertex 54.8542 46.0858 30.6
      vertex 54.8542 46.0858 2
    endloop
  endfacet
  facet normal -0.857643 -0.514246 0
    outer loop
      vertex 54.8542 46.0858 30.6
      vertex 55.0056 45.8333 2
      vertex 55.0056 45.8333 30.6
    endloop
  endfacet
  facet normal -0.740908 -0.671607 0
    outer loop
      vertex 55.3787 45.3787 2
      vertex 55.181 45.5968 30.6
      vertex 55.181 45.5968 2
    endloop
  endfacet
  facet normal -0.740908 -0.671607 0
    outer loop
      vertex 55.181 45.5968 30.6
      vertex 55.3787 45.3787 2
      vertex 55.3787 45.3787 30.6
    endloop
  endfacet
  facet normal -0.941488 -0.337047 0
    outer loop
      vertex 54.7284 46.352 2
      vertex 54.6292 46.6291 30.6
      vertex 54.6292 46.6291 2
    endloop
  endfacet
  facet normal -0.941488 -0.337047 0
    outer loop
      vertex 54.6292 46.6291 30.6
      vertex 54.7284 46.352 2
      vertex 54.7284 46.352 30.6
    endloop
  endfacet
  facet normal -0.989174 -0.146746 0
    outer loop
      vertex 54.5576 46.9147 2
      vertex 54.5144 47.2059 30.6
      vertex 54.5144 47.2059 2
    endloop
  endfacet
  facet normal -0.989174 -0.146746 0
    outer loop
      vertex 54.5144 47.2059 30.6
      vertex 54.5576 46.9147 2
      vertex 54.5576 46.9147 30.6
    endloop
  endfacet
  facet normal -0.998803 -0.0489044 0
    outer loop
      vertex 54.5144 47.2059 2
      vertex 54.5 47.5 30.6
      vertex 54.5 47.5 2
    endloop
  endfacet
  facet normal -0.998803 -0.0489044 0
    outer loop
      vertex 54.5 47.5 30.6
      vertex 54.5144 47.2059 2
      vertex 54.5144 47.2059 30.6
    endloop
  endfacet
  facet normal 0.243175 -0.969982 0
    outer loop
      vertex 58.0853 44.5576 2
      vertex 58.3709 44.6292 30.6
      vertex 58.0853 44.5576 30.6
    endloop
  endfacet
  facet normal 0.243175 -0.969982 0
    outer loop
      vertex 58.3709 44.6292 30.6
      vertex 58.0853 44.5576 2
      vertex 58.3709 44.6292 2
    endloop
  endfacet
  facet normal 0.427269 -0.904125 0
    outer loop
      vertex 58.648 44.7284 2
      vertex 58.9142 44.8542 30.6
      vertex 58.648 44.7284 30.6
    endloop
  endfacet
  facet normal 0.427269 -0.904125 0
    outer loop
      vertex 58.9142 44.8542 30.6
      vertex 58.648 44.7284 2
      vertex 58.9142 44.8542 2
    endloop
  endfacet
  facet normal 0.595699 -0.803208 0
    outer loop
      vertex 59.1667 45.0056 2
      vertex 59.4032 45.181 30.6
      vertex 59.1667 45.0056 30.6
    endloop
  endfacet
  facet normal 0.595699 -0.803208 0
    outer loop
      vertex 59.4032 45.181 30.6
      vertex 59.1667 45.0056 2
      vertex 59.4032 45.181 2
    endloop
  endfacet
  facet normal -0.514246 -0.857643 0
    outer loop
      vertex 55.8333 45.0056 2
      vertex 56.0858 44.8542 30.6
      vertex 55.8333 45.0056 30.6
    endloop
  endfacet
  facet normal -0.514246 -0.857643 -0
    outer loop
      vertex 56.0858 44.8542 30.6
      vertex 55.8333 45.0056 2
      vertex 56.0858 44.8542 2
    endloop
  endfacet
  facet normal -0.337047 -0.941488 0
    outer loop
      vertex 56.352 44.7284 2
      vertex 56.6291 44.6292 30.6
      vertex 56.352 44.7284 30.6
    endloop
  endfacet
  facet normal -0.337047 -0.941488 -0
    outer loop
      vertex 56.6291 44.6292 30.6
      vertex 56.352 44.7284 2
      vertex 56.6291 44.6292 2
    endloop
  endfacet
  facet normal -0.146746 -0.989174 0
    outer loop
      vertex 56.9147 44.5576 2
      vertex 57.2059 44.5144 30.6
      vertex 56.9147 44.5576 30.6
    endloop
  endfacet
  facet normal -0.146746 -0.989174 -0
    outer loop
      vertex 57.2059 44.5144 30.6
      vertex 56.9147 44.5576 2
      vertex 57.2059 44.5144 2
    endloop
  endfacet
  facet normal 0.0489044 -0.998803 0
    outer loop
      vertex 57.5 44.5 2
      vertex 57.7941 44.5144 30.6
      vertex 57.5 44.5 30.6
    endloop
  endfacet
  facet normal 0.0489044 -0.998803 0
    outer loop
      vertex 57.7941 44.5144 30.6
      vertex 57.5 44.5 2
      vertex 57.7941 44.5144 2
    endloop
  endfacet
  facet normal -0.803208 -0.595699 0
    outer loop
      vertex 55.181 45.5968 2
      vertex 55.0056 45.8333 30.6
      vertex 55.0056 45.8333 2
    endloop
  endfacet
  facet normal -0.803208 -0.595699 0
    outer loop
      vertex 55.0056 45.8333 30.6
      vertex 55.181 45.5968 2
      vertex 55.181 45.5968 30.6
    endloop
  endfacet
  facet normal -0.671607 -0.740908 0
    outer loop
      vertex 55.3787 45.3787 2
      vertex 55.5968 45.181 30.6
      vertex 55.3787 45.3787 30.6
    endloop
  endfacet
  facet normal -0.671607 -0.740908 -0
    outer loop
      vertex 55.5968 45.181 30.6
      vertex 55.3787 45.3787 2
      vertex 55.5968 45.181 2
    endloop
  endfacet
  facet normal -0.969982 -0.243175 0
    outer loop
      vertex 54.6292 46.6291 2
      vertex 54.5576 46.9147 30.6
      vertex 54.5576 46.9147 2
    endloop
  endfacet
  facet normal -0.969982 -0.243175 0
    outer loop
      vertex 54.5576 46.9147 30.6
      vertex 54.6292 46.6291 2
      vertex 54.6292 46.6291 30.6
    endloop
  endfacet
  facet normal 0.857745 0.514076 0
    outer loop
      vertex 23.2048 10.9785 7
      vertex 23.0787 11.1889 2
      vertex 23.0787 11.1889 7
    endloop
  endfacet
  facet normal 0.857745 0.514076 0
    outer loop
      vertex 23.0787 11.1889 2
      vertex 23.2048 10.9785 7
      vertex 23.2048 10.9785 2
    endloop
  endfacet
  facet normal 0.337059 0.941483 -0
    outer loop
      vertex 21.9567 12.1097 2
      vertex 21.7257 12.1924 7
      vertex 21.9567 12.1097 7
    endloop
  endfacet
  facet normal 0.337059 0.941483 0
    outer loop
      vertex 21.7257 12.1924 7
      vertex 21.9567 12.1097 2
      vertex 21.7257 12.1924 2
    endloop
  endfacet
  facet normal -0.427543 0.903995 0
    outer loop
      vertex 20.0433 12.1097 2
      vertex 19.8215 12.0048 7
      vertex 20.0433 12.1097 7
    endloop
  endfacet
  facet normal -0.427543 0.903995 0
    outer loop
      vertex 19.8215 12.0048 7
      vertex 20.0433 12.1097 2
      vertex 19.8215 12.0048 2
    endloop
  endfacet
  facet normal -0.941483 0.337059 0
    outer loop
      vertex 18.6076 10.5257 2
      vertex 18.6903 10.7567 7
      vertex 18.6903 10.7567 2
    endloop
  endfacet
  facet normal -0.941483 0.337059 0
    outer loop
      vertex 18.6903 10.7567 7
      vertex 18.6076 10.5257 2
      vertex 18.6076 10.5257 7
    endloop
  endfacet
  facet normal 0.998803 -0.048913 0
    outer loop
      vertex 23.488 9.55496 7
      vertex 23.5 9.8 2
      vertex 23.5 9.8 7
    endloop
  endfacet
  facet normal 0.998803 -0.048913 0
    outer loop
      vertex 23.5 9.8 2
      vertex 23.488 9.55496 7
      vertex 23.488 9.55496 2
    endloop
  endfacet
  facet normal 0.514076 0.857745 -0
    outer loop
      vertex 22.3889 11.8787 2
      vertex 22.1785 12.0048 7
      vertex 22.3889 11.8787 7
    endloop
  endfacet
  facet normal 0.514076 0.857745 0
    outer loop
      vertex 22.1785 12.0048 7
      vertex 22.3889 11.8787 2
      vertex 22.1785 12.0048 2
    endloop
  endfacet
  facet normal -0.998803 0.0489209 0
    outer loop
      vertex 18.5 9.8 2
      vertex 18.512 10.045 7
      vertex 18.512 10.045 2
    endloop
  endfacet
  facet normal -0.998803 0.0489209 0
    outer loop
      vertex 18.512 10.045 7
      vertex 18.5 9.8 2
      vertex 18.5 9.8 7
    endloop
  endfacet
  facet normal -0.803167 0.595754 0
    outer loop
      vertex 18.9213 11.1889 2
      vertex 19.0675 11.386 7
      vertex 19.0675 11.386 2
    endloop
  endfacet
  facet normal -0.803167 0.595754 0
    outer loop
      vertex 19.0675 11.386 7
      vertex 18.9213 11.1889 2
      vertex 18.9213 11.1889 7
    endloop
  endfacet
  facet normal -0.242919 0.970047 0
    outer loop
      vertex 20.5123 12.252 2
      vertex 20.2743 12.1924 7
      vertex 20.5123 12.252 7
    endloop
  endfacet
  facet normal -0.242919 0.970047 0
    outer loop
      vertex 20.2743 12.1924 7
      vertex 20.5123 12.252 2
      vertex 20.2743 12.1924 2
    endloop
  endfacet
  facet normal 0.514166 -0.857691 0
    outer loop
      vertex 22.1785 7.5952 2
      vertex 22.3889 7.72133 7
      vertex 22.1785 7.5952 7
    endloop
  endfacet
  facet normal 0.514166 -0.857691 0
    outer loop
      vertex 22.3889 7.72133 7
      vertex 22.1785 7.5952 2
      vertex 22.3889 7.72133 2
    endloop
  endfacet
  facet normal 0.989177 0.146726 0
    outer loop
      vertex 23.488 10.045 7
      vertex 23.452 10.2877 2
      vertex 23.452 10.2877 7
    endloop
  endfacet
  facet normal 0.989177 0.146726 0
    outer loop
      vertex 23.452 10.2877 2
      vertex 23.488 10.045 7
      vertex 23.488 10.045 2
    endloop
  endfacet
  facet normal 0.803167 0.595754 0
    outer loop
      vertex 23.0787 11.1889 7
      vertex 22.9325 11.386 2
      vertex 22.9325 11.386 7
    endloop
  endfacet
  facet normal 0.803167 0.595754 0
    outer loop
      vertex 22.9325 11.386 2
      vertex 23.0787 11.1889 7
      vertex 23.0787 11.1889 2
    endloop
  endfacet
  facet normal 0.671394 0.741101 -0
    outer loop
      vertex 22.7678 11.5678 2
      vertex 22.586 11.7325 7
      vertex 22.7678 11.5678 7
    endloop
  endfacet
  facet normal 0.671394 0.741101 0
    outer loop
      vertex 22.586 11.7325 7
      vertex 22.7678 11.5678 2
      vertex 22.586 11.7325 2
    endloop
  endfacet
  facet normal -0.0489209 0.998803 0
    outer loop
      vertex 21 12.3 2
      vertex 20.755 12.288 7
      vertex 21 12.3 7
    endloop
  endfacet
  facet normal -0.0489209 0.998803 0
    outer loop
      vertex 20.755 12.288 7
      vertex 21 12.3 2
      vertex 20.755 12.288 2
    endloop
  endfacet
  facet normal 0.242919 0.970047 -0
    outer loop
      vertex 21.7257 12.1924 2
      vertex 21.4877 12.252 7
      vertex 21.7257 12.1924 7
    endloop
  endfacet
  facet normal 0.242919 0.970047 0
    outer loop
      vertex 21.4877 12.252 7
      vertex 21.7257 12.1924 2
      vertex 21.4877 12.252 2
    endloop
  endfacet
  facet normal 0.146726 0.989177 -0
    outer loop
      vertex 21.4877 12.252 2
      vertex 21.245 12.288 7
      vertex 21.4877 12.252 7
    endloop
  endfacet
  facet normal 0.146726 0.989177 0
    outer loop
      vertex 21.245 12.288 7
      vertex 21.4877 12.252 2
      vertex 21.245 12.288 2
    endloop
  endfacet
  facet normal 0.427543 0.903995 -0
    outer loop
      vertex 22.1785 12.0048 2
      vertex 21.9567 12.1097 7
      vertex 22.1785 12.0048 7
    endloop
  endfacet
  facet normal 0.427543 0.903995 0
    outer loop
      vertex 21.9567 12.1097 7
      vertex 22.1785 12.0048 2
      vertex 21.9567 12.1097 2
    endloop
  endfacet
  facet normal 0.595754 0.803167 -0
    outer loop
      vertex 22.586 11.7325 2
      vertex 22.3889 11.8787 7
      vertex 22.586 11.7325 7
    endloop
  endfacet
  facet normal 0.595754 0.803167 0
    outer loop
      vertex 22.3889 11.8787 7
      vertex 22.586 11.7325 2
      vertex 22.3889 11.8787 2
    endloop
  endfacet
  facet normal -0.998803 -0.048913 0
    outer loop
      vertex 18.512 9.55496 2
      vertex 18.5 9.8 7
      vertex 18.5 9.8 2
    endloop
  endfacet
  facet normal -0.998803 -0.048913 0
    outer loop
      vertex 18.5 9.8 7
      vertex 18.512 9.55496 2
      vertex 18.512 9.55496 7
    endloop
  endfacet
  facet normal -0.970047 0.242919 0
    outer loop
      vertex 18.548 10.2877 2
      vertex 18.6076 10.5257 7
      vertex 18.6076 10.5257 2
    endloop
  endfacet
  facet normal -0.970047 0.242919 0
    outer loop
      vertex 18.6076 10.5257 7
      vertex 18.548 10.2877 2
      vertex 18.548 10.2877 7
    endloop
  endfacet
  facet normal -0.989177 0.146726 0
    outer loop
      vertex 18.512 10.045 2
      vertex 18.548 10.2877 7
      vertex 18.548 10.2877 2
    endloop
  endfacet
  facet normal -0.989177 0.146726 0
    outer loop
      vertex 18.548 10.2877 7
      vertex 18.512 10.045 2
      vertex 18.512 10.045 7
    endloop
  endfacet
  facet normal -0.903995 0.427543 0
    outer loop
      vertex 18.6903 10.7567 2
      vertex 18.7952 10.9785 7
      vertex 18.7952 10.9785 2
    endloop
  endfacet
  facet normal -0.903995 0.427543 0
    outer loop
      vertex 18.7952 10.9785 7
      vertex 18.6903 10.7567 2
      vertex 18.6903 10.7567 7
    endloop
  endfacet
  facet normal -0.857745 0.514076 0
    outer loop
      vertex 18.7952 10.9785 2
      vertex 18.9213 11.1889 7
      vertex 18.9213 11.1889 2
    endloop
  endfacet
  facet normal -0.857745 0.514076 0
    outer loop
      vertex 18.9213 11.1889 7
      vertex 18.7952 10.9785 2
      vertex 18.7952 10.9785 7
    endloop
  endfacet
  facet normal -0.337059 0.941483 0
    outer loop
      vertex 20.2743 12.1924 2
      vertex 20.0433 12.1097 7
      vertex 20.2743 12.1924 7
    endloop
  endfacet
  facet normal -0.337059 0.941483 0
    outer loop
      vertex 20.0433 12.1097 7
      vertex 20.2743 12.1924 2
      vertex 20.0433 12.1097 2
    endloop
  endfacet
  facet normal -0.146726 0.989177 0
    outer loop
      vertex 20.755 12.288 2
      vertex 20.5123 12.252 7
      vertex 20.755 12.288 7
    endloop
  endfacet
  facet normal -0.146726 0.989177 0
    outer loop
      vertex 20.5123 12.252 7
      vertex 20.755 12.288 2
      vertex 20.5123 12.252 2
    endloop
  endfacet
  facet normal -0.595754 0.803167 0
    outer loop
      vertex 19.6111 11.8787 2
      vertex 19.414 11.7325 7
      vertex 19.6111 11.8787 7
    endloop
  endfacet
  facet normal -0.595754 0.803167 0
    outer loop
      vertex 19.414 11.7325 7
      vertex 19.6111 11.8787 2
      vertex 19.414 11.7325 2
    endloop
  endfacet
  facet normal -0.671394 0.741101 0
    outer loop
      vertex 19.414 11.7325 2
      vertex 19.2322 11.5678 7
      vertex 19.414 11.7325 7
    endloop
  endfacet
  facet normal -0.671394 0.741101 0
    outer loop
      vertex 19.2322 11.5678 7
      vertex 19.414 11.7325 2
      vertex 19.2322 11.5678 2
    endloop
  endfacet
  facet normal -0.514076 0.857745 0
    outer loop
      vertex 19.8215 12.0048 2
      vertex 19.6111 11.8787 7
      vertex 19.8215 12.0048 7
    endloop
  endfacet
  facet normal -0.514076 0.857745 0
    outer loop
      vertex 19.6111 11.8787 7
      vertex 19.8215 12.0048 2
      vertex 19.6111 11.8787 2
    endloop
  endfacet
  facet normal -0.741101 0.671394 0
    outer loop
      vertex 19.0675 11.386 2
      vertex 19.2322 11.5678 7
      vertex 19.2322 11.5678 2
    endloop
  endfacet
  facet normal -0.741101 0.671394 0
    outer loop
      vertex 19.2322 11.5678 7
      vertex 19.0675 11.386 2
      vertex 19.0675 11.386 7
    endloop
  endfacet
  facet normal 0.998803 0.0489209 0
    outer loop
      vertex 23.5 9.8 7
      vertex 23.488 10.045 2
      vertex 23.488 10.045 7
    endloop
  endfacet
  facet normal 0.998803 0.0489209 0
    outer loop
      vertex 23.488 10.045 2
      vertex 23.5 9.8 7
      vertex 23.5 9.8 2
    endloop
  endfacet
  facet normal 0.969946 -0.243322 0
    outer loop
      vertex 23.3923 9.07429 7
      vertex 23.452 9.31227 2
      vertex 23.452 9.31227 7
    endloop
  endfacet
  facet normal 0.969946 -0.243322 0
    outer loop
      vertex 23.452 9.31227 2
      vertex 23.3923 9.07429 7
      vertex 23.3923 9.07429 2
    endloop
  endfacet
  facet normal -0.857788 -0.514004 0
    outer loop
      vertex 18.9213 8.41107 2
      vertex 18.7952 8.62151 7
      vertex 18.7952 8.62151 2
    endloop
  endfacet
  facet normal -0.857788 -0.514004 0
    outer loop
      vertex 18.7952 8.62151 7
      vertex 18.9213 8.41107 2
      vertex 18.9213 8.41107 7
    endloop
  endfacet
  facet normal 0.427543 -0.903995 0
    outer loop
      vertex 21.9567 7.4903 2
      vertex 22.1785 7.5952 7
      vertex 21.9567 7.4903 7
    endloop
  endfacet
  facet normal 0.427543 -0.903995 0
    outer loop
      vertex 22.1785 7.5952 7
      vertex 21.9567 7.4903 2
      vertex 22.1785 7.5952 2
    endloop
  endfacet
  facet normal 0.903995 0.427543 0
    outer loop
      vertex 23.3097 10.7567 7
      vertex 23.2048 10.9785 2
      vertex 23.2048 10.9785 7
    endloop
  endfacet
  facet normal 0.903995 0.427543 0
    outer loop
      vertex 23.2048 10.9785 2
      vertex 23.3097 10.7567 7
      vertex 23.3097 10.7567 2
    endloop
  endfacet
  facet normal 0.941613 0.336698 0
    outer loop
      vertex 23.3923 10.5257 7
      vertex 23.3097 10.7567 2
      vertex 23.3097 10.7567 7
    endloop
  endfacet
  facet normal 0.941613 0.336698 0
    outer loop
      vertex 23.3097 10.7567 2
      vertex 23.3923 10.5257 7
      vertex 23.3923 10.5257 2
    endloop
  endfacet
  facet normal 0.96995 0.243303 0
    outer loop
      vertex 23.452 10.2877 7
      vertex 23.3923 10.5257 2
      vertex 23.3923 10.5257 7
    endloop
  endfacet
  facet normal 0.96995 0.243303 0
    outer loop
      vertex 23.3923 10.5257 2
      vertex 23.452 10.2877 7
      vertex 23.452 10.2877 2
    endloop
  endfacet
  facet normal 0.741101 0.671394 0
    outer loop
      vertex 22.9325 11.386 7
      vertex 22.7678 11.5678 2
      vertex 22.7678 11.5678 7
    endloop
  endfacet
  facet normal 0.741101 0.671394 0
    outer loop
      vertex 22.7678 11.5678 2
      vertex 22.9325 11.386 7
      vertex 22.9325 11.386 2
    endloop
  endfacet
  facet normal 0.0489209 0.998803 -0
    outer loop
      vertex 21.245 12.288 2
      vertex 21 12.3 7
      vertex 21.245 12.288 7
    endloop
  endfacet
  facet normal 0.0489209 0.998803 0
    outer loop
      vertex 21 12.3 7
      vertex 21.245 12.288 2
      vertex 21 12.3 2
    endloop
  endfacet
  facet normal 0 0 1
    outer loop
      vertex 21.8 9.8 7
      vertex 23.5 9.8 7
      vertex 23.488 10.045 7
    endloop
  endfacet
  facet normal 0 0 1
    outer loop
      vertex 21.7961 9.87841 7
      vertex 23.488 10.045 7
      vertex 23.452 10.2877 7
    endloop
  endfacet
  facet normal 0 0 1
    outer loop
      vertex 23.5 9.8 7
      vertex 21.8 9.8 7
      vertex 23.488 9.55496 7
    endloop
  endfacet
  facet normal 0 0 1
    outer loop
      vertex 21.7846 9.95607 7
      vertex 23.452 10.2877 7
      vertex 23.3923 10.5257 7
    endloop
  endfacet
  facet normal -0 0 1
    outer loop
      vertex 21.7961 9.72159 7
      vertex 23.488 9.55496 7
      vertex 21.8 9.8 7
    endloop
  endfacet
  facet normal 0 0 1
    outer loop
      vertex 21.7656 10.0322 7
      vertex 23.3923 10.5257 7
      vertex 23.3097 10.7567 7
    endloop
  endfacet
  facet normal 0 0 1
    outer loop
      vertex 23.488 9.55496 7
      vertex 21.7961 9.72159 7
      vertex 23.452 9.31227 7
    endloop
  endfacet
  facet normal 0 0 1
    outer loop
      vertex 21.7391 10.1061 7
      vertex 23.3097 10.7567 7
      vertex 23.2048 10.9785 7
    endloop
  endfacet
  facet normal -0 0 1
    outer loop
      vertex 21.7846 9.64393 7
      vertex 23.452 9.31227 7
      vertex 21.7961 9.72159 7
    endloop
  endfacet
  facet normal 0 0 1
    outer loop
      vertex 21.7055 10.1771 7
      vertex 23.2048 10.9785 7
      vertex 23.0787 11.1889 7
    endloop
  endfacet
  facet normal 0 0 1
    outer loop
      vertex 23.452 9.31227 7
      vertex 21.7846 9.64393 7
      vertex 23.3923 9.07429 7
    endloop
  endfacet
  facet normal 0 0 1
    outer loop
      vertex 21.6652 10.2445 7
      vertex 23.0787 11.1889 7
      vertex 22.9325 11.386 7
    endloop
  endfacet
  facet normal -0 0 1
    outer loop
      vertex 21.7656 9.56777 7
      vertex 23.3923 9.07429 7
      vertex 21.7846 9.64393 7
    endloop
  endfacet
  facet normal 0 0 1
    outer loop
      vertex 21.6184 10.3075 7
      vertex 22.9325 11.386 7
      vertex 22.7678 11.5678 7
    endloop
  endfacet
  facet normal 0 0 1
    outer loop
      vertex 23.3923 9.07429 7
      vertex 21.7656 9.56777 7
      vertex 23.3097 8.84329 7
    endloop
  endfacet
  facet normal 0 0 1
    outer loop
      vertex 21.5657 10.3657 7
      vertex 22.7678 11.5678 7
      vertex 22.586 11.7325 7
    endloop
  endfacet
  facet normal -0 0 1
    outer loop
      vertex 21.7391 9.49385 7
      vertex 23.3097 8.84329 7
      vertex 21.7656 9.56777 7
    endloop
  endfacet
  facet normal 0 0 1
    outer loop
      vertex 21.5075 10.4184 7
      vertex 22.586 11.7325 7
      vertex 22.3889 11.8787 7
    endloop
  endfacet
  facet normal 0 0 1
    outer loop
      vertex 23.3097 8.84329 7
      vertex 21.7391 9.49385 7
      vertex 23.2048 8.62151 7
    endloop
  endfacet
  facet normal 0 0 1
    outer loop
      vertex 21.4445 10.4652 7
      vertex 22.3889 11.8787 7
      vertex 22.1785 12.0048 7
    endloop
  endfacet
  facet normal -0 0 1
    outer loop
      vertex 21.7055 9.42288 7
      vertex 23.2048 8.62151 7
      vertex 21.7391 9.49385 7
    endloop
  endfacet
  facet normal 0 0 1
    outer loop
      vertex 21.3771 10.5055 7
      vertex 22.1785 12.0048 7
      vertex 21.9567 12.1097 7
    endloop
  endfacet
  facet normal 0 0 1
    outer loop
      vertex 23.2048 8.62151 7
      vertex 21.7055 9.42288 7
      vertex 23.0787 8.41107 7
    endloop
  endfacet
  facet normal -0 0 1
    outer loop
      vertex 21.6652 9.35554 7
      vertex 23.0787 8.41107 7
      vertex 21.7055 9.42288 7
    endloop
  endfacet
  facet normal 0 0 1
    outer loop
      vertex 23.488 10.045 7
      vertex 21.7961 9.87841 7
      vertex 21.8 9.8 7
    endloop
  endfacet
  facet normal 0 0 1
    outer loop
      vertex 23.452 10.2877 7
      vertex 21.7846 9.95607 7
      vertex 21.7961 9.87841 7
    endloop
  endfacet
  facet normal 0 0 1
    outer loop
      vertex 23.3923 10.5257 7
      vertex 21.7656 10.0322 7
      vertex 21.7846 9.95607 7
    endloop
  endfacet
  facet normal 0 0 1
    outer loop
      vertex 23.3097 10.7567 7
      vertex 21.7391 10.1061 7
      vertex 21.7656 10.0322 7
    endloop
  endfacet
  facet normal 0 0 1
    outer loop
      vertex 21.3061 10.5391 7
      vertex 21.9567 12.1097 7
      vertex 21.7257 12.1924 7
    endloop
  endfacet
  facet normal 0 0 1
    outer loop
      vertex 23.2048 10.9785 7
      vertex 21.7055 10.1771 7
      vertex 21.7391 10.1061 7
    endloop
  endfacet
  facet normal 0 0 1
    outer loop
      vertex 23.0787 11.1889 7
      vertex 21.6652 10.2445 7
      vertex 21.7055 10.1771 7
    endloop
  endfacet
  facet normal 0 0 1
    outer loop
      vertex 22.9325 11.386 7
      vertex 21.6184 10.3075 7
      vertex 21.6652 10.2445 7
    endloop
  endfacet
  facet normal 0 0 1
    outer loop
      vertex 22.7678 11.5678 7
      vertex 21.5657 10.3657 7
      vertex 21.6184 10.3075 7
    endloop
  endfacet
  facet normal 0 0 1
    outer loop
      vertex 22.586 11.7325 7
      vertex 21.5075 10.4184 7
      vertex 21.5657 10.3657 7
    endloop
  endfacet
  facet normal 0 0 1
    outer loop
      vertex 21.2322 10.5656 7
      vertex 21.7257 12.1924 7
      vertex 21.4877 12.252 7
    endloop
  endfacet
  facet normal 0 0 1
    outer loop
      vertex 22.3889 11.8787 7
      vertex 21.4445 10.4652 7
      vertex 21.5075 10.4184 7
    endloop
  endfacet
  facet normal 0 0 1
    outer loop
      vertex 22.1785 12.0048 7
      vertex 21.3771 10.5055 7
      vertex 21.4445 10.4652 7
    endloop
  endfacet
  facet normal 0 0 1
    outer loop
      vertex 21.9567 12.1097 7
      vertex 21.3061 10.5391 7
      vertex 21.3771 10.5055 7
    endloop
  endfacet
  facet normal 0 0 1
    outer loop
      vertex 21.1561 10.5846 7
      vertex 21.4877 12.252 7
      vertex 21.245 12.288 7
    endloop
  endfacet
  facet normal 0 0 1
    outer loop
      vertex 21.7257 12.1924 7
      vertex 21.2322 10.5656 7
      vertex 21.3061 10.5391 7
    endloop
  endfacet
  facet normal 0 0 1
    outer loop
      vertex 21.4877 12.252 7
      vertex 21.1561 10.5846 7
      vertex 21.2322 10.5656 7
    endloop
  endfacet
  facet normal 0 0 1
    outer loop
      vertex 21.245 12.288 7
      vertex 21.0784 10.5961 7
      vertex 21.1561 10.5846 7
    endloop
  endfacet
  facet normal 0 0 1
    outer loop
      vertex 21 12.3 7
      vertex 21.0784 10.5961 7
      vertex 21.245 12.288 7
    endloop
  endfacet
  facet normal 0 0 1
    outer loop
      vertex 21 12.3 7
      vertex 21 10.6 7
      vertex 21.0784 10.5961 7
    endloop
  endfacet
  facet normal 0 0 1
    outer loop
      vertex 21 12.3 7
      vertex 20.9216 10.5961 7
      vertex 21 10.6 7
    endloop
  endfacet
  facet normal -0 0 1
    outer loop
      vertex 20.755 12.288 7
      vertex 20.9216 10.5961 7
      vertex 21 12.3 7
    endloop
  endfacet
  facet normal 0 0 1
    outer loop
      vertex 20.9216 10.5961 7
      vertex 20.755 12.288 7
      vertex 20.8439 10.5846 7
    endloop
  endfacet
  facet normal -0 0 1
    outer loop
      vertex 20.5123 12.252 7
      vertex 20.8439 10.5846 7
      vertex 20.755 12.288 7
    endloop
  endfacet
  facet normal 0 0 1
    outer loop
      vertex 20.8439 10.5846 7
      vertex 20.5123 12.252 7
      vertex 20.7678 10.5656 7
    endloop
  endfacet
  facet normal -0 0 1
    outer loop
      vertex 20.2743 12.1924 7
      vertex 20.7678 10.5656 7
      vertex 20.5123 12.252 7
    endloop
  endfacet
  facet normal 0 0 1
    outer loop
      vertex 20.7678 10.5656 7
      vertex 20.2743 12.1924 7
      vertex 20.6939 10.5391 7
    endloop
  endfacet
  facet normal -0 0 1
    outer loop
      vertex 20.0433 12.1097 7
      vertex 20.6939 10.5391 7
      vertex 20.2743 12.1924 7
    endloop
  endfacet
  facet normal 0 0 1
    outer loop
      vertex 20.6939 10.5391 7
      vertex 20.0433 12.1097 7
      vertex 20.6229 10.5055 7
    endloop
  endfacet
  facet normal -0 0 1
    outer loop
      vertex 19.8215 12.0048 7
      vertex 20.6229 10.5055 7
      vertex 20.0433 12.1097 7
    endloop
  endfacet
  facet normal 0 0 1
    outer loop
      vertex 20.6229 10.5055 7
      vertex 19.8215 12.0048 7
      vertex 20.5555 10.4652 7
    endloop
  endfacet
  facet normal -0 0 1
    outer loop
      vertex 19.6111 11.8787 7
      vertex 20.5555 10.4652 7
      vertex 19.8215 12.0048 7
    endloop
  endfacet
  facet normal 0 0 1
    outer loop
      vertex 20.5555 10.4652 7
      vertex 19.6111 11.8787 7
      vertex 20.4925 10.4184 7
    endloop
  endfacet
  facet normal -0 0 1
    outer loop
      vertex 19.414 11.7325 7
      vertex 20.4925 10.4184 7
      vertex 19.6111 11.8787 7
    endloop
  endfacet
  facet normal 0 0 1
    outer loop
      vertex 20.4925 10.4184 7
      vertex 19.414 11.7325 7
      vertex 20.4343 10.3657 7
    endloop
  endfacet
  facet normal -0 0 1
    outer loop
      vertex 19.2322 11.5678 7
      vertex 20.4343 10.3657 7
      vertex 19.414 11.7325 7
    endloop
  endfacet
  facet normal 0 0 1
    outer loop
      vertex 20.4343 10.3657 7
      vertex 19.2322 11.5678 7
      vertex 20.3816 10.3075 7
    endloop
  endfacet
  facet normal -0 0 1
    outer loop
      vertex 19.0675 11.386 7
      vertex 20.3816 10.3075 7
      vertex 19.2322 11.5678 7
    endloop
  endfacet
  facet normal 0 0 1
    outer loop
      vertex 20.3816 10.3075 7
      vertex 19.0675 11.386 7
      vertex 20.3348 10.2445 7
    endloop
  endfacet
  facet normal -0 0 1
    outer loop
      vertex 18.9213 11.1889 7
      vertex 20.3348 10.2445 7
      vertex 19.0675 11.386 7
    endloop
  endfacet
  facet normal 0 0 1
    outer loop
      vertex 23.0787 8.41107 7
      vertex 21.6652 9.35554 7
      vertex 22.9325 8.21402 7
    endloop
  endfacet
  facet normal -0 0 1
    outer loop
      vertex 21.6184 9.29249 7
      vertex 22.9325 8.21402 7
      vertex 21.6652 9.35554 7
    endloop
  endfacet
  facet normal 0 0 1
    outer loop
      vertex 22.9325 8.21402 7
      vertex 21.6184 9.29249 7
      vertex 22.7678 8.03223 7
    endloop
  endfacet
  facet normal -0 0 1
    outer loop
      vertex 21.5657 9.23431 7
      vertex 22.7678 8.03223 7
      vertex 21.6184 9.29249 7
    endloop
  endfacet
  facet normal 0 0 1
    outer loop
      vertex 22.7678 8.03223 7
      vertex 21.5657 9.23431 7
      vertex 22.586 7.86747 7
    endloop
  endfacet
  facet normal -0 0 1
    outer loop
      vertex 21.5075 9.18159 7
      vertex 22.586 7.86747 7
      vertex 21.5657 9.23431 7
    endloop
  endfacet
  facet normal 0 0 1
    outer loop
      vertex 22.586 7.86747 7
      vertex 21.5075 9.18159 7
      vertex 22.3889 7.72133 7
    endloop
  endfacet
  facet normal -0 0 1
    outer loop
      vertex 21.4445 9.13482 7
      vertex 22.3889 7.72133 7
      vertex 21.5075 9.18159 7
    endloop
  endfacet
  facet normal 0 0 1
    outer loop
      vertex 22.3889 7.72133 7
      vertex 21.4445 9.13482 7
      vertex 22.1785 7.5952 7
    endloop
  endfacet
  facet normal -0 0 1
    outer loop
      vertex 21.3771 9.09446 7
      vertex 22.1785 7.5952 7
      vertex 21.4445 9.13482 7
    endloop
  endfacet
  facet normal 0 0 1
    outer loop
      vertex 22.1785 7.5952 7
      vertex 21.3771 9.09446 7
      vertex 21.9567 7.4903 7
    endloop
  endfacet
  facet normal -0 0 1
    outer loop
      vertex 21.3061 9.0609 7
      vertex 21.9567 7.4903 7
      vertex 21.3771 9.09446 7
    endloop
  endfacet
  facet normal 0 0 1
    outer loop
      vertex 21.9567 7.4903 7
      vertex 21.3061 9.0609 7
      vertex 21.7257 7.40765 7
    endloop
  endfacet
  facet normal -0 0 1
    outer loop
      vertex 21.2322 9.03445 7
      vertex 21.7257 7.40765 7
      vertex 21.3061 9.0609 7
    endloop
  endfacet
  facet normal 0 0 1
    outer loop
      vertex 21.7257 7.40765 7
      vertex 21.2322 9.03445 7
      vertex 21.4877 7.34804 7
    endloop
  endfacet
  facet normal -0 0 1
    outer loop
      vertex 21.1561 9.01537 7
      vertex 21.4877 7.34804 7
      vertex 21.2322 9.03445 7
    endloop
  endfacet
  facet normal 0 0 1
    outer loop
      vertex 21.4877 7.34804 7
      vertex 21.1561 9.01537 7
      vertex 21.245 7.31204 7
    endloop
  endfacet
  facet normal -0 0 1
    outer loop
      vertex 21.0784 9.00385 7
      vertex 21.245 7.31204 7
      vertex 21.1561 9.01537 7
    endloop
  endfacet
  facet normal -0 0 1
    outer loop
      vertex 21 9 7
      vertex 21.245 7.31204 7
      vertex 21.0784 9.00385 7
    endloop
  endfacet
  facet normal 0 0 1
    outer loop
      vertex 21 9 7
      vertex 21 7.3 7
      vertex 21.245 7.31204 7
    endloop
  endfacet
  facet normal 0 0 1
    outer loop
      vertex 20.9216 9.00385 7
      vertex 21 7.3 7
      vertex 21 9 7
    endloop
  endfacet
  facet normal 0 0 1
    outer loop
      vertex 20.755 7.31204 7
      vertex 20.9216 9.00385 7
      vertex 20.8439 9.01537 7
    endloop
  endfacet
  facet normal 0 0 1
    outer loop
      vertex 20.5123 7.34804 7
      vertex 20.8439 9.01537 7
      vertex 20.7678 9.03445 7
    endloop
  endfacet
  facet normal 0 0 1
    outer loop
      vertex 20.9216 9.00385 7
      vertex 20.755 7.31204 7
      vertex 21 7.3 7
    endloop
  endfacet
  facet normal 0 0 1
    outer loop
      vertex 20.2743 7.40765 7
      vertex 20.7678 9.03445 7
      vertex 20.6939 9.0609 7
    endloop
  endfacet
  facet normal 0 0 1
    outer loop
      vertex 20.0433 7.4903 7
      vertex 20.6939 9.0609 7
      vertex 20.6229 9.09446 7
    endloop
  endfacet
  facet normal 0 0 1
    outer loop
      vertex 19.8215 7.5952 7
      vertex 20.6229 9.09446 7
      vertex 20.5555 9.13482 7
    endloop
  endfacet
  facet normal 0 0 1
    outer loop
      vertex 20.8439 9.01537 7
      vertex 20.5123 7.34804 7
      vertex 20.755 7.31204 7
    endloop
  endfacet
  facet normal 0 0 1
    outer loop
      vertex 19.6111 7.72133 7
      vertex 20.5555 9.13482 7
      vertex 20.4925 9.18159 7
    endloop
  endfacet
  facet normal 0 0 1
    outer loop
      vertex 19.414 7.86747 7
      vertex 20.4925 9.18159 7
      vertex 20.4343 9.23431 7
    endloop
  endfacet
  facet normal 0 0 1
    outer loop
      vertex 19.2322 8.03223 7
      vertex 20.4343 9.23431 7
      vertex 20.3816 9.29249 7
    endloop
  endfacet
  facet normal 0 0 1
    outer loop
      vertex 19.0675 8.21402 7
      vertex 20.3816 9.29249 7
      vertex 20.3348 9.35554 7
    endloop
  endfacet
  facet normal 0 0 1
    outer loop
      vertex 18.9213 8.41107 7
      vertex 20.3348 9.35554 7
      vertex 20.2945 9.42288 7
    endloop
  endfacet
  facet normal 0 0 1
    outer loop
      vertex 20.7678 9.03445 7
      vertex 20.2743 7.40765 7
      vertex 20.5123 7.34804 7
    endloop
  endfacet
  facet normal 0 0 1
    outer loop
      vertex 18.7952 8.62151 7
      vertex 20.2945 9.42288 7
      vertex 20.2609 9.49385 7
    endloop
  endfacet
  facet normal 0 0 1
    outer loop
      vertex 18.6903 8.84329 7
      vertex 20.2609 9.49385 7
      vertex 20.2344 9.56777 7
    endloop
  endfacet
  facet normal 0 0 1
    outer loop
      vertex 18.6076 9.07429 7
      vertex 20.2344 9.56777 7
      vertex 20.2154 9.64393 7
    endloop
  endfacet
  facet normal 0 0 1
    outer loop
      vertex 18.548 9.31227 7
      vertex 20.2154 9.64393 7
      vertex 20.2039 9.72159 7
    endloop
  endfacet
  facet normal 0 0 1
    outer loop
      vertex 18.512 9.55496 7
      vertex 20.2039 9.72159 7
      vertex 20.2 9.8 7
    endloop
  endfacet
  facet normal 0 0 1
    outer loop
      vertex 20.3348 10.2445 7
      vertex 18.9213 11.1889 7
      vertex 20.2945 10.1771 7
    endloop
  endfacet
  facet normal 0 0 1
    outer loop
      vertex 20.6939 9.0609 7
      vertex 20.0433 7.4903 7
      vertex 20.2743 7.40765 7
    endloop
  endfacet
  facet normal -0 0 1
    outer loop
      vertex 18.7952 10.9785 7
      vertex 20.2945 10.1771 7
      vertex 18.9213 11.1889 7
    endloop
  endfacet
  facet normal 0 0 1
    outer loop
      vertex 20.6229 9.09446 7
      vertex 19.8215 7.5952 7
      vertex 20.0433 7.4903 7
    endloop
  endfacet
  facet normal 0 0 1
    outer loop
      vertex 20.2945 10.1771 7
      vertex 18.7952 10.9785 7
      vertex 20.2609 10.1061 7
    endloop
  endfacet
  facet normal 0 0 1
    outer loop
      vertex 20.5555 9.13482 7
      vertex 19.6111 7.72133 7
      vertex 19.8215 7.5952 7
    endloop
  endfacet
  facet normal -0 0 1
    outer loop
      vertex 18.6903 10.7567 7
      vertex 20.2609 10.1061 7
      vertex 18.7952 10.9785 7
    endloop
  endfacet
  facet normal 0 0 1
    outer loop
      vertex 20.4925 9.18159 7
      vertex 19.414 7.86747 7
      vertex 19.6111 7.72133 7
    endloop
  endfacet
  facet normal 0 0 1
    outer loop
      vertex 20.2609 10.1061 7
      vertex 18.6903 10.7567 7
      vertex 20.2344 10.0322 7
    endloop
  endfacet
  facet normal 0 0 1
    outer loop
      vertex 20.4343 9.23431 7
      vertex 19.2322 8.03223 7
      vertex 19.414 7.86747 7
    endloop
  endfacet
  facet normal -0 0 1
    outer loop
      vertex 18.6076 10.5257 7
      vertex 20.2344 10.0322 7
      vertex 18.6903 10.7567 7
    endloop
  endfacet
  facet normal 0 0 1
    outer loop
      vertex 20.3816 9.29249 7
      vertex 19.0675 8.21402 7
      vertex 19.2322 8.03223 7
    endloop
  endfacet
  facet normal 0 0 1
    outer loop
      vertex 20.2344 10.0322 7
      vertex 18.6076 10.5257 7
      vertex 20.2154 9.95607 7
    endloop
  endfacet
  facet normal 0 0 1
    outer loop
      vertex 20.3348 9.35554 7
      vertex 18.9213 8.41107 7
      vertex 19.0675 8.21402 7
    endloop
  endfacet
  facet normal -0 0 1
    outer loop
      vertex 18.548 10.2877 7
      vertex 20.2154 9.95607 7
      vertex 18.6076 10.5257 7
    endloop
  endfacet
  facet normal 0 0 1
    outer loop
      vertex 20.2945 9.42288 7
      vertex 18.7952 8.62151 7
      vertex 18.9213 8.41107 7
    endloop
  endfacet
  facet normal 0 0 1
    outer loop
      vertex 20.2154 9.95607 7
      vertex 18.548 10.2877 7
      vertex 20.2039 9.87841 7
    endloop
  endfacet
  facet normal 0 0 1
    outer loop
      vertex 20.2609 9.49385 7
      vertex 18.6903 8.84329 7
      vertex 18.7952 8.62151 7
    endloop
  endfacet
  facet normal -0 0 1
    outer loop
      vertex 18.512 10.045 7
      vertex 20.2039 9.87841 7
      vertex 18.548 10.2877 7
    endloop
  endfacet
  facet normal 0 0 1
    outer loop
      vertex 20.2344 9.56777 7
      vertex 18.6076 9.07429 7
      vertex 18.6903 8.84329 7
    endloop
  endfacet
  facet normal 0 0 1
    outer loop
      vertex 20.2039 9.87841 7
      vertex 18.512 10.045 7
      vertex 20.2 9.8 7
    endloop
  endfacet
  facet normal 0 0 1
    outer loop
      vertex 20.2154 9.64393 7
      vertex 18.548 9.31227 7
      vertex 18.6076 9.07429 7
    endloop
  endfacet
  facet normal 0 0 1
    outer loop
      vertex 18.5 9.8 7
      vertex 20.2 9.8 7
      vertex 18.512 10.045 7
    endloop
  endfacet
  facet normal 0 0 1
    outer loop
      vertex 20.2039 9.72159 7
      vertex 18.512 9.55496 7
      vertex 18.548 9.31227 7
    endloop
  endfacet
  facet normal 0 0 1
    outer loop
      vertex 20.2 9.8 7
      vertex 18.5 9.8 7
      vertex 18.512 9.55496 7
    endloop
  endfacet
  facet normal 0.941613 -0.336698 0
    outer loop
      vertex 23.3097 8.84329 7
      vertex 23.3923 9.07429 2
      vertex 23.3923 9.07429 7
    endloop
  endfacet
  facet normal 0.941613 -0.336698 0
    outer loop
      vertex 23.3923 9.07429 2
      vertex 23.3097 8.84329 7
      vertex 23.3097 8.84329 2
    endloop
  endfacet
  facet normal 0.741083 -0.671414 0
    outer loop
      vertex 22.7678 8.03223 7
      vertex 22.9325 8.21402 2
      vertex 22.9325 8.21402 7
    endloop
  endfacet
  facet normal 0.741083 -0.671414 0
    outer loop
      vertex 22.9325 8.21402 2
      vertex 22.7678 8.03223 7
      vertex 22.7678 8.03223 2
    endloop
  endfacet
  facet normal 0.671528 -0.740979 0
    outer loop
      vertex 22.586 7.86747 2
      vertex 22.7678 8.03223 7
      vertex 22.586 7.86747 7
    endloop
  endfacet
  facet normal 0.671528 -0.740979 0
    outer loop
      vertex 22.7678 8.03223 7
      vertex 22.586 7.86747 2
      vertex 22.7678 8.03223 2
    endloop
  endfacet
  facet normal 0.90398 -0.427575 0
    outer loop
      vertex 23.2048 8.62151 7
      vertex 23.3097 8.84329 2
      vertex 23.3097 8.84329 7
    endloop
  endfacet
  facet normal 0.90398 -0.427575 0
    outer loop
      vertex 23.3097 8.84329 2
      vertex 23.2048 8.62151 7
      vertex 23.2048 8.62151 2
    endloop
  endfacet
  facet normal -0.0490836 -0.998795 0
    outer loop
      vertex 20.755 7.31204 2
      vertex 21 7.3 7
      vertex 20.755 7.31204 7
    endloop
  endfacet
  facet normal -0.0490836 -0.998795 -0
    outer loop
      vertex 21 7.3 7
      vertex 20.755 7.31204 2
      vertex 21 7.3 2
    endloop
  endfacet
  facet normal -0.989176 -0.146732 0
    outer loop
      vertex 18.548 9.31227 2
      vertex 18.512 9.55496 7
      vertex 18.512 9.55496 2
    endloop
  endfacet
  facet normal -0.989176 -0.146732 0
    outer loop
      vertex 18.512 9.55496 7
      vertex 18.548 9.31227 2
      vertex 18.548 9.31227 7
    endloop
  endfacet
  facet normal -0.941483 -0.337059 0
    outer loop
      vertex 18.6903 8.84329 2
      vertex 18.6076 9.07429 7
      vertex 18.6076 9.07429 2
    endloop
  endfacet
  facet normal -0.941483 -0.337059 0
    outer loop
      vertex 18.6076 9.07429 7
      vertex 18.6903 8.84329 2
      vertex 18.6903 8.84329 7
    endloop
  endfacet
  facet normal 0.146726 -0.989177 0
    outer loop
      vertex 21.245 7.31204 2
      vertex 21.4877 7.34804 7
      vertex 21.245 7.31204 7
    endloop
  endfacet
  facet normal 0.146726 -0.989177 0
    outer loop
      vertex 21.4877 7.34804 7
      vertex 21.245 7.31204 2
      vertex 21.4877 7.34804 2
    endloop
  endfacet
  facet normal 0.336879 -0.941548 0
    outer loop
      vertex 21.7257 7.40765 2
      vertex 21.9567 7.4903 7
      vertex 21.7257 7.40765 7
    endloop
  endfacet
  facet normal 0.336879 -0.941548 0
    outer loop
      vertex 21.9567 7.4903 7
      vertex 21.7257 7.40765 2
      vertex 21.9567 7.4903 2
    endloop
  endfacet
  facet normal 0.989176 -0.146732 0
    outer loop
      vertex 23.452 9.31227 7
      vertex 23.488 9.55496 2
      vertex 23.488 9.55496 7
    endloop
  endfacet
  facet normal 0.989176 -0.146732 0
    outer loop
      vertex 23.488 9.55496 2
      vertex 23.452 9.31227 7
      vertex 23.452 9.31227 2
    endloop
  endfacet
  facet normal 0.595596 -0.803284 0
    outer loop
      vertex 22.3889 7.72133 2
      vertex 22.586 7.86747 7
      vertex 22.3889 7.72133 7
    endloop
  endfacet
  facet normal 0.595596 -0.803284 0
    outer loop
      vertex 22.586 7.86747 7
      vertex 22.3889 7.72133 2
      vertex 22.586 7.86747 2
    endloop
  endfacet
  facet normal 0.803095 -0.595851 0
    outer loop
      vertex 22.9325 8.21402 7
      vertex 23.0787 8.41107 2
      vertex 23.0787 8.41107 7
    endloop
  endfacet
  facet normal 0.803095 -0.595851 0
    outer loop
      vertex 23.0787 8.41107 2
      vertex 22.9325 8.21402 7
      vertex 22.9325 8.21402 2
    endloop
  endfacet
  facet normal 0.857788 -0.514004 0
    outer loop
      vertex 23.0787 8.41107 7
      vertex 23.2048 8.62151 2
      vertex 23.2048 8.62151 7
    endloop
  endfacet
  facet normal 0.857788 -0.514004 0
    outer loop
      vertex 23.2048 8.62151 2
      vertex 23.0787 8.41107 7
      vertex 23.0787 8.41107 2
    endloop
  endfacet
  facet normal -0.427543 -0.903995 0
    outer loop
      vertex 19.8215 7.5952 2
      vertex 20.0433 7.4903 7
      vertex 19.8215 7.5952 7
    endloop
  endfacet
  facet normal -0.427543 -0.903995 -0
    outer loop
      vertex 20.0433 7.4903 7
      vertex 19.8215 7.5952 2
      vertex 20.0433 7.4903 2
    endloop
  endfacet
  facet normal 0.0490836 -0.998795 0
    outer loop
      vertex 21 7.3 2
      vertex 21.245 7.31204 7
      vertex 21 7.3 7
    endloop
  endfacet
  facet normal 0.0490836 -0.998795 0
    outer loop
      vertex 21.245 7.31204 7
      vertex 21 7.3 2
      vertex 21.245 7.31204 2
    endloop
  endfacet
  facet normal -0.671528 -0.740979 0
    outer loop
      vertex 19.2322 8.03223 2
      vertex 19.414 7.86747 7
      vertex 19.2322 8.03223 7
    endloop
  endfacet
  facet normal -0.671528 -0.740979 -0
    outer loop
      vertex 19.414 7.86747 7
      vertex 19.2322 8.03223 2
      vertex 19.414 7.86747 2
    endloop
  endfacet
  facet normal -0.970042 -0.242938 0
    outer loop
      vertex 18.6076 9.07429 2
      vertex 18.548 9.31227 7
      vertex 18.548 9.31227 2
    endloop
  endfacet
  facet normal -0.970042 -0.242938 0
    outer loop
      vertex 18.548 9.31227 7
      vertex 18.6076 9.07429 2
      vertex 18.6076 9.07429 7
    endloop
  endfacet
  facet normal -0.90398 -0.427575 0
    outer loop
      vertex 18.7952 8.62151 2
      vertex 18.6903 8.84329 7
      vertex 18.6903 8.84329 2
    endloop
  endfacet
  facet normal -0.90398 -0.427575 0
    outer loop
      vertex 18.6903 8.84329 7
      vertex 18.7952 8.62151 2
      vertex 18.7952 8.62151 7
    endloop
  endfacet
  facet normal 0.242958 -0.970037 0
    outer loop
      vertex 21.4877 7.34804 2
      vertex 21.7257 7.40765 7
      vertex 21.4877 7.34804 7
    endloop
  endfacet
  facet normal 0.242958 -0.970037 0
    outer loop
      vertex 21.7257 7.40765 7
      vertex 21.4877 7.34804 2
      vertex 21.7257 7.40765 2
    endloop
  endfacet
  facet normal -0.595596 -0.803284 0
    outer loop
      vertex 19.414 7.86747 2
      vertex 19.6111 7.72133 7
      vertex 19.414 7.86747 7
    endloop
  endfacet
  facet normal -0.595596 -0.803284 -0
    outer loop
      vertex 19.6111 7.72133 7
      vertex 19.414 7.86747 2
      vertex 19.6111 7.72133 2
    endloop
  endfacet
  facet normal -0.514166 -0.857691 0
    outer loop
      vertex 19.6111 7.72133 2
      vertex 19.8215 7.5952 7
      vertex 19.6111 7.72133 7
    endloop
  endfacet
  facet normal -0.514166 -0.857691 -0
    outer loop
      vertex 19.8215 7.5952 7
      vertex 19.6111 7.72133 2
      vertex 19.8215 7.5952 2
    endloop
  endfacet
  facet normal -0.242958 -0.970037 0
    outer loop
      vertex 20.2743 7.40765 2
      vertex 20.5123 7.34804 7
      vertex 20.2743 7.40765 7
    endloop
  endfacet
  facet normal -0.242958 -0.970037 -0
    outer loop
      vertex 20.5123 7.34804 7
      vertex 20.2743 7.40765 2
      vertex 20.5123 7.34804 2
    endloop
  endfacet
  facet normal -0.146726 -0.989177 0
    outer loop
      vertex 20.5123 7.34804 2
      vertex 20.755 7.31204 7
      vertex 20.5123 7.34804 7
    endloop
  endfacet
  facet normal -0.146726 -0.989177 -0
    outer loop
      vertex 20.755 7.31204 7
      vertex 20.5123 7.34804 2
      vertex 20.755 7.31204 2
    endloop
  endfacet
  facet normal -0.803095 -0.595851 0
    outer loop
      vertex 19.0675 8.21402 2
      vertex 18.9213 8.41107 7
      vertex 18.9213 8.41107 2
    endloop
  endfacet
  facet normal -0.803095 -0.595851 0
    outer loop
      vertex 18.9213 8.41107 7
      vertex 19.0675 8.21402 2
      vertex 19.0675 8.21402 7
    endloop
  endfacet
  facet normal -0.336879 -0.941548 0
    outer loop
      vertex 20.0433 7.4903 2
      vertex 20.2743 7.40765 7
      vertex 20.0433 7.4903 7
    endloop
  endfacet
  facet normal -0.336879 -0.941548 -0
    outer loop
      vertex 20.2743 7.40765 7
      vertex 20.0433 7.4903 2
      vertex 20.2743 7.40765 2
    endloop
  endfacet
  facet normal -0.741083 -0.671414 0
    outer loop
      vertex 19.2322 8.03223 2
      vertex 19.0675 8.21402 7
      vertex 19.0675 8.21402 2
    endloop
  endfacet
  facet normal -0.741083 -0.671414 0
    outer loop
      vertex 19.0675 8.21402 7
      vertex 19.2322 8.03223 2
      vertex 19.2322 8.03223 7
    endloop
  endfacet
  facet normal 0.857745 0.514076 0
    outer loop
      vertex 23.2048 43.3785 7
      vertex 23.0787 43.5889 2
      vertex 23.0787 43.5889 7
    endloop
  endfacet
  facet normal 0.857745 0.514076 0
    outer loop
      vertex 23.0787 43.5889 2
      vertex 23.2048 43.3785 7
      vertex 23.2048 43.3785 2
    endloop
  endfacet
  facet normal 0.337059 0.941483 -0
    outer loop
      vertex 21.9567 44.5097 2
      vertex 21.7257 44.5924 7
      vertex 21.9567 44.5097 7
    endloop
  endfacet
  facet normal 0.337059 0.941483 0
    outer loop
      vertex 21.7257 44.5924 7
      vertex 21.9567 44.5097 2
      vertex 21.7257 44.5924 2
    endloop
  endfacet
  facet normal -0.427543 0.903995 0
    outer loop
      vertex 20.0433 44.5097 2
      vertex 19.8215 44.4048 7
      vertex 20.0433 44.5097 7
    endloop
  endfacet
  facet normal -0.427543 0.903995 0
    outer loop
      vertex 19.8215 44.4048 7
      vertex 20.0433 44.5097 2
      vertex 19.8215 44.4048 2
    endloop
  endfacet
  facet normal -0.941483 0.337059 0
    outer loop
      vertex 18.6076 42.9257 2
      vertex 18.6903 43.1567 7
      vertex 18.6903 43.1567 2
    endloop
  endfacet
  facet normal -0.941483 0.337059 0
    outer loop
      vertex 18.6903 43.1567 7
      vertex 18.6076 42.9257 2
      vertex 18.6076 42.9257 7
    endloop
  endfacet
  facet normal 0.998803 -0.0489209 0
    outer loop
      vertex 23.488 41.955 7
      vertex 23.5 42.2 2
      vertex 23.5 42.2 7
    endloop
  endfacet
  facet normal 0.998803 -0.0489209 0
    outer loop
      vertex 23.5 42.2 2
      vertex 23.488 41.955 7
      vertex 23.488 41.955 2
    endloop
  endfacet
  facet normal -0.998803 -0.0489209 0
    outer loop
      vertex 18.512 41.955 2
      vertex 18.5 42.2 7
      vertex 18.5 42.2 2
    endloop
  endfacet
  facet normal -0.998803 -0.0489209 0
    outer loop
      vertex 18.5 42.2 7
      vertex 18.512 41.955 2
      vertex 18.512 41.955 7
    endloop
  endfacet
  facet normal -0.671394 0.741101 0
    outer loop
      vertex 19.414 44.1325 2
      vertex 19.2322 43.9678 7
      vertex 19.414 44.1325 7
    endloop
  endfacet
  facet normal -0.671394 0.741101 0
    outer loop
      vertex 19.2322 43.9678 7
      vertex 19.414 44.1325 2
      vertex 19.2322 43.9678 2
    endloop
  endfacet
  facet normal 0.941613 -0.336698 0
    outer loop
      vertex 23.3097 41.2433 7
      vertex 23.3923 41.4743 2
      vertex 23.3923 41.4743 7
    endloop
  endfacet
  facet normal 0.941613 -0.336698 0
    outer loop
      vertex 23.3923 41.4743 2
      vertex 23.3097 41.2433 7
      vertex 23.3097 41.2433 2
    endloop
  endfacet
  facet normal 0.242919 -0.970047 0
    outer loop
      vertex 21.4877 39.748 2
      vertex 21.7257 39.8076 7
      vertex 21.4877 39.748 7
    endloop
  endfacet
  facet normal 0.242919 -0.970047 0
    outer loop
      vertex 21.7257 39.8076 7
      vertex 21.4877 39.748 2
      vertex 21.7257 39.8076 2
    endloop
  endfacet
  facet normal 0.514076 -0.857745 0
    outer loop
      vertex 22.1785 39.9952 2
      vertex 22.3889 40.1213 7
      vertex 22.1785 39.9952 7
    endloop
  endfacet
  facet normal 0.514076 -0.857745 0
    outer loop
      vertex 22.3889 40.1213 7
      vertex 22.1785 39.9952 2
      vertex 22.3889 40.1213 2
    endloop
  endfacet
  facet normal 0.989177 0.146726 0
    outer loop
      vertex 23.488 42.445 7
      vertex 23.452 42.6877 2
      vertex 23.452 42.6877 7
    endloop
  endfacet
  facet normal 0.989177 0.146726 0
    outer loop
      vertex 23.452 42.6877 2
      vertex 23.488 42.445 7
      vertex 23.488 42.445 2
    endloop
  endfacet
  facet normal 0.803167 0.595754 0
    outer loop
      vertex 23.0787 43.5889 7
      vertex 22.9325 43.786 2
      vertex 22.9325 43.786 7
    endloop
  endfacet
  facet normal 0.803167 0.595754 0
    outer loop
      vertex 22.9325 43.786 2
      vertex 23.0787 43.5889 7
      vertex 23.0787 43.5889 2
    endloop
  endfacet
  facet normal 0.671394 0.741101 -0
    outer loop
      vertex 22.7678 43.9678 2
      vertex 22.586 44.1325 7
      vertex 22.7678 43.9678 7
    endloop
  endfacet
  facet normal 0.671394 0.741101 0
    outer loop
      vertex 22.586 44.1325 7
      vertex 22.7678 43.9678 2
      vertex 22.586 44.1325 2
    endloop
  endfacet
  facet normal 0.741101 0.671394 0
    outer loop
      vertex 22.9325 43.786 7
      vertex 22.7678 43.9678 2
      vertex 22.7678 43.9678 7
    endloop
  endfacet
  facet normal 0.741101 0.671394 0
    outer loop
      vertex 22.7678 43.9678 2
      vertex 22.9325 43.786 7
      vertex 22.9325 43.786 2
    endloop
  endfacet
  facet normal -0.0489209 0.998803 0
    outer loop
      vertex 21 44.7 2
      vertex 20.755 44.688 7
      vertex 21 44.7 7
    endloop
  endfacet
  facet normal -0.0489209 0.998803 0
    outer loop
      vertex 20.755 44.688 7
      vertex 21 44.7 2
      vertex 20.755 44.688 2
    endloop
  endfacet
  facet normal 0.242919 0.970047 -0
    outer loop
      vertex 21.7257 44.5924 2
      vertex 21.4877 44.652 7
      vertex 21.7257 44.5924 7
    endloop
  endfacet
  facet normal 0.242919 0.970047 0
    outer loop
      vertex 21.4877 44.652 7
      vertex 21.7257 44.5924 2
      vertex 21.4877 44.652 2
    endloop
  endfacet
  facet normal 0.146726 0.989177 -0
    outer loop
      vertex 21.4877 44.652 2
      vertex 21.245 44.688 7
      vertex 21.4877 44.652 7
    endloop
  endfacet
  facet normal 0.146726 0.989177 0
    outer loop
      vertex 21.245 44.688 7
      vertex 21.4877 44.652 2
      vertex 21.245 44.688 2
    endloop
  endfacet
  facet normal 0.0489209 0.998803 -0
    outer loop
      vertex 21.245 44.688 2
      vertex 21 44.7 7
      vertex 21.245 44.688 7
    endloop
  endfacet
  facet normal 0.0489209 0.998803 0
    outer loop
      vertex 21 44.7 7
      vertex 21.245 44.688 2
      vertex 21 44.7 2
    endloop
  endfacet
  facet normal 0.595754 0.803167 -0
    outer loop
      vertex 22.586 44.1325 2
      vertex 22.3889 44.2787 7
      vertex 22.586 44.1325 7
    endloop
  endfacet
  facet normal 0.595754 0.803167 0
    outer loop
      vertex 22.3889 44.2787 7
      vertex 22.586 44.1325 2
      vertex 22.3889 44.2787 2
    endloop
  endfacet
  facet normal 0.514076 0.857745 -0
    outer loop
      vertex 22.3889 44.2787 2
      vertex 22.1785 44.4048 7
      vertex 22.3889 44.2787 7
    endloop
  endfacet
  facet normal 0.514076 0.857745 0
    outer loop
      vertex 22.1785 44.4048 7
      vertex 22.3889 44.2787 2
      vertex 22.1785 44.4048 2
    endloop
  endfacet
  facet normal -0.970047 0.242919 0
    outer loop
      vertex 18.548 42.6877 2
      vertex 18.6076 42.9257 7
      vertex 18.6076 42.9257 2
    endloop
  endfacet
  facet normal -0.970047 0.242919 0
    outer loop
      vertex 18.6076 42.9257 7
      vertex 18.548 42.6877 2
      vertex 18.548 42.6877 7
    endloop
  endfacet
  facet normal -0.989177 0.146726 0
    outer loop
      vertex 18.512 42.445 2
      vertex 18.548 42.6877 7
      vertex 18.548 42.6877 2
    endloop
  endfacet
  facet normal -0.989177 0.146726 0
    outer loop
      vertex 18.548 42.6877 7
      vertex 18.512 42.445 2
      vertex 18.512 42.445 7
    endloop
  endfacet
  facet normal -0.803167 0.595754 0
    outer loop
      vertex 18.9213 43.5889 2
      vertex 19.0675 43.786 7
      vertex 19.0675 43.786 2
    endloop
  endfacet
  facet normal -0.803167 0.595754 0
    outer loop
      vertex 19.0675 43.786 7
      vertex 18.9213 43.5889 2
      vertex 18.9213 43.5889 7
    endloop
  endfacet
  facet normal -0.857745 0.514076 0
    outer loop
      vertex 18.7952 43.3785 2
      vertex 18.9213 43.5889 7
      vertex 18.9213 43.5889 2
    endloop
  endfacet
  facet normal -0.857745 0.514076 0
    outer loop
      vertex 18.9213 43.5889 7
      vertex 18.7952 43.3785 2
      vertex 18.7952 43.3785 7
    endloop
  endfacet
  facet normal -0.146726 0.989177 0
    outer loop
      vertex 20.755 44.688 2
      vertex 20.5123 44.652 7
      vertex 20.755 44.688 7
    endloop
  endfacet
  facet normal -0.146726 0.989177 0
    outer loop
      vertex 20.5123 44.652 7
      vertex 20.755 44.688 2
      vertex 20.5123 44.652 2
    endloop
  endfacet
  facet normal -0.242919 0.970047 0
    outer loop
      vertex 20.5123 44.652 2
      vertex 20.2743 44.5924 7
      vertex 20.5123 44.652 7
    endloop
  endfacet
  facet normal -0.242919 0.970047 0
    outer loop
      vertex 20.2743 44.5924 7
      vertex 20.5123 44.652 2
      vertex 20.2743 44.5924 2
    endloop
  endfacet
  facet normal -0.514076 0.857745 0
    outer loop
      vertex 19.8215 44.4048 2
      vertex 19.6111 44.2787 7
      vertex 19.8215 44.4048 7
    endloop
  endfacet
  facet normal -0.514076 0.857745 0
    outer loop
      vertex 19.6111 44.2787 7
      vertex 19.8215 44.4048 2
      vertex 19.6111 44.2787 2
    endloop
  endfacet
  facet normal -0.595754 0.803167 0
    outer loop
      vertex 19.6111 44.2787 2
      vertex 19.414 44.1325 7
      vertex 19.6111 44.2787 7
    endloop
  endfacet
  facet normal -0.595754 0.803167 0
    outer loop
      vertex 19.414 44.1325 7
      vertex 19.6111 44.2787 2
      vertex 19.414 44.1325 2
    endloop
  endfacet
  facet normal -0.741101 0.671394 0
    outer loop
      vertex 19.0675 43.786 2
      vertex 19.2322 43.9678 7
      vertex 19.2322 43.9678 2
    endloop
  endfacet
  facet normal -0.741101 0.671394 0
    outer loop
      vertex 19.2322 43.9678 7
      vertex 19.0675 43.786 2
      vertex 19.0675 43.786 7
    endloop
  endfacet
  facet normal 0.998803 0.0489209 0
    outer loop
      vertex 23.5 42.2 7
      vertex 23.488 42.445 2
      vertex 23.488 42.445 7
    endloop
  endfacet
  facet normal 0.998803 0.0489209 0
    outer loop
      vertex 23.488 42.445 2
      vertex 23.5 42.2 7
      vertex 23.5 42.2 2
    endloop
  endfacet
  facet normal -0.941483 -0.337059 0
    outer loop
      vertex 18.6903 41.2433 2
      vertex 18.6076 41.4743 7
      vertex 18.6076 41.4743 2
    endloop
  endfacet
  facet normal -0.941483 -0.337059 0
    outer loop
      vertex 18.6076 41.4743 7
      vertex 18.6903 41.2433 2
      vertex 18.6903 41.2433 7
    endloop
  endfacet
  facet normal 0.146726 -0.989177 0
    outer loop
      vertex 21.245 39.712 2
      vertex 21.4877 39.748 7
      vertex 21.245 39.712 7
    endloop
  endfacet
  facet normal 0.146726 -0.989177 0
    outer loop
      vertex 21.4877 39.748 7
      vertex 21.245 39.712 2
      vertex 21.4877 39.748 2
    endloop
  endfacet
  facet normal 0.903995 0.427543 0
    outer loop
      vertex 23.3097 43.1567 7
      vertex 23.2048 43.3785 2
      vertex 23.2048 43.3785 7
    endloop
  endfacet
  facet normal 0.903995 0.427543 0
    outer loop
      vertex 23.2048 43.3785 2
      vertex 23.3097 43.1567 7
      vertex 23.3097 43.1567 2
    endloop
  endfacet
  facet normal 0.941613 0.336698 0
    outer loop
      vertex 23.3923 42.9257 7
      vertex 23.3097 43.1567 2
      vertex 23.3097 43.1567 7
    endloop
  endfacet
  facet normal 0.941613 0.336698 0
    outer loop
      vertex 23.3097 43.1567 2
      vertex 23.3923 42.9257 7
      vertex 23.3923 42.9257 2
    endloop
  endfacet
  facet normal 0.96995 0.243303 0
    outer loop
      vertex 23.452 42.6877 7
      vertex 23.3923 42.9257 2
      vertex 23.3923 42.9257 7
    endloop
  endfacet
  facet normal 0.96995 0.243303 0
    outer loop
      vertex 23.3923 42.9257 2
      vertex 23.452 42.6877 7
      vertex 23.452 42.6877 2
    endloop
  endfacet
  facet normal 0.427543 0.903995 -0
    outer loop
      vertex 22.1785 44.4048 2
      vertex 21.9567 44.5097 7
      vertex 22.1785 44.4048 7
    endloop
  endfacet
  facet normal 0.427543 0.903995 0
    outer loop
      vertex 21.9567 44.5097 7
      vertex 22.1785 44.4048 2
      vertex 21.9567 44.5097 2
    endloop
  endfacet
  facet normal 0 0 1
    outer loop
      vertex 21.8 42.2 7
      vertex 23.5 42.2 7
      vertex 23.488 42.445 7
    endloop
  endfacet
  facet normal 0 0 1
    outer loop
      vertex 21.7961 42.2784 7
      vertex 23.488 42.445 7
      vertex 23.452 42.6877 7
    endloop
  endfacet
  facet normal 0 0 1
    outer loop
      vertex 23.5 42.2 7
      vertex 21.8 42.2 7
      vertex 23.488 41.955 7
    endloop
  endfacet
  facet normal 0 0 1
    outer loop
      vertex 21.7846 42.3561 7
      vertex 23.452 42.6877 7
      vertex 23.3923 42.9257 7
    endloop
  endfacet
  facet normal -0 0 1
    outer loop
      vertex 21.7961 42.1216 7
      vertex 23.488 41.955 7
      vertex 21.8 42.2 7
    endloop
  endfacet
  facet normal 0 0 1
    outer loop
      vertex 21.7656 42.4322 7
      vertex 23.3923 42.9257 7
      vertex 23.3097 43.1567 7
    endloop
  endfacet
  facet normal 0 0 1
    outer loop
      vertex 23.488 41.955 7
      vertex 21.7961 42.1216 7
      vertex 23.452 41.7123 7
    endloop
  endfacet
  facet normal 0 0 1
    outer loop
      vertex 21.7391 42.5061 7
      vertex 23.3097 43.1567 7
      vertex 23.2048 43.3785 7
    endloop
  endfacet
  facet normal -0 0 1
    outer loop
      vertex 21.7846 42.0439 7
      vertex 23.452 41.7123 7
      vertex 21.7961 42.1216 7
    endloop
  endfacet
  facet normal 0 0 1
    outer loop
      vertex 21.7055 42.5771 7
      vertex 23.2048 43.3785 7
      vertex 23.0787 43.5889 7
    endloop
  endfacet
  facet normal 0 0 1
    outer loop
      vertex 23.452 41.7123 7
      vertex 21.7846 42.0439 7
      vertex 23.3923 41.4743 7
    endloop
  endfacet
  facet normal 0 0 1
    outer loop
      vertex 21.6652 42.6445 7
      vertex 23.0787 43.5889 7
      vertex 22.9325 43.786 7
    endloop
  endfacet
  facet normal -0 0 1
    outer loop
      vertex 21.7656 41.9678 7
      vertex 23.3923 41.4743 7
      vertex 21.7846 42.0439 7
    endloop
  endfacet
  facet normal 0 0 1
    outer loop
      vertex 21.6184 42.7075 7
      vertex 22.9325 43.786 7
      vertex 22.7678 43.9678 7
    endloop
  endfacet
  facet normal 0 0 1
    outer loop
      vertex 23.3923 41.4743 7
      vertex 21.7656 41.9678 7
      vertex 23.3097 41.2433 7
    endloop
  endfacet
  facet normal 0 0 1
    outer loop
      vertex 21.5657 42.7657 7
      vertex 22.7678 43.9678 7
      vertex 22.586 44.1325 7
    endloop
  endfacet
  facet normal -0 0 1
    outer loop
      vertex 21.7391 41.8939 7
      vertex 23.3097 41.2433 7
      vertex 21.7656 41.9678 7
    endloop
  endfacet
  facet normal 0 0 1
    outer loop
      vertex 21.5075 42.8184 7
      vertex 22.586 44.1325 7
      vertex 22.3889 44.2787 7
    endloop
  endfacet
  facet normal 0 0 1
    outer loop
      vertex 23.3097 41.2433 7
      vertex 21.7391 41.8939 7
      vertex 23.2048 41.0215 7
    endloop
  endfacet
  facet normal 0 0 1
    outer loop
      vertex 21.4445 42.8652 7
      vertex 22.3889 44.2787 7
      vertex 22.1785 44.4048 7
    endloop
  endfacet
  facet normal -0 0 1
    outer loop
      vertex 21.7055 41.8229 7
      vertex 23.2048 41.0215 7
      vertex 21.7391 41.8939 7
    endloop
  endfacet
  facet normal 0 0 1
    outer loop
      vertex 21.3771 42.9055 7
      vertex 22.1785 44.4048 7
      vertex 21.9567 44.5097 7
    endloop
  endfacet
  facet normal 0 0 1
    outer loop
      vertex 23.2048 41.0215 7
      vertex 21.7055 41.8229 7
      vertex 23.0787 40.8111 7
    endloop
  endfacet
  facet normal -0 0 1
    outer loop
      vertex 21.6652 41.7555 7
      vertex 23.0787 40.8111 7
      vertex 21.7055 41.8229 7
    endloop
  endfacet
  facet normal 0 0 1
    outer loop
      vertex 23.488 42.445 7
      vertex 21.7961 42.2784 7
      vertex 21.8 42.2 7
    endloop
  endfacet
  facet normal 0 0 1
    outer loop
      vertex 23.452 42.6877 7
      vertex 21.7846 42.3561 7
      vertex 21.7961 42.2784 7
    endloop
  endfacet
  facet normal 0 0 1
    outer loop
      vertex 23.3923 42.9257 7
      vertex 21.7656 42.4322 7
      vertex 21.7846 42.3561 7
    endloop
  endfacet
  facet normal 0 0 1
    outer loop
      vertex 23.3097 43.1567 7
      vertex 21.7391 42.5061 7
      vertex 21.7656 42.4322 7
    endloop
  endfacet
  facet normal 0 0 1
    outer loop
      vertex 21.3061 42.9391 7
      vertex 21.9567 44.5097 7
      vertex 21.7257 44.5924 7
    endloop
  endfacet
  facet normal 0 0 1
    outer loop
      vertex 23.2048 43.3785 7
      vertex 21.7055 42.5771 7
      vertex 21.7391 42.5061 7
    endloop
  endfacet
  facet normal 0 0 1
    outer loop
      vertex 23.0787 43.5889 7
      vertex 21.6652 42.6445 7
      vertex 21.7055 42.5771 7
    endloop
  endfacet
  facet normal 0 0 1
    outer loop
      vertex 22.9325 43.786 7
      vertex 21.6184 42.7075 7
      vertex 21.6652 42.6445 7
    endloop
  endfacet
  facet normal 0 0 1
    outer loop
      vertex 22.7678 43.9678 7
      vertex 21.5657 42.7657 7
      vertex 21.6184 42.7075 7
    endloop
  endfacet
  facet normal 0 0 1
    outer loop
      vertex 22.586 44.1325 7
      vertex 21.5075 42.8184 7
      vertex 21.5657 42.7657 7
    endloop
  endfacet
  facet normal 0 0 1
    outer loop
      vertex 21.2322 42.9656 7
      vertex 21.7257 44.5924 7
      vertex 21.4877 44.652 7
    endloop
  endfacet
  facet normal 0 0 1
    outer loop
      vertex 22.3889 44.2787 7
      vertex 21.4445 42.8652 7
      vertex 21.5075 42.8184 7
    endloop
  endfacet
  facet normal 0 0 1
    outer loop
      vertex 22.1785 44.4048 7
      vertex 21.3771 42.9055 7
      vertex 21.4445 42.8652 7
    endloop
  endfacet
  facet normal 0 0 1
    outer loop
      vertex 21.9567 44.5097 7
      vertex 21.3061 42.9391 7
      vertex 21.3771 42.9055 7
    endloop
  endfacet
  facet normal 0 0 1
    outer loop
      vertex 21.1561 42.9846 7
      vertex 21.4877 44.652 7
      vertex 21.245 44.688 7
    endloop
  endfacet
  facet normal 0 0 1
    outer loop
      vertex 21.7257 44.5924 7
      vertex 21.2322 42.9656 7
      vertex 21.3061 42.9391 7
    endloop
  endfacet
  facet normal 0 0 1
    outer loop
      vertex 21.4877 44.652 7
      vertex 21.1561 42.9846 7
      vertex 21.2322 42.9656 7
    endloop
  endfacet
  facet normal 0 0 1
    outer loop
      vertex 21.245 44.688 7
      vertex 21.0784 42.9961 7
      vertex 21.1561 42.9846 7
    endloop
  endfacet
  facet normal 0 0 1
    outer loop
      vertex 21 44.7 7
      vertex 21.0784 42.9961 7
      vertex 21.245 44.688 7
    endloop
  endfacet
  facet normal 0 0 1
    outer loop
      vertex 21 44.7 7
      vertex 21 43 7
      vertex 21.0784 42.9961 7
    endloop
  endfacet
  facet normal 0 0 1
    outer loop
      vertex 21 44.7 7
      vertex 20.9216 42.9961 7
      vertex 21 43 7
    endloop
  endfacet
  facet normal -0 0 1
    outer loop
      vertex 20.755 44.688 7
      vertex 20.9216 42.9961 7
      vertex 21 44.7 7
    endloop
  endfacet
  facet normal 0 0 1
    outer loop
      vertex 20.9216 42.9961 7
      vertex 20.755 44.688 7
      vertex 20.8439 42.9846 7
    endloop
  endfacet
  facet normal -0 0 1
    outer loop
      vertex 20.5123 44.652 7
      vertex 20.8439 42.9846 7
      vertex 20.755 44.688 7
    endloop
  endfacet
  facet normal 0 0 1
    outer loop
      vertex 20.8439 42.9846 7
      vertex 20.5123 44.652 7
      vertex 20.7678 42.9656 7
    endloop
  endfacet
  facet normal -0 0 1
    outer loop
      vertex 20.2743 44.5924 7
      vertex 20.7678 42.9656 7
      vertex 20.5123 44.652 7
    endloop
  endfacet
  facet normal 0 0 1
    outer loop
      vertex 20.7678 42.9656 7
      vertex 20.2743 44.5924 7
      vertex 20.6939 42.9391 7
    endloop
  endfacet
  facet normal -0 0 1
    outer loop
      vertex 20.0433 44.5097 7
      vertex 20.6939 42.9391 7
      vertex 20.2743 44.5924 7
    endloop
  endfacet
  facet normal 0 0 1
    outer loop
      vertex 20.6939 42.9391 7
      vertex 20.0433 44.5097 7
      vertex 20.6229 42.9055 7
    endloop
  endfacet
  facet normal -0 0 1
    outer loop
      vertex 19.8215 44.4048 7
      vertex 20.6229 42.9055 7
      vertex 20.0433 44.5097 7
    endloop
  endfacet
  facet normal 0 0 1
    outer loop
      vertex 20.6229 42.9055 7
      vertex 19.8215 44.4048 7
      vertex 20.5555 42.8652 7
    endloop
  endfacet
  facet normal -0 0 1
    outer loop
      vertex 19.6111 44.2787 7
      vertex 20.5555 42.8652 7
      vertex 19.8215 44.4048 7
    endloop
  endfacet
  facet normal 0 0 1
    outer loop
      vertex 20.5555 42.8652 7
      vertex 19.6111 44.2787 7
      vertex 20.4925 42.8184 7
    endloop
  endfacet
  facet normal -0 0 1
    outer loop
      vertex 19.414 44.1325 7
      vertex 20.4925 42.8184 7
      vertex 19.6111 44.2787 7
    endloop
  endfacet
  facet normal 0 0 1
    outer loop
      vertex 20.4925 42.8184 7
      vertex 19.414 44.1325 7
      vertex 20.4343 42.7657 7
    endloop
  endfacet
  facet normal -0 0 1
    outer loop
      vertex 19.2322 43.9678 7
      vertex 20.4343 42.7657 7
      vertex 19.414 44.1325 7
    endloop
  endfacet
  facet normal 0 0 1
    outer loop
      vertex 20.4343 42.7657 7
      vertex 19.2322 43.9678 7
      vertex 20.3816 42.7075 7
    endloop
  endfacet
  facet normal -0 0 1
    outer loop
      vertex 19.0675 43.786 7
      vertex 20.3816 42.7075 7
      vertex 19.2322 43.9678 7
    endloop
  endfacet
  facet normal 0 0 1
    outer loop
      vertex 20.3816 42.7075 7
      vertex 19.0675 43.786 7
      vertex 20.3348 42.6445 7
    endloop
  endfacet
  facet normal -0 0 1
    outer loop
      vertex 18.9213 43.5889 7
      vertex 20.3348 42.6445 7
      vertex 19.0675 43.786 7
    endloop
  endfacet
  facet normal 0 0 1
    outer loop
      vertex 23.0787 40.8111 7
      vertex 21.6652 41.7555 7
      vertex 22.9325 40.614 7
    endloop
  endfacet
  facet normal -0 0 1
    outer loop
      vertex 21.6184 41.6925 7
      vertex 22.9325 40.614 7
      vertex 21.6652 41.7555 7
    endloop
  endfacet
  facet normal 0 0 1
    outer loop
      vertex 22.9325 40.614 7
      vertex 21.6184 41.6925 7
      vertex 22.7678 40.4322 7
    endloop
  endfacet
  facet normal -0 0 1
    outer loop
      vertex 21.5657 41.6343 7
      vertex 22.7678 40.4322 7
      vertex 21.6184 41.6925 7
    endloop
  endfacet
  facet normal 0 0 1
    outer loop
      vertex 22.7678 40.4322 7
      vertex 21.5657 41.6343 7
      vertex 22.586 40.2675 7
    endloop
  endfacet
  facet normal -0 0 1
    outer loop
      vertex 21.5075 41.5816 7
      vertex 22.586 40.2675 7
      vertex 21.5657 41.6343 7
    endloop
  endfacet
  facet normal 0 0 1
    outer loop
      vertex 22.586 40.2675 7
      vertex 21.5075 41.5816 7
      vertex 22.3889 40.1213 7
    endloop
  endfacet
  facet normal -0 0 1
    outer loop
      vertex 21.4445 41.5348 7
      vertex 22.3889 40.1213 7
      vertex 21.5075 41.5816 7
    endloop
  endfacet
  facet normal 0 0 1
    outer loop
      vertex 22.3889 40.1213 7
      vertex 21.4445 41.5348 7
      vertex 22.1785 39.9952 7
    endloop
  endfacet
  facet normal -0 0 1
    outer loop
      vertex 21.3771 41.4945 7
      vertex 22.1785 39.9952 7
      vertex 21.4445 41.5348 7
    endloop
  endfacet
  facet normal 0 0 1
    outer loop
      vertex 22.1785 39.9952 7
      vertex 21.3771 41.4945 7
      vertex 21.9567 39.8903 7
    endloop
  endfacet
  facet normal -0 0 1
    outer loop
      vertex 21.3061 41.4609 7
      vertex 21.9567 39.8903 7
      vertex 21.3771 41.4945 7
    endloop
  endfacet
  facet normal 0 0 1
    outer loop
      vertex 21.9567 39.8903 7
      vertex 21.3061 41.4609 7
      vertex 21.7257 39.8076 7
    endloop
  endfacet
  facet normal -0 0 1
    outer loop
      vertex 21.2322 41.4344 7
      vertex 21.7257 39.8076 7
      vertex 21.3061 41.4609 7
    endloop
  endfacet
  facet normal 0 0 1
    outer loop
      vertex 21.7257 39.8076 7
      vertex 21.2322 41.4344 7
      vertex 21.4877 39.748 7
    endloop
  endfacet
  facet normal -0 0 1
    outer loop
      vertex 21.1561 41.4154 7
      vertex 21.4877 39.748 7
      vertex 21.2322 41.4344 7
    endloop
  endfacet
  facet normal 0 0 1
    outer loop
      vertex 21.4877 39.748 7
      vertex 21.1561 41.4154 7
      vertex 21.245 39.712 7
    endloop
  endfacet
  facet normal -0 0 1
    outer loop
      vertex 21.0784 41.4039 7
      vertex 21.245 39.712 7
      vertex 21.1561 41.4154 7
    endloop
  endfacet
  facet normal -0 0 1
    outer loop
      vertex 21 41.4 7
      vertex 21.245 39.712 7
      vertex 21.0784 41.4039 7
    endloop
  endfacet
  facet normal 0 0 1
    outer loop
      vertex 21 41.4 7
      vertex 21 39.7 7
      vertex 21.245 39.712 7
    endloop
  endfacet
  facet normal 0 0 1
    outer loop
      vertex 20.9216 41.4039 7
      vertex 21 39.7 7
      vertex 21 41.4 7
    endloop
  endfacet
  facet normal 0 0 1
    outer loop
      vertex 20.755 39.712 7
      vertex 20.9216 41.4039 7
      vertex 20.8439 41.4154 7
    endloop
  endfacet
  facet normal 0 0 1
    outer loop
      vertex 20.5123 39.748 7
      vertex 20.8439 41.4154 7
      vertex 20.7678 41.4344 7
    endloop
  endfacet
  facet normal 0 0 1
    outer loop
      vertex 20.9216 41.4039 7
      vertex 20.755 39.712 7
      vertex 21 39.7 7
    endloop
  endfacet
  facet normal 0 0 1
    outer loop
      vertex 20.2743 39.8076 7
      vertex 20.7678 41.4344 7
      vertex 20.6939 41.4609 7
    endloop
  endfacet
  facet normal 0 0 1
    outer loop
      vertex 20.0433 39.8903 7
      vertex 20.6939 41.4609 7
      vertex 20.6229 41.4945 7
    endloop
  endfacet
  facet normal 0 0 1
    outer loop
      vertex 19.8215 39.9952 7
      vertex 20.6229 41.4945 7
      vertex 20.5555 41.5348 7
    endloop
  endfacet
  facet normal 0 0 1
    outer loop
      vertex 20.8439 41.4154 7
      vertex 20.5123 39.748 7
      vertex 20.755 39.712 7
    endloop
  endfacet
  facet normal 0 0 1
    outer loop
      vertex 19.6111 40.1213 7
      vertex 20.5555 41.5348 7
      vertex 20.4925 41.5816 7
    endloop
  endfacet
  facet normal 0 0 1
    outer loop
      vertex 19.414 40.2675 7
      vertex 20.4925 41.5816 7
      vertex 20.4343 41.6343 7
    endloop
  endfacet
  facet normal 0 0 1
    outer loop
      vertex 19.2322 40.4322 7
      vertex 20.4343 41.6343 7
      vertex 20.3816 41.6925 7
    endloop
  endfacet
  facet normal 0 0 1
    outer loop
      vertex 19.0675 40.614 7
      vertex 20.3816 41.6925 7
      vertex 20.3348 41.7555 7
    endloop
  endfacet
  facet normal 0 0 1
    outer loop
      vertex 18.9213 40.8111 7
      vertex 20.3348 41.7555 7
      vertex 20.2945 41.8229 7
    endloop
  endfacet
  facet normal 0 0 1
    outer loop
      vertex 20.7678 41.4344 7
      vertex 20.2743 39.8076 7
      vertex 20.5123 39.748 7
    endloop
  endfacet
  facet normal 0 0 1
    outer loop
      vertex 18.7952 41.0215 7
      vertex 20.2945 41.8229 7
      vertex 20.2609 41.8939 7
    endloop
  endfacet
  facet normal 0 0 1
    outer loop
      vertex 18.6903 41.2433 7
      vertex 20.2609 41.8939 7
      vertex 20.2344 41.9678 7
    endloop
  endfacet
  facet normal 0 0 1
    outer loop
      vertex 18.6076 41.4743 7
      vertex 20.2344 41.9678 7
      vertex 20.2154 42.0439 7
    endloop
  endfacet
  facet normal 0 0 1
    outer loop
      vertex 18.548 41.7123 7
      vertex 20.2154 42.0439 7
      vertex 20.2039 42.1216 7
    endloop
  endfacet
  facet normal 0 0 1
    outer loop
      vertex 18.512 41.955 7
      vertex 20.2039 42.1216 7
      vertex 20.2 42.2 7
    endloop
  endfacet
  facet normal 0 0 1
    outer loop
      vertex 20.3348 42.6445 7
      vertex 18.9213 43.5889 7
      vertex 20.2945 42.5771 7
    endloop
  endfacet
  facet normal 0 0 1
    outer loop
      vertex 20.6939 41.4609 7
      vertex 20.0433 39.8903 7
      vertex 20.2743 39.8076 7
    endloop
  endfacet
  facet normal -0 0 1
    outer loop
      vertex 18.7952 43.3785 7
      vertex 20.2945 42.5771 7
      vertex 18.9213 43.5889 7
    endloop
  endfacet
  facet normal 0 0 1
    outer loop
      vertex 20.6229 41.4945 7
      vertex 19.8215 39.9952 7
      vertex 20.0433 39.8903 7
    endloop
  endfacet
  facet normal 0 0 1
    outer loop
      vertex 20.2945 42.5771 7
      vertex 18.7952 43.3785 7
      vertex 20.2609 42.5061 7
    endloop
  endfacet
  facet normal 0 0 1
    outer loop
      vertex 20.5555 41.5348 7
      vertex 19.6111 40.1213 7
      vertex 19.8215 39.9952 7
    endloop
  endfacet
  facet normal -0 0 1
    outer loop
      vertex 18.6903 43.1567 7
      vertex 20.2609 42.5061 7
      vertex 18.7952 43.3785 7
    endloop
  endfacet
  facet normal 0 0 1
    outer loop
      vertex 20.4925 41.5816 7
      vertex 19.414 40.2675 7
      vertex 19.6111 40.1213 7
    endloop
  endfacet
  facet normal 0 0 1
    outer loop
      vertex 20.2609 42.5061 7
      vertex 18.6903 43.1567 7
      vertex 20.2344 42.4322 7
    endloop
  endfacet
  facet normal 0 0 1
    outer loop
      vertex 20.4343 41.6343 7
      vertex 19.2322 40.4322 7
      vertex 19.414 40.2675 7
    endloop
  endfacet
  facet normal -0 0 1
    outer loop
      vertex 18.6076 42.9257 7
      vertex 20.2344 42.4322 7
      vertex 18.6903 43.1567 7
    endloop
  endfacet
  facet normal 0 0 1
    outer loop
      vertex 20.3816 41.6925 7
      vertex 19.0675 40.614 7
      vertex 19.2322 40.4322 7
    endloop
  endfacet
  facet normal 0 0 1
    outer loop
      vertex 20.2344 42.4322 7
      vertex 18.6076 42.9257 7
      vertex 20.2154 42.3561 7
    endloop
  endfacet
  facet normal 0 0 1
    outer loop
      vertex 20.3348 41.7555 7
      vertex 18.9213 40.8111 7
      vertex 19.0675 40.614 7
    endloop
  endfacet
  facet normal -0 0 1
    outer loop
      vertex 18.548 42.6877 7
      vertex 20.2154 42.3561 7
      vertex 18.6076 42.9257 7
    endloop
  endfacet
  facet normal 0 0 1
    outer loop
      vertex 20.2945 41.8229 7
      vertex 18.7952 41.0215 7
      vertex 18.9213 40.8111 7
    endloop
  endfacet
  facet normal 0 0 1
    outer loop
      vertex 20.2154 42.3561 7
      vertex 18.548 42.6877 7
      vertex 20.2039 42.2784 7
    endloop
  endfacet
  facet normal 0 0 1
    outer loop
      vertex 20.2609 41.8939 7
      vertex 18.6903 41.2433 7
      vertex 18.7952 41.0215 7
    endloop
  endfacet
  facet normal -0 0 1
    outer loop
      vertex 18.512 42.445 7
      vertex 20.2039 42.2784 7
      vertex 18.548 42.6877 7
    endloop
  endfacet
  facet normal 0 0 1
    outer loop
      vertex 20.2344 41.9678 7
      vertex 18.6076 41.4743 7
      vertex 18.6903 41.2433 7
    endloop
  endfacet
  facet normal 0 0 1
    outer loop
      vertex 20.2039 42.2784 7
      vertex 18.512 42.445 7
      vertex 20.2 42.2 7
    endloop
  endfacet
  facet normal 0 0 1
    outer loop
      vertex 20.2154 42.0439 7
      vertex 18.548 41.7123 7
      vertex 18.6076 41.4743 7
    endloop
  endfacet
  facet normal 0 0 1
    outer loop
      vertex 18.5 42.2 7
      vertex 20.2 42.2 7
      vertex 18.512 42.445 7
    endloop
  endfacet
  facet normal 0 0 1
    outer loop
      vertex 20.2039 42.1216 7
      vertex 18.512 41.955 7
      vertex 18.548 41.7123 7
    endloop
  endfacet
  facet normal 0 0 1
    outer loop
      vertex 20.2 42.2 7
      vertex 18.5 42.2 7
      vertex 18.512 41.955 7
    endloop
  endfacet
  facet normal -0.998803 0.0489209 0
    outer loop
      vertex 18.5 42.2 2
      vertex 18.512 42.445 7
      vertex 18.512 42.445 2
    endloop
  endfacet
  facet normal -0.998803 0.0489209 0
    outer loop
      vertex 18.512 42.445 7
      vertex 18.5 42.2 2
      vertex 18.5 42.2 7
    endloop
  endfacet
  facet normal -0.903995 0.427543 0
    outer loop
      vertex 18.6903 43.1567 2
      vertex 18.7952 43.3785 7
      vertex 18.7952 43.3785 2
    endloop
  endfacet
  facet normal -0.903995 0.427543 0
    outer loop
      vertex 18.7952 43.3785 7
      vertex 18.6903 43.1567 2
      vertex 18.6903 43.1567 7
    endloop
  endfacet
  facet normal -0.337059 0.941483 0
    outer loop
      vertex 20.2743 44.5924 2
      vertex 20.0433 44.5097 7
      vertex 20.2743 44.5924 7
    endloop
  endfacet
  facet normal -0.337059 0.941483 0
    outer loop
      vertex 20.0433 44.5097 7
      vertex 20.2743 44.5924 2
      vertex 20.0433 44.5097 2
    endloop
  endfacet
  facet normal 0.989177 -0.146726 0
    outer loop
      vertex 23.452 41.7123 7
      vertex 23.488 41.955 2
      vertex 23.488 41.955 7
    endloop
  endfacet
  facet normal 0.989177 -0.146726 0
    outer loop
      vertex 23.488 41.955 2
      vertex 23.452 41.7123 7
      vertex 23.452 41.7123 2
    endloop
  endfacet
  facet normal 0.96995 -0.243303 0
    outer loop
      vertex 23.3923 41.4743 7
      vertex 23.452 41.7123 2
      vertex 23.452 41.7123 7
    endloop
  endfacet
  facet normal 0.96995 -0.243303 0
    outer loop
      vertex 23.452 41.7123 2
      vertex 23.3923 41.4743 7
      vertex 23.3923 41.4743 2
    endloop
  endfacet
  facet normal 0.903995 -0.427543 0
    outer loop
      vertex 23.2048 41.0215 7
      vertex 23.3097 41.2433 2
      vertex 23.3097 41.2433 7
    endloop
  endfacet
  facet normal 0.903995 -0.427543 0
    outer loop
      vertex 23.3097 41.2433 2
      vertex 23.2048 41.0215 7
      vertex 23.2048 41.0215 2
    endloop
  endfacet
  facet normal 0.803167 -0.595754 0
    outer loop
      vertex 22.9325 40.614 7
      vertex 23.0787 40.8111 2
      vertex 23.0787 40.8111 7
    endloop
  endfacet
  facet normal 0.803167 -0.595754 0
    outer loop
      vertex 23.0787 40.8111 2
      vertex 22.9325 40.614 7
      vertex 22.9325 40.614 2
    endloop
  endfacet
  facet normal -0.0489209 -0.998803 0
    outer loop
      vertex 20.755 39.712 2
      vertex 21 39.7 7
      vertex 20.755 39.712 7
    endloop
  endfacet
  facet normal -0.0489209 -0.998803 -0
    outer loop
      vertex 21 39.7 7
      vertex 20.755 39.712 2
      vertex 21 39.7 2
    endloop
  endfacet
  facet normal -0.989177 -0.146726 0
    outer loop
      vertex 18.548 41.7123 2
      vertex 18.512 41.955 7
      vertex 18.512 41.955 2
    endloop
  endfacet
  facet normal -0.989177 -0.146726 0
    outer loop
      vertex 18.512 41.955 7
      vertex 18.548 41.7123 2
      vertex 18.548 41.7123 7
    endloop
  endfacet
  facet normal -0.903995 -0.427543 0
    outer loop
      vertex 18.7952 41.0215 2
      vertex 18.6903 41.2433 7
      vertex 18.6903 41.2433 2
    endloop
  endfacet
  facet normal -0.903995 -0.427543 0
    outer loop
      vertex 18.6903 41.2433 7
      vertex 18.7952 41.0215 2
      vertex 18.7952 41.0215 7
    endloop
  endfacet
  facet normal -0.741101 -0.671394 0
    outer loop
      vertex 19.2322 40.4322 2
      vertex 19.0675 40.614 7
      vertex 19.0675 40.614 2
    endloop
  endfacet
  facet normal -0.741101 -0.671394 0
    outer loop
      vertex 19.0675 40.614 7
      vertex 19.2322 40.4322 2
      vertex 19.2322 40.4322 7
    endloop
  endfacet
  facet normal 0.337059 -0.941483 0
    outer loop
      vertex 21.7257 39.8076 2
      vertex 21.9567 39.8903 7
      vertex 21.7257 39.8076 7
    endloop
  endfacet
  facet normal 0.337059 -0.941483 0
    outer loop
      vertex 21.9567 39.8903 7
      vertex 21.7257 39.8076 2
      vertex 21.9567 39.8903 2
    endloop
  endfacet
  facet normal 0.857745 -0.514076 0
    outer loop
      vertex 23.0787 40.8111 7
      vertex 23.2048 41.0215 2
      vertex 23.2048 41.0215 7
    endloop
  endfacet
  facet normal 0.857745 -0.514076 0
    outer loop
      vertex 23.2048 41.0215 2
      vertex 23.0787 40.8111 7
      vertex 23.0787 40.8111 2
    endloop
  endfacet
  facet normal -0.242919 -0.970047 0
    outer loop
      vertex 20.2743 39.8076 2
      vertex 20.5123 39.748 7
      vertex 20.2743 39.8076 7
    endloop
  endfacet
  facet normal -0.242919 -0.970047 -0
    outer loop
      vertex 20.5123 39.748 7
      vertex 20.2743 39.8076 2
      vertex 20.5123 39.748 2
    endloop
  endfacet
  facet normal 0.0489209 -0.998803 0
    outer loop
      vertex 21 39.7 2
      vertex 21.245 39.712 7
      vertex 21 39.7 7
    endloop
  endfacet
  facet normal 0.0489209 -0.998803 0
    outer loop
      vertex 21.245 39.712 7
      vertex 21 39.7 2
      vertex 21.245 39.712 2
    endloop
  endfacet
  facet normal -0.970047 -0.242919 0
    outer loop
      vertex 18.6076 41.4743 2
      vertex 18.548 41.7123 7
      vertex 18.548 41.7123 2
    endloop
  endfacet
  facet normal -0.970047 -0.242919 0
    outer loop
      vertex 18.548 41.7123 7
      vertex 18.6076 41.4743 2
      vertex 18.6076 41.4743 7
    endloop
  endfacet
  facet normal -0.671394 -0.741101 0
    outer loop
      vertex 19.2322 40.4322 2
      vertex 19.414 40.2675 7
      vertex 19.2322 40.4322 7
    endloop
  endfacet
  facet normal -0.671394 -0.741101 -0
    outer loop
      vertex 19.414 40.2675 7
      vertex 19.2322 40.4322 2
      vertex 19.414 40.2675 2
    endloop
  endfacet
  facet normal -0.803167 -0.595754 0
    outer loop
      vertex 19.0675 40.614 2
      vertex 18.9213 40.8111 7
      vertex 18.9213 40.8111 2
    endloop
  endfacet
  facet normal -0.803167 -0.595754 0
    outer loop
      vertex 18.9213 40.8111 7
      vertex 19.0675 40.614 2
      vertex 19.0675 40.614 7
    endloop
  endfacet
  facet normal -0.857745 -0.514076 0
    outer loop
      vertex 18.9213 40.8111 2
      vertex 18.7952 41.0215 7
      vertex 18.7952 41.0215 2
    endloop
  endfacet
  facet normal -0.857745 -0.514076 0
    outer loop
      vertex 18.7952 41.0215 7
      vertex 18.9213 40.8111 2
      vertex 18.9213 40.8111 7
    endloop
  endfacet
  facet normal 0.427543 -0.903995 0
    outer loop
      vertex 21.9567 39.8903 2
      vertex 22.1785 39.9952 7
      vertex 21.9567 39.8903 7
    endloop
  endfacet
  facet normal 0.427543 -0.903995 0
    outer loop
      vertex 22.1785 39.9952 7
      vertex 21.9567 39.8903 2
      vertex 22.1785 39.9952 2
    endloop
  endfacet
  facet normal 0.671394 -0.741101 0
    outer loop
      vertex 22.586 40.2675 2
      vertex 22.7678 40.4322 7
      vertex 22.586 40.2675 7
    endloop
  endfacet
  facet normal 0.671394 -0.741101 0
    outer loop
      vertex 22.7678 40.4322 7
      vertex 22.586 40.2675 2
      vertex 22.7678 40.4322 2
    endloop
  endfacet
  facet normal 0.595754 -0.803167 0
    outer loop
      vertex 22.3889 40.1213 2
      vertex 22.586 40.2675 7
      vertex 22.3889 40.1213 7
    endloop
  endfacet
  facet normal 0.595754 -0.803167 0
    outer loop
      vertex 22.586 40.2675 7
      vertex 22.3889 40.1213 2
      vertex 22.586 40.2675 2
    endloop
  endfacet
  facet normal 0.741101 -0.671394 0
    outer loop
      vertex 22.7678 40.4322 7
      vertex 22.9325 40.614 2
      vertex 22.9325 40.614 7
    endloop
  endfacet
  facet normal 0.741101 -0.671394 0
    outer loop
      vertex 22.9325 40.614 2
      vertex 22.7678 40.4322 7
      vertex 22.7678 40.4322 2
    endloop
  endfacet
  facet normal -0.146726 -0.989177 0
    outer loop
      vertex 20.5123 39.748 2
      vertex 20.755 39.712 7
      vertex 20.5123 39.748 7
    endloop
  endfacet
  facet normal -0.146726 -0.989177 -0
    outer loop
      vertex 20.755 39.712 7
      vertex 20.5123 39.748 2
      vertex 20.755 39.712 2
    endloop
  endfacet
  facet normal -0.595754 -0.803167 0
    outer loop
      vertex 19.414 40.2675 2
      vertex 19.6111 40.1213 7
      vertex 19.414 40.2675 7
    endloop
  endfacet
  facet normal -0.595754 -0.803167 -0
    outer loop
      vertex 19.6111 40.1213 7
      vertex 19.414 40.2675 2
      vertex 19.6111 40.1213 2
    endloop
  endfacet
  facet normal -0.427543 -0.903995 0
    outer loop
      vertex 19.8215 39.9952 2
      vertex 20.0433 39.8903 7
      vertex 19.8215 39.9952 7
    endloop
  endfacet
  facet normal -0.427543 -0.903995 -0
    outer loop
      vertex 20.0433 39.8903 7
      vertex 19.8215 39.9952 2
      vertex 20.0433 39.8903 2
    endloop
  endfacet
  facet normal -0.514076 -0.857745 0
    outer loop
      vertex 19.6111 40.1213 2
      vertex 19.8215 39.9952 7
      vertex 19.6111 40.1213 7
    endloop
  endfacet
  facet normal -0.514076 -0.857745 -0
    outer loop
      vertex 19.8215 39.9952 7
      vertex 19.6111 40.1213 2
      vertex 19.8215 39.9952 2
    endloop
  endfacet
  facet normal -0.337059 -0.941483 0
    outer loop
      vertex 20.0433 39.8903 2
      vertex 20.2743 39.8076 7
      vertex 20.0433 39.8903 7
    endloop
  endfacet
  facet normal -0.337059 -0.941483 -0
    outer loop
      vertex 20.2743 39.8076 7
      vertex 20.0433 39.8903 2
      vertex 20.2743 39.8076 2
    endloop
  endfacet
  facet normal 0.857745 0.514076 0
    outer loop
      vertex 47.2048 10.9785 7
      vertex 47.0787 11.1889 2
      vertex 47.0787 11.1889 7
    endloop
  endfacet
  facet normal 0.857745 0.514076 0
    outer loop
      vertex 47.0787 11.1889 2
      vertex 47.2048 10.9785 7
      vertex 47.2048 10.9785 2
    endloop
  endfacet
  facet normal 0.337059 0.941483 -0
    outer loop
      vertex 45.9567 12.1097 2
      vertex 45.7257 12.1924 7
      vertex 45.9567 12.1097 7
    endloop
  endfacet
  facet normal 0.337059 0.941483 0
    outer loop
      vertex 45.7257 12.1924 7
      vertex 45.9567 12.1097 2
      vertex 45.7257 12.1924 2
    endloop
  endfacet
  facet normal -0.427543 0.903995 0
    outer loop
      vertex 44.0433 12.1097 2
      vertex 43.8215 12.0048 7
      vertex 44.0433 12.1097 7
    endloop
  endfacet
  facet normal -0.427543 0.903995 0
    outer loop
      vertex 43.8215 12.0048 7
      vertex 44.0433 12.1097 2
      vertex 43.8215 12.0048 2
    endloop
  endfacet
  facet normal -0.941613 0.336698 0
    outer loop
      vertex 42.6077 10.5257 2
      vertex 42.6903 10.7567 7
      vertex 42.6903 10.7567 2
    endloop
  endfacet
  facet normal -0.941613 0.336698 0
    outer loop
      vertex 42.6903 10.7567 7
      vertex 42.6077 10.5257 2
      vertex 42.6077 10.5257 7
    endloop
  endfacet
  facet normal 0.998803 -0.048913 0
    outer loop
      vertex 47.488 9.55496 7
      vertex 47.5 9.8 2
      vertex 47.5 9.8 7
    endloop
  endfacet
  facet normal 0.998803 -0.048913 0
    outer loop
      vertex 47.5 9.8 2
      vertex 47.488 9.55496 7
      vertex 47.488 9.55496 2
    endloop
  endfacet
  facet normal 0.427543 -0.903995 0
    outer loop
      vertex 45.9567 7.4903 2
      vertex 46.1785 7.5952 7
      vertex 45.9567 7.4903 7
    endloop
  endfacet
  facet normal 0.427543 -0.903995 0
    outer loop
      vertex 46.1785 7.5952 7
      vertex 45.9567 7.4903 2
      vertex 46.1785 7.5952 2
    endloop
  endfacet
  facet normal -0.998803 -0.048913 0
    outer loop
      vertex 42.512 9.55496 2
      vertex 42.5 9.8 7
      vertex 42.5 9.8 2
    endloop
  endfacet
  facet normal -0.998803 -0.048913 0
    outer loop
      vertex 42.5 9.8 7
      vertex 42.512 9.55496 2
      vertex 42.512 9.55496 7
    endloop
  endfacet
  facet normal -0.671394 0.741101 0
    outer loop
      vertex 43.414 11.7325 2
      vertex 43.2322 11.5678 7
      vertex 43.414 11.7325 7
    endloop
  endfacet
  facet normal -0.671394 0.741101 0
    outer loop
      vertex 43.2322 11.5678 7
      vertex 43.414 11.7325 2
      vertex 43.2322 11.5678 2
    endloop
  endfacet
  facet normal 0.336879 -0.941548 0
    outer loop
      vertex 45.7257 7.40765 2
      vertex 45.9567 7.4903 7
      vertex 45.7257 7.40765 7
    endloop
  endfacet
  facet normal 0.336879 -0.941548 0
    outer loop
      vertex 45.9567 7.4903 7
      vertex 45.7257 7.40765 2
      vertex 45.9567 7.4903 2
    endloop
  endfacet
  facet normal 0.989177 0.146726 0
    outer loop
      vertex 47.488 10.045 7
      vertex 47.452 10.2877 2
      vertex 47.452 10.2877 7
    endloop
  endfacet
  facet normal 0.989177 0.146726 0
    outer loop
      vertex 47.452 10.2877 2
      vertex 47.488 10.045 7
      vertex 47.488 10.045 2
    endloop
  endfacet
  facet normal 0.803167 0.595754 0
    outer loop
      vertex 47.0787 11.1889 7
      vertex 46.9325 11.386 2
      vertex 46.9325 11.386 7
    endloop
  endfacet
  facet normal 0.803167 0.595754 0
    outer loop
      vertex 46.9325 11.386 2
      vertex 47.0787 11.1889 7
      vertex 47.0787 11.1889 2
    endloop
  endfacet
  facet normal 0.671394 0.741101 -0
    outer loop
      vertex 46.7678 11.5678 2
      vertex 46.586 11.7325 7
      vertex 46.7678 11.5678 7
    endloop
  endfacet
  facet normal 0.671394 0.741101 0
    outer loop
      vertex 46.586 11.7325 7
      vertex 46.7678 11.5678 2
      vertex 46.586 11.7325 2
    endloop
  endfacet
  facet normal 0.741101 0.671394 0
    outer loop
      vertex 46.9325 11.386 7
      vertex 46.7678 11.5678 2
      vertex 46.7678 11.5678 7
    endloop
  endfacet
  facet normal 0.741101 0.671394 0
    outer loop
      vertex 46.7678 11.5678 2
      vertex 46.9325 11.386 7
      vertex 46.9325 11.386 2
    endloop
  endfacet
  facet normal -0.0489209 0.998803 0
    outer loop
      vertex 45 12.3 2
      vertex 44.755 12.288 7
      vertex 45 12.3 7
    endloop
  endfacet
  facet normal -0.0489209 0.998803 0
    outer loop
      vertex 44.755 12.288 7
      vertex 45 12.3 2
      vertex 44.755 12.288 2
    endloop
  endfacet
  facet normal 0.146726 0.989177 -0
    outer loop
      vertex 45.4877 12.252 2
      vertex 45.245 12.288 7
      vertex 45.4877 12.252 7
    endloop
  endfacet
  facet normal 0.146726 0.989177 0
    outer loop
      vertex 45.245 12.288 7
      vertex 45.4877 12.252 2
      vertex 45.245 12.288 2
    endloop
  endfacet
  facet normal 0.595754 0.803167 -0
    outer loop
      vertex 46.586 11.7325 2
      vertex 46.3889 11.8787 7
      vertex 46.586 11.7325 7
    endloop
  endfacet
  facet normal 0.595754 0.803167 0
    outer loop
      vertex 46.3889 11.8787 7
      vertex 46.586 11.7325 2
      vertex 46.3889 11.8787 2
    endloop
  endfacet
  facet normal 0.514076 0.857745 -0
    outer loop
      vertex 46.3889 11.8787 2
      vertex 46.1785 12.0048 7
      vertex 46.3889 11.8787 7
    endloop
  endfacet
  facet normal 0.514076 0.857745 0
    outer loop
      vertex 46.1785 12.0048 7
      vertex 46.3889 11.8787 2
      vertex 46.1785 12.0048 2
    endloop
  endfacet
  facet normal -0.989177 0.146726 0
    outer loop
      vertex 42.512 10.045 2
      vertex 42.548 10.2877 7
      vertex 42.548 10.2877 2
    endloop
  endfacet
  facet normal -0.989177 0.146726 0
    outer loop
      vertex 42.548 10.2877 7
      vertex 42.512 10.045 2
      vertex 42.512 10.045 7
    endloop
  endfacet
  facet normal -0.803167 0.595754 0
    outer loop
      vertex 42.9213 11.1889 2
      vertex 43.0675 11.386 7
      vertex 43.0675 11.386 2
    endloop
  endfacet
  facet normal -0.803167 0.595754 0
    outer loop
      vertex 43.0675 11.386 7
      vertex 42.9213 11.1889 2
      vertex 42.9213 11.1889 7
    endloop
  endfacet
  facet normal -0.903995 0.427543 0
    outer loop
      vertex 42.6903 10.7567 2
      vertex 42.7952 10.9785 7
      vertex 42.7952 10.9785 2
    endloop
  endfacet
  facet normal -0.903995 0.427543 0
    outer loop
      vertex 42.7952 10.9785 7
      vertex 42.6903 10.7567 2
      vertex 42.6903 10.7567 7
    endloop
  endfacet
  facet normal -0.857745 0.514076 0
    outer loop
      vertex 42.7952 10.9785 2
      vertex 42.9213 11.1889 7
      vertex 42.9213 11.1889 2
    endloop
  endfacet
  facet normal -0.857745 0.514076 0
    outer loop
      vertex 42.9213 11.1889 7
      vertex 42.7952 10.9785 2
      vertex 42.7952 10.9785 7
    endloop
  endfacet
  facet normal -0.146726 0.989177 0
    outer loop
      vertex 44.755 12.288 2
      vertex 44.5123 12.252 7
      vertex 44.755 12.288 7
    endloop
  endfacet
  facet normal -0.146726 0.989177 0
    outer loop
      vertex 44.5123 12.252 7
      vertex 44.755 12.288 2
      vertex 44.5123 12.252 2
    endloop
  endfacet
  facet normal -0.242919 0.970047 0
    outer loop
      vertex 44.5123 12.252 2
      vertex 44.2743 12.1924 7
      vertex 44.5123 12.252 7
    endloop
  endfacet
  facet normal -0.242919 0.970047 0
    outer loop
      vertex 44.2743 12.1924 7
      vertex 44.5123 12.252 2
      vertex 44.2743 12.1924 2
    endloop
  endfacet
  facet normal -0.514076 0.857745 0
    outer loop
      vertex 43.8215 12.0048 2
      vertex 43.6111 11.8787 7
      vertex 43.8215 12.0048 7
    endloop
  endfacet
  facet normal -0.514076 0.857745 0
    outer loop
      vertex 43.6111 11.8787 7
      vertex 43.8215 12.0048 2
      vertex 43.6111 11.8787 2
    endloop
  endfacet
  facet normal -0.595754 0.803167 0
    outer loop
      vertex 43.6111 11.8787 2
      vertex 43.414 11.7325 7
      vertex 43.6111 11.8787 7
    endloop
  endfacet
  facet normal -0.595754 0.803167 0
    outer loop
      vertex 43.414 11.7325 7
      vertex 43.6111 11.8787 2
      vertex 43.414 11.7325 2
    endloop
  endfacet
  facet normal -0.741101 0.671394 0
    outer loop
      vertex 43.0675 11.386 2
      vertex 43.2322 11.5678 7
      vertex 43.2322 11.5678 2
    endloop
  endfacet
  facet normal -0.741101 0.671394 0
    outer loop
      vertex 43.2322 11.5678 7
      vertex 43.0675 11.386 2
      vertex 43.0675 11.386 7
    endloop
  endfacet
  facet normal 0.998803 0.0489209 0
    outer loop
      vertex 47.5 9.8 7
      vertex 47.488 10.045 2
      vertex 47.488 10.045 7
    endloop
  endfacet
  facet normal 0.998803 0.0489209 0
    outer loop
      vertex 47.488 10.045 2
      vertex 47.5 9.8 7
      vertex 47.5 9.8 2
    endloop
  endfacet
  facet normal 0.857788 -0.514004 0
    outer loop
      vertex 47.0787 8.41107 7
      vertex 47.2048 8.62151 2
      vertex 47.2048 8.62151 7
    endloop
  endfacet
  facet normal 0.857788 -0.514004 0
    outer loop
      vertex 47.2048 8.62151 2
      vertex 47.0787 8.41107 7
      vertex 47.0787 8.41107 2
    endloop
  endfacet
  facet normal -0.941613 -0.336698 0
    outer loop
      vertex 42.6903 8.84329 2
      vertex 42.6077 9.07429 7
      vertex 42.6077 9.07429 2
    endloop
  endfacet
  facet normal -0.941613 -0.336698 0
    outer loop
      vertex 42.6077 9.07429 7
      vertex 42.6903 8.84329 2
      vertex 42.6903 8.84329 7
    endloop
  endfacet
  facet normal 0.146726 -0.989177 0
    outer loop
      vertex 45.245 7.31204 2
      vertex 45.4877 7.34804 7
      vertex 45.245 7.31204 7
    endloop
  endfacet
  facet normal 0.146726 -0.989177 0
    outer loop
      vertex 45.4877 7.34804 7
      vertex 45.245 7.31204 2
      vertex 45.4877 7.34804 2
    endloop
  endfacet
  facet normal 0.903995 0.427543 0
    outer loop
      vertex 47.3097 10.7567 7
      vertex 47.2048 10.9785 2
      vertex 47.2048 10.9785 7
    endloop
  endfacet
  facet normal 0.903995 0.427543 0
    outer loop
      vertex 47.2048 10.9785 2
      vertex 47.3097 10.7567 7
      vertex 47.3097 10.7567 2
    endloop
  endfacet
  facet normal 0.941613 0.336698 0
    outer loop
      vertex 47.3923 10.5257 7
      vertex 47.3097 10.7567 2
      vertex 47.3097 10.7567 7
    endloop
  endfacet
  facet normal 0.941613 0.336698 0
    outer loop
      vertex 47.3097 10.7567 2
      vertex 47.3923 10.5257 7
      vertex 47.3923 10.5257 2
    endloop
  endfacet
  facet normal 0.96995 0.243303 0
    outer loop
      vertex 47.452 10.2877 7
      vertex 47.3923 10.5257 2
      vertex 47.3923 10.5257 7
    endloop
  endfacet
  facet normal 0.96995 0.243303 0
    outer loop
      vertex 47.3923 10.5257 2
      vertex 47.452 10.2877 7
      vertex 47.452 10.2877 2
    endloop
  endfacet
  facet normal 0.0489209 0.998803 -0
    outer loop
      vertex 45.245 12.288 2
      vertex 45 12.3 7
      vertex 45.245 12.288 7
    endloop
  endfacet
  facet normal 0.0489209 0.998803 0
    outer loop
      vertex 45 12.3 7
      vertex 45.245 12.288 2
      vertex 45 12.3 2
    endloop
  endfacet
  facet normal 0.242919 0.970047 -0
    outer loop
      vertex 45.7257 12.1924 2
      vertex 45.4877 12.252 7
      vertex 45.7257 12.1924 7
    endloop
  endfacet
  facet normal 0.242919 0.970047 0
    outer loop
      vertex 45.4877 12.252 7
      vertex 45.7257 12.1924 2
      vertex 45.4877 12.252 2
    endloop
  endfacet
  facet normal 0.427543 0.903995 -0
    outer loop
      vertex 46.1785 12.0048 2
      vertex 45.9567 12.1097 7
      vertex 46.1785 12.0048 7
    endloop
  endfacet
  facet normal 0.427543 0.903995 0
    outer loop
      vertex 45.9567 12.1097 7
      vertex 46.1785 12.0048 2
      vertex 45.9567 12.1097 2
    endloop
  endfacet
  facet normal 0 0 1
    outer loop
      vertex 45.8 9.8 7
      vertex 47.5 9.8 7
      vertex 47.488 10.045 7
    endloop
  endfacet
  facet normal 0 0 1
    outer loop
      vertex 45.7961 9.87841 7
      vertex 47.488 10.045 7
      vertex 47.452 10.2877 7
    endloop
  endfacet
  facet normal 0 0 1
    outer loop
      vertex 47.5 9.8 7
      vertex 45.8 9.8 7
      vertex 47.488 9.55496 7
    endloop
  endfacet
  facet normal 0 0 1
    outer loop
      vertex 45.7846 9.95607 7
      vertex 47.452 10.2877 7
      vertex 47.3923 10.5257 7
    endloop
  endfacet
  facet normal -0 0 1
    outer loop
      vertex 45.7961 9.72159 7
      vertex 47.488 9.55496 7
      vertex 45.8 9.8 7
    endloop
  endfacet
  facet normal 0 0 1
    outer loop
      vertex 45.7656 10.0322 7
      vertex 47.3923 10.5257 7
      vertex 47.3097 10.7567 7
    endloop
  endfacet
  facet normal 0 0 1
    outer loop
      vertex 47.488 9.55496 7
      vertex 45.7961 9.72159 7
      vertex 47.452 9.31227 7
    endloop
  endfacet
  facet normal 0 0 1
    outer loop
      vertex 45.7391 10.1061 7
      vertex 47.3097 10.7567 7
      vertex 47.2048 10.9785 7
    endloop
  endfacet
  facet normal -0 0 1
    outer loop
      vertex 45.7846 9.64393 7
      vertex 47.452 9.31227 7
      vertex 45.7961 9.72159 7
    endloop
  endfacet
  facet normal 0 0 1
    outer loop
      vertex 45.7055 10.1771 7
      vertex 47.2048 10.9785 7
      vertex 47.0787 11.1889 7
    endloop
  endfacet
  facet normal 0 0 1
    outer loop
      vertex 47.452 9.31227 7
      vertex 45.7846 9.64393 7
      vertex 47.3923 9.07429 7
    endloop
  endfacet
  facet normal 0 0 1
    outer loop
      vertex 45.6652 10.2445 7
      vertex 47.0787 11.1889 7
      vertex 46.9325 11.386 7
    endloop
  endfacet
  facet normal -0 0 1
    outer loop
      vertex 45.7656 9.56777 7
      vertex 47.3923 9.07429 7
      vertex 45.7846 9.64393 7
    endloop
  endfacet
  facet normal 0 0 1
    outer loop
      vertex 45.6184 10.3075 7
      vertex 46.9325 11.386 7
      vertex 46.7678 11.5678 7
    endloop
  endfacet
  facet normal 0 0 1
    outer loop
      vertex 47.3923 9.07429 7
      vertex 45.7656 9.56777 7
      vertex 47.3097 8.84329 7
    endloop
  endfacet
  facet normal 0 0 1
    outer loop
      vertex 45.5657 10.3657 7
      vertex 46.7678 11.5678 7
      vertex 46.586 11.7325 7
    endloop
  endfacet
  facet normal -0 0 1
    outer loop
      vertex 45.7391 9.49385 7
      vertex 47.3097 8.84329 7
      vertex 45.7656 9.56777 7
    endloop
  endfacet
  facet normal 0 0 1
    outer loop
      vertex 45.5075 10.4184 7
      vertex 46.586 11.7325 7
      vertex 46.3889 11.8787 7
    endloop
  endfacet
  facet normal 0 0 1
    outer loop
      vertex 47.3097 8.84329 7
      vertex 45.7391 9.49385 7
      vertex 47.2048 8.62151 7
    endloop
  endfacet
  facet normal 0 0 1
    outer loop
      vertex 45.4445 10.4652 7
      vertex 46.3889 11.8787 7
      vertex 46.1785 12.0048 7
    endloop
  endfacet
  facet normal -0 0 1
    outer loop
      vertex 45.7055 9.42288 7
      vertex 47.2048 8.62151 7
      vertex 45.7391 9.49385 7
    endloop
  endfacet
  facet normal 0 0 1
    outer loop
      vertex 45.3771 10.5055 7
      vertex 46.1785 12.0048 7
      vertex 45.9567 12.1097 7
    endloop
  endfacet
  facet normal 0 0 1
    outer loop
      vertex 47.2048 8.62151 7
      vertex 45.7055 9.42288 7
      vertex 47.0787 8.41107 7
    endloop
  endfacet
  facet normal -0 0 1
    outer loop
      vertex 45.6652 9.35554 7
      vertex 47.0787 8.41107 7
      vertex 45.7055 9.42288 7
    endloop
  endfacet
  facet normal 0 0 1
    outer loop
      vertex 47.488 10.045 7
      vertex 45.7961 9.87841 7
      vertex 45.8 9.8 7
    endloop
  endfacet
  facet normal 0 0 1
    outer loop
      vertex 47.452 10.2877 7
      vertex 45.7846 9.95607 7
      vertex 45.7961 9.87841 7
    endloop
  endfacet
  facet normal 0 0 1
    outer loop
      vertex 47.3923 10.5257 7
      vertex 45.7656 10.0322 7
      vertex 45.7846 9.95607 7
    endloop
  endfacet
  facet normal 0 0 1
    outer loop
      vertex 47.3097 10.7567 7
      vertex 45.7391 10.1061 7
      vertex 45.7656 10.0322 7
    endloop
  endfacet
  facet normal 0 0 1
    outer loop
      vertex 45.3061 10.5391 7
      vertex 45.9567 12.1097 7
      vertex 45.7257 12.1924 7
    endloop
  endfacet
  facet normal 0 0 1
    outer loop
      vertex 47.2048 10.9785 7
      vertex 45.7055 10.1771 7
      vertex 45.7391 10.1061 7
    endloop
  endfacet
  facet normal 0 0 1
    outer loop
      vertex 47.0787 11.1889 7
      vertex 45.6652 10.2445 7
      vertex 45.7055 10.1771 7
    endloop
  endfacet
  facet normal 0 0 1
    outer loop
      vertex 46.9325 11.386 7
      vertex 45.6184 10.3075 7
      vertex 45.6652 10.2445 7
    endloop
  endfacet
  facet normal 0 0 1
    outer loop
      vertex 46.7678 11.5678 7
      vertex 45.5657 10.3657 7
      vertex 45.6184 10.3075 7
    endloop
  endfacet
  facet normal 0 0 1
    outer loop
      vertex 46.586 11.7325 7
      vertex 45.5075 10.4184 7
      vertex 45.5657 10.3657 7
    endloop
  endfacet
  facet normal 0 0 1
    outer loop
      vertex 45.2322 10.5656 7
      vertex 45.7257 12.1924 7
      vertex 45.4877 12.252 7
    endloop
  endfacet
  facet normal 0 0 1
    outer loop
      vertex 46.3889 11.8787 7
      vertex 45.4445 10.4652 7
      vertex 45.5075 10.4184 7
    endloop
  endfacet
  facet normal 0 0 1
    outer loop
      vertex 46.1785 12.0048 7
      vertex 45.3771 10.5055 7
      vertex 45.4445 10.4652 7
    endloop
  endfacet
  facet normal 0 0 1
    outer loop
      vertex 45.9567 12.1097 7
      vertex 45.3061 10.5391 7
      vertex 45.3771 10.5055 7
    endloop
  endfacet
  facet normal 0 0 1
    outer loop
      vertex 45.1561 10.5846 7
      vertex 45.4877 12.252 7
      vertex 45.245 12.288 7
    endloop
  endfacet
  facet normal 0 0 1
    outer loop
      vertex 45.7257 12.1924 7
      vertex 45.2322 10.5656 7
      vertex 45.3061 10.5391 7
    endloop
  endfacet
  facet normal 0 0 1
    outer loop
      vertex 45.4877 12.252 7
      vertex 45.1561 10.5846 7
      vertex 45.2322 10.5656 7
    endloop
  endfacet
  facet normal 0 0 1
    outer loop
      vertex 45.245 12.288 7
      vertex 45.0784 10.5961 7
      vertex 45.1561 10.5846 7
    endloop
  endfacet
  facet normal 0 0 1
    outer loop
      vertex 45 12.3 7
      vertex 45.0784 10.5961 7
      vertex 45.245 12.288 7
    endloop
  endfacet
  facet normal 0 0 1
    outer loop
      vertex 45 12.3 7
      vertex 45 10.6 7
      vertex 45.0784 10.5961 7
    endloop
  endfacet
  facet normal 0 0 1
    outer loop
      vertex 45 12.3 7
      vertex 44.9216 10.5961 7
      vertex 45 10.6 7
    endloop
  endfacet
  facet normal -0 0 1
    outer loop
      vertex 44.755 12.288 7
      vertex 44.9216 10.5961 7
      vertex 45 12.3 7
    endloop
  endfacet
  facet normal 0 0 1
    outer loop
      vertex 44.9216 10.5961 7
      vertex 44.755 12.288 7
      vertex 44.8439 10.5846 7
    endloop
  endfacet
  facet normal -0 0 1
    outer loop
      vertex 44.5123 12.252 7
      vertex 44.8439 10.5846 7
      vertex 44.755 12.288 7
    endloop
  endfacet
  facet normal 0 0 1
    outer loop
      vertex 44.8439 10.5846 7
      vertex 44.5123 12.252 7
      vertex 44.7678 10.5656 7
    endloop
  endfacet
  facet normal -0 0 1
    outer loop
      vertex 44.2743 12.1924 7
      vertex 44.7678 10.5656 7
      vertex 44.5123 12.252 7
    endloop
  endfacet
  facet normal 0 0 1
    outer loop
      vertex 44.7678 10.5656 7
      vertex 44.2743 12.1924 7
      vertex 44.6939 10.5391 7
    endloop
  endfacet
  facet normal -0 0 1
    outer loop
      vertex 44.0433 12.1097 7
      vertex 44.6939 10.5391 7
      vertex 44.2743 12.1924 7
    endloop
  endfacet
  facet normal 0 0 1
    outer loop
      vertex 44.6939 10.5391 7
      vertex 44.0433 12.1097 7
      vertex 44.6229 10.5055 7
    endloop
  endfacet
  facet normal -0 0 1
    outer loop
      vertex 43.8215 12.0048 7
      vertex 44.6229 10.5055 7
      vertex 44.0433 12.1097 7
    endloop
  endfacet
  facet normal 0 0 1
    outer loop
      vertex 44.6229 10.5055 7
      vertex 43.8215 12.0048 7
      vertex 44.5555 10.4652 7
    endloop
  endfacet
  facet normal -0 0 1
    outer loop
      vertex 43.6111 11.8787 7
      vertex 44.5555 10.4652 7
      vertex 43.8215 12.0048 7
    endloop
  endfacet
  facet normal 0 0 1
    outer loop
      vertex 44.5555 10.4652 7
      vertex 43.6111 11.8787 7
      vertex 44.4925 10.4184 7
    endloop
  endfacet
  facet normal -0 0 1
    outer loop
      vertex 43.414 11.7325 7
      vertex 44.4925 10.4184 7
      vertex 43.6111 11.8787 7
    endloop
  endfacet
  facet normal 0 0 1
    outer loop
      vertex 44.4925 10.4184 7
      vertex 43.414 11.7325 7
      vertex 44.4343 10.3657 7
    endloop
  endfacet
  facet normal -0 0 1
    outer loop
      vertex 43.2322 11.5678 7
      vertex 44.4343 10.3657 7
      vertex 43.414 11.7325 7
    endloop
  endfacet
  facet normal 0 0 1
    outer loop
      vertex 44.4343 10.3657 7
      vertex 43.2322 11.5678 7
      vertex 44.3816 10.3075 7
    endloop
  endfacet
  facet normal -0 0 1
    outer loop
      vertex 43.0675 11.386 7
      vertex 44.3816 10.3075 7
      vertex 43.2322 11.5678 7
    endloop
  endfacet
  facet normal 0 0 1
    outer loop
      vertex 44.3816 10.3075 7
      vertex 43.0675 11.386 7
      vertex 44.3348 10.2445 7
    endloop
  endfacet
  facet normal -0 0 1
    outer loop
      vertex 42.9213 11.1889 7
      vertex 44.3348 10.2445 7
      vertex 43.0675 11.386 7
    endloop
  endfacet
  facet normal 0 0 1
    outer loop
      vertex 47.0787 8.41107 7
      vertex 45.6652 9.35554 7
      vertex 46.9325 8.21402 7
    endloop
  endfacet
  facet normal -0 0 1
    outer loop
      vertex 45.6184 9.29249 7
      vertex 46.9325 8.21402 7
      vertex 45.6652 9.35554 7
    endloop
  endfacet
  facet normal 0 0 1
    outer loop
      vertex 46.9325 8.21402 7
      vertex 45.6184 9.29249 7
      vertex 46.7678 8.03223 7
    endloop
  endfacet
  facet normal -0 0 1
    outer loop
      vertex 45.5657 9.23431 7
      vertex 46.7678 8.03223 7
      vertex 45.6184 9.29249 7
    endloop
  endfacet
  facet normal 0 0 1
    outer loop
      vertex 46.7678 8.03223 7
      vertex 45.5657 9.23431 7
      vertex 46.586 7.86747 7
    endloop
  endfacet
  facet normal -0 0 1
    outer loop
      vertex 45.5075 9.18159 7
      vertex 46.586 7.86747 7
      vertex 45.5657 9.23431 7
    endloop
  endfacet
  facet normal 0 0 1
    outer loop
      vertex 46.586 7.86747 7
      vertex 45.5075 9.18159 7
      vertex 46.3889 7.72133 7
    endloop
  endfacet
  facet normal -0 0 1
    outer loop
      vertex 45.4445 9.13482 7
      vertex 46.3889 7.72133 7
      vertex 45.5075 9.18159 7
    endloop
  endfacet
  facet normal 0 0 1
    outer loop
      vertex 46.3889 7.72133 7
      vertex 45.4445 9.13482 7
      vertex 46.1785 7.5952 7
    endloop
  endfacet
  facet normal -0 0 1
    outer loop
      vertex 45.3771 9.09446 7
      vertex 46.1785 7.5952 7
      vertex 45.4445 9.13482 7
    endloop
  endfacet
  facet normal 0 0 1
    outer loop
      vertex 46.1785 7.5952 7
      vertex 45.3771 9.09446 7
      vertex 45.9567 7.4903 7
    endloop
  endfacet
  facet normal -0 0 1
    outer loop
      vertex 45.3061 9.0609 7
      vertex 45.9567 7.4903 7
      vertex 45.3771 9.09446 7
    endloop
  endfacet
  facet normal 0 0 1
    outer loop
      vertex 45.9567 7.4903 7
      vertex 45.3061 9.0609 7
      vertex 45.7257 7.40765 7
    endloop
  endfacet
  facet normal -0 0 1
    outer loop
      vertex 45.2322 9.03445 7
      vertex 45.7257 7.40765 7
      vertex 45.3061 9.0609 7
    endloop
  endfacet
  facet normal 0 0 1
    outer loop
      vertex 45.7257 7.40765 7
      vertex 45.2322 9.03445 7
      vertex 45.4877 7.34804 7
    endloop
  endfacet
  facet normal -0 0 1
    outer loop
      vertex 45.1561 9.01537 7
      vertex 45.4877 7.34804 7
      vertex 45.2322 9.03445 7
    endloop
  endfacet
  facet normal 0 0 1
    outer loop
      vertex 45.4877 7.34804 7
      vertex 45.1561 9.01537 7
      vertex 45.245 7.31204 7
    endloop
  endfacet
  facet normal -0 0 1
    outer loop
      vertex 45.0784 9.00385 7
      vertex 45.245 7.31204 7
      vertex 45.1561 9.01537 7
    endloop
  endfacet
  facet normal -0 0 1
    outer loop
      vertex 45 9 7
      vertex 45.245 7.31204 7
      vertex 45.0784 9.00385 7
    endloop
  endfacet
  facet normal 0 0 1
    outer loop
      vertex 45 9 7
      vertex 45 7.3 7
      vertex 45.245 7.31204 7
    endloop
  endfacet
  facet normal 0 0 1
    outer loop
      vertex 44.9216 9.00385 7
      vertex 45 7.3 7
      vertex 45 9 7
    endloop
  endfacet
  facet normal 0 0 1
    outer loop
      vertex 44.755 7.31204 7
      vertex 44.9216 9.00385 7
      vertex 44.8439 9.01537 7
    endloop
  endfacet
  facet normal 0 0 1
    outer loop
      vertex 44.5123 7.34804 7
      vertex 44.8439 9.01537 7
      vertex 44.7678 9.03445 7
    endloop
  endfacet
  facet normal 0 0 1
    outer loop
      vertex 44.9216 9.00385 7
      vertex 44.755 7.31204 7
      vertex 45 7.3 7
    endloop
  endfacet
  facet normal 0 0 1
    outer loop
      vertex 44.2743 7.40765 7
      vertex 44.7678 9.03445 7
      vertex 44.6939 9.0609 7
    endloop
  endfacet
  facet normal 0 0 1
    outer loop
      vertex 44.0433 7.4903 7
      vertex 44.6939 9.0609 7
      vertex 44.6229 9.09446 7
    endloop
  endfacet
  facet normal 0 0 1
    outer loop
      vertex 43.8215 7.5952 7
      vertex 44.6229 9.09446 7
      vertex 44.5555 9.13482 7
    endloop
  endfacet
  facet normal 0 0 1
    outer loop
      vertex 44.8439 9.01537 7
      vertex 44.5123 7.34804 7
      vertex 44.755 7.31204 7
    endloop
  endfacet
  facet normal 0 0 1
    outer loop
      vertex 43.6111 7.72133 7
      vertex 44.5555 9.13482 7
      vertex 44.4925 9.18159 7
    endloop
  endfacet
  facet normal 0 0 1
    outer loop
      vertex 43.414 7.86747 7
      vertex 44.4925 9.18159 7
      vertex 44.4343 9.23431 7
    endloop
  endfacet
  facet normal 0 0 1
    outer loop
      vertex 43.2322 8.03223 7
      vertex 44.4343 9.23431 7
      vertex 44.3816 9.29249 7
    endloop
  endfacet
  facet normal 0 0 1
    outer loop
      vertex 43.0675 8.21402 7
      vertex 44.3816 9.29249 7
      vertex 44.3348 9.35554 7
    endloop
  endfacet
  facet normal 0 0 1
    outer loop
      vertex 42.9213 8.41107 7
      vertex 44.3348 9.35554 7
      vertex 44.2945 9.42288 7
    endloop
  endfacet
  facet normal 0 0 1
    outer loop
      vertex 44.7678 9.03445 7
      vertex 44.2743 7.40765 7
      vertex 44.5123 7.34804 7
    endloop
  endfacet
  facet normal 0 0 1
    outer loop
      vertex 42.7952 8.62151 7
      vertex 44.2945 9.42288 7
      vertex 44.2609 9.49385 7
    endloop
  endfacet
  facet normal 0 0 1
    outer loop
      vertex 42.6903 8.84329 7
      vertex 44.2609 9.49385 7
      vertex 44.2344 9.56777 7
    endloop
  endfacet
  facet normal 0 0 1
    outer loop
      vertex 42.6077 9.07429 7
      vertex 44.2344 9.56777 7
      vertex 44.2154 9.64393 7
    endloop
  endfacet
  facet normal 0 0 1
    outer loop
      vertex 42.548 9.31227 7
      vertex 44.2154 9.64393 7
      vertex 44.2038 9.72159 7
    endloop
  endfacet
  facet normal 0 0 1
    outer loop
      vertex 42.512 9.55496 7
      vertex 44.2038 9.72159 7
      vertex 44.2 9.8 7
    endloop
  endfacet
  facet normal 0 0 1
    outer loop
      vertex 44.3348 10.2445 7
      vertex 42.9213 11.1889 7
      vertex 44.2945 10.1771 7
    endloop
  endfacet
  facet normal 0 0 1
    outer loop
      vertex 44.6939 9.0609 7
      vertex 44.0433 7.4903 7
      vertex 44.2743 7.40765 7
    endloop
  endfacet
  facet normal -0 0 1
    outer loop
      vertex 42.7952 10.9785 7
      vertex 44.2945 10.1771 7
      vertex 42.9213 11.1889 7
    endloop
  endfacet
  facet normal 0 0 1
    outer loop
      vertex 44.6229 9.09446 7
      vertex 43.8215 7.5952 7
      vertex 44.0433 7.4903 7
    endloop
  endfacet
  facet normal 0 0 1
    outer loop
      vertex 44.2945 10.1771 7
      vertex 42.7952 10.9785 7
      vertex 44.2609 10.1061 7
    endloop
  endfacet
  facet normal 0 0 1
    outer loop
      vertex 44.5555 9.13482 7
      vertex 43.6111 7.72133 7
      vertex 43.8215 7.5952 7
    endloop
  endfacet
  facet normal -0 0 1
    outer loop
      vertex 42.6903 10.7567 7
      vertex 44.2609 10.1061 7
      vertex 42.7952 10.9785 7
    endloop
  endfacet
  facet normal 0 0 1
    outer loop
      vertex 44.4925 9.18159 7
      vertex 43.414 7.86747 7
      vertex 43.6111 7.72133 7
    endloop
  endfacet
  facet normal 0 0 1
    outer loop
      vertex 44.2609 10.1061 7
      vertex 42.6903 10.7567 7
      vertex 44.2344 10.0322 7
    endloop
  endfacet
  facet normal 0 0 1
    outer loop
      vertex 44.4343 9.23431 7
      vertex 43.2322 8.03223 7
      vertex 43.414 7.86747 7
    endloop
  endfacet
  facet normal -0 0 1
    outer loop
      vertex 42.6077 10.5257 7
      vertex 44.2344 10.0322 7
      vertex 42.6903 10.7567 7
    endloop
  endfacet
  facet normal 0 0 1
    outer loop
      vertex 44.3816 9.29249 7
      vertex 43.0675 8.21402 7
      vertex 43.2322 8.03223 7
    endloop
  endfacet
  facet normal 0 0 1
    outer loop
      vertex 44.2344 10.0322 7
      vertex 42.6077 10.5257 7
      vertex 44.2154 9.95607 7
    endloop
  endfacet
  facet normal 0 0 1
    outer loop
      vertex 44.3348 9.35554 7
      vertex 42.9213 8.41107 7
      vertex 43.0675 8.21402 7
    endloop
  endfacet
  facet normal -0 0 1
    outer loop
      vertex 42.548 10.2877 7
      vertex 44.2154 9.95607 7
      vertex 42.6077 10.5257 7
    endloop
  endfacet
  facet normal 0 0 1
    outer loop
      vertex 44.2945 9.42288 7
      vertex 42.7952 8.62151 7
      vertex 42.9213 8.41107 7
    endloop
  endfacet
  facet normal 0 0 1
    outer loop
      vertex 44.2154 9.95607 7
      vertex 42.548 10.2877 7
      vertex 44.2038 9.87841 7
    endloop
  endfacet
  facet normal 0 0 1
    outer loop
      vertex 44.2609 9.49385 7
      vertex 42.6903 8.84329 7
      vertex 42.7952 8.62151 7
    endloop
  endfacet
  facet normal -0 0 1
    outer loop
      vertex 42.512 10.045 7
      vertex 44.2038 9.87841 7
      vertex 42.548 10.2877 7
    endloop
  endfacet
  facet normal 0 0 1
    outer loop
      vertex 44.2344 9.56777 7
      vertex 42.6077 9.07429 7
      vertex 42.6903 8.84329 7
    endloop
  endfacet
  facet normal 0 0 1
    outer loop
      vertex 44.2038 9.87841 7
      vertex 42.512 10.045 7
      vertex 44.2 9.8 7
    endloop
  endfacet
  facet normal 0 0 1
    outer loop
      vertex 44.2154 9.64393 7
      vertex 42.548 9.31227 7
      vertex 42.6077 9.07429 7
    endloop
  endfacet
  facet normal 0 0 1
    outer loop
      vertex 42.5 9.8 7
      vertex 44.2 9.8 7
      vertex 42.512 10.045 7
    endloop
  endfacet
  facet normal 0 0 1
    outer loop
      vertex 44.2038 9.72159 7
      vertex 42.512 9.55496 7
      vertex 42.548 9.31227 7
    endloop
  endfacet
  facet normal 0 0 1
    outer loop
      vertex 44.2 9.8 7
      vertex 42.5 9.8 7
      vertex 42.512 9.55496 7
    endloop
  endfacet
  facet normal -0.998803 0.0489209 0
    outer loop
      vertex 42.5 9.8 2
      vertex 42.512 10.045 7
      vertex 42.512 10.045 2
    endloop
  endfacet
  facet normal -0.998803 0.0489209 0
    outer loop
      vertex 42.512 10.045 7
      vertex 42.5 9.8 2
      vertex 42.5 9.8 7
    endloop
  endfacet
  facet normal -0.96995 0.243303 0
    outer loop
      vertex 42.548 10.2877 2
      vertex 42.6077 10.5257 7
      vertex 42.6077 10.5257 2
    endloop
  endfacet
  facet normal -0.96995 0.243303 0
    outer loop
      vertex 42.6077 10.5257 7
      vertex 42.548 10.2877 2
      vertex 42.548 10.2877 7
    endloop
  endfacet
  facet normal -0.337059 0.941483 0
    outer loop
      vertex 44.2743 12.1924 2
      vertex 44.0433 12.1097 7
      vertex 44.2743 12.1924 7
    endloop
  endfacet
  facet normal -0.337059 0.941483 0
    outer loop
      vertex 44.0433 12.1097 7
      vertex 44.2743 12.1924 2
      vertex 44.0433 12.1097 2
    endloop
  endfacet
  facet normal 0.969946 -0.243322 0
    outer loop
      vertex 47.3923 9.07429 7
      vertex 47.452 9.31227 2
      vertex 47.452 9.31227 7
    endloop
  endfacet
  facet normal 0.969946 -0.243322 0
    outer loop
      vertex 47.452 9.31227 2
      vertex 47.3923 9.07429 7
      vertex 47.3923 9.07429 2
    endloop
  endfacet
  facet normal 0.514166 -0.857691 0
    outer loop
      vertex 46.1785 7.5952 2
      vertex 46.3889 7.72133 7
      vertex 46.1785 7.5952 7
    endloop
  endfacet
  facet normal 0.514166 -0.857691 0
    outer loop
      vertex 46.3889 7.72133 7
      vertex 46.1785 7.5952 2
      vertex 46.3889 7.72133 2
    endloop
  endfacet
  facet normal 0.741083 -0.671414 0
    outer loop
      vertex 46.7678 8.03223 7
      vertex 46.9325 8.21402 2
      vertex 46.9325 8.21402 7
    endloop
  endfacet
  facet normal 0.741083 -0.671414 0
    outer loop
      vertex 46.9325 8.21402 2
      vertex 46.7678 8.03223 7
      vertex 46.7678 8.03223 2
    endloop
  endfacet
  facet normal 0.90398 -0.427575 0
    outer loop
      vertex 47.2048 8.62151 7
      vertex 47.3097 8.84329 2
      vertex 47.3097 8.84329 7
    endloop
  endfacet
  facet normal 0.90398 -0.427575 0
    outer loop
      vertex 47.3097 8.84329 2
      vertex 47.2048 8.62151 7
      vertex 47.2048 8.62151 2
    endloop
  endfacet
  facet normal -0.0490836 -0.998795 0
    outer loop
      vertex 44.755 7.31204 2
      vertex 45 7.3 7
      vertex 44.755 7.31204 7
    endloop
  endfacet
  facet normal -0.0490836 -0.998795 -0
    outer loop
      vertex 45 7.3 7
      vertex 44.755 7.31204 2
      vertex 45 7.3 2
    endloop
  endfacet
  facet normal -0.989176 -0.146732 0
    outer loop
      vertex 42.548 9.31227 2
      vertex 42.512 9.55496 7
      vertex 42.512 9.55496 2
    endloop
  endfacet
  facet normal -0.989176 -0.146732 0
    outer loop
      vertex 42.512 9.55496 7
      vertex 42.548 9.31227 2
      vertex 42.548 9.31227 7
    endloop
  endfacet
  facet normal -0.90398 -0.427575 0
    outer loop
      vertex 42.7952 8.62151 2
      vertex 42.6903 8.84329 7
      vertex 42.6903 8.84329 2
    endloop
  endfacet
  facet normal -0.90398 -0.427575 0
    outer loop
      vertex 42.6903 8.84329 7
      vertex 42.7952 8.62151 2
      vertex 42.7952 8.62151 7
    endloop
  endfacet
  facet normal -0.741083 -0.671414 0
    outer loop
      vertex 43.2322 8.03223 2
      vertex 43.0675 8.21402 7
      vertex 43.0675 8.21402 2
    endloop
  endfacet
  facet normal -0.741083 -0.671414 0
    outer loop
      vertex 43.0675 8.21402 7
      vertex 43.2322 8.03223 2
      vertex 43.2322 8.03223 7
    endloop
  endfacet
  facet normal 0.989176 -0.146732 0
    outer loop
      vertex 47.452 9.31227 7
      vertex 47.488 9.55496 2
      vertex 47.488 9.55496 7
    endloop
  endfacet
  facet normal 0.989176 -0.146732 0
    outer loop
      vertex 47.488 9.55496 2
      vertex 47.452 9.31227 7
      vertex 47.452 9.31227 2
    endloop
  endfacet
  facet normal 0.671528 -0.740979 0
    outer loop
      vertex 46.586 7.86747 2
      vertex 46.7678 8.03223 7
      vertex 46.586 7.86747 7
    endloop
  endfacet
  facet normal 0.671528 -0.740979 0
    outer loop
      vertex 46.7678 8.03223 7
      vertex 46.586 7.86747 2
      vertex 46.7678 8.03223 2
    endloop
  endfacet
  facet normal 0.595596 -0.803284 0
    outer loop
      vertex 46.3889 7.72133 2
      vertex 46.586 7.86747 7
      vertex 46.3889 7.72133 7
    endloop
  endfacet
  facet normal 0.595596 -0.803284 0
    outer loop
      vertex 46.586 7.86747 7
      vertex 46.3889 7.72133 2
      vertex 46.586 7.86747 2
    endloop
  endfacet
  facet normal 0.803095 -0.595851 0
    outer loop
      vertex 46.9325 8.21402 7
      vertex 47.0787 8.41107 2
      vertex 47.0787 8.41107 7
    endloop
  endfacet
  facet normal 0.803095 -0.595851 0
    outer loop
      vertex 47.0787 8.41107 2
      vertex 46.9325 8.21402 7
      vertex 46.9325 8.21402 2
    endloop
  endfacet
  facet normal 0.941613 -0.336698 0
    outer loop
      vertex 47.3097 8.84329 7
      vertex 47.3923 9.07429 2
      vertex 47.3923 9.07429 7
    endloop
  endfacet
  facet normal 0.941613 -0.336698 0
    outer loop
      vertex 47.3923 9.07429 2
      vertex 47.3097 8.84329 7
      vertex 47.3097 8.84329 2
    endloop
  endfacet
  facet normal 0.0490836 -0.998795 0
    outer loop
      vertex 45 7.3 2
      vertex 45.245 7.31204 7
      vertex 45 7.3 7
    endloop
  endfacet
  facet normal 0.0490836 -0.998795 0
    outer loop
      vertex 45.245 7.31204 7
      vertex 45 7.3 2
      vertex 45.245 7.31204 2
    endloop
  endfacet
  facet normal -0.969946 -0.243322 0
    outer loop
      vertex 42.6077 9.07429 2
      vertex 42.548 9.31227 7
      vertex 42.548 9.31227 2
    endloop
  endfacet
  facet normal -0.969946 -0.243322 0
    outer loop
      vertex 42.548 9.31227 7
      vertex 42.6077 9.07429 2
      vertex 42.6077 9.07429 7
    endloop
  endfacet
  facet normal -0.671528 -0.740979 0
    outer loop
      vertex 43.2322 8.03223 2
      vertex 43.414 7.86747 7
      vertex 43.2322 8.03223 7
    endloop
  endfacet
  facet normal -0.671528 -0.740979 -0
    outer loop
      vertex 43.414 7.86747 7
      vertex 43.2322 8.03223 2
      vertex 43.414 7.86747 2
    endloop
  endfacet
  facet normal -0.857788 -0.514004 0
    outer loop
      vertex 42.9213 8.41107 2
      vertex 42.7952 8.62151 7
      vertex 42.7952 8.62151 2
    endloop
  endfacet
  facet normal -0.857788 -0.514004 0
    outer loop
      vertex 42.7952 8.62151 7
      vertex 42.9213 8.41107 2
      vertex 42.9213 8.41107 7
    endloop
  endfacet
  facet normal 0.242958 -0.970037 0
    outer loop
      vertex 45.4877 7.34804 2
      vertex 45.7257 7.40765 7
      vertex 45.4877 7.34804 7
    endloop
  endfacet
  facet normal 0.242958 -0.970037 0
    outer loop
      vertex 45.7257 7.40765 7
      vertex 45.4877 7.34804 2
      vertex 45.7257 7.40765 2
    endloop
  endfacet
  facet normal -0.242958 -0.970037 0
    outer loop
      vertex 44.2743 7.40765 2
      vertex 44.5123 7.34804 7
      vertex 44.2743 7.40765 7
    endloop
  endfacet
  facet normal -0.242958 -0.970037 -0
    outer loop
      vertex 44.5123 7.34804 7
      vertex 44.2743 7.40765 2
      vertex 44.5123 7.34804 2
    endloop
  endfacet
  facet normal -0.427543 -0.903995 0
    outer loop
      vertex 43.8215 7.5952 2
      vertex 44.0433 7.4903 7
      vertex 43.8215 7.5952 7
    endloop
  endfacet
  facet normal -0.427543 -0.903995 -0
    outer loop
      vertex 44.0433 7.4903 7
      vertex 43.8215 7.5952 2
      vertex 44.0433 7.4903 2
    endloop
  endfacet
  facet normal -0.336879 -0.941548 0
    outer loop
      vertex 44.0433 7.4903 2
      vertex 44.2743 7.40765 7
      vertex 44.0433 7.4903 7
    endloop
  endfacet
  facet normal -0.336879 -0.941548 -0
    outer loop
      vertex 44.2743 7.40765 7
      vertex 44.0433 7.4903 2
      vertex 44.2743 7.40765 2
    endloop
  endfacet
  facet normal -0.595596 -0.803284 0
    outer loop
      vertex 43.414 7.86747 2
      vertex 43.6111 7.72133 7
      vertex 43.414 7.86747 7
    endloop
  endfacet
  facet normal -0.595596 -0.803284 -0
    outer loop
      vertex 43.6111 7.72133 7
      vertex 43.414 7.86747 2
      vertex 43.6111 7.72133 2
    endloop
  endfacet
  facet normal -0.514166 -0.857691 0
    outer loop
      vertex 43.6111 7.72133 2
      vertex 43.8215 7.5952 7
      vertex 43.6111 7.72133 7
    endloop
  endfacet
  facet normal -0.514166 -0.857691 -0
    outer loop
      vertex 43.8215 7.5952 7
      vertex 43.6111 7.72133 2
      vertex 43.8215 7.5952 2
    endloop
  endfacet
  facet normal -0.803095 -0.595851 0
    outer loop
      vertex 43.0675 8.21402 2
      vertex 42.9213 8.41107 7
      vertex 42.9213 8.41107 2
    endloop
  endfacet
  facet normal -0.803095 -0.595851 0
    outer loop
      vertex 42.9213 8.41107 7
      vertex 43.0675 8.21402 2
      vertex 43.0675 8.21402 7
    endloop
  endfacet
  facet normal -0.146726 -0.989177 0
    outer loop
      vertex 44.5123 7.34804 2
      vertex 44.755 7.31204 7
      vertex 44.5123 7.34804 7
    endloop
  endfacet
  facet normal -0.146726 -0.989177 -0
    outer loop
      vertex 44.755 7.31204 7
      vertex 44.5123 7.34804 2
      vertex 44.755 7.31204 2
    endloop
  endfacet
  facet normal 0.998803 0.0489209 0
    outer loop
      vertex 47.5 42.2 7
      vertex 47.488 42.445 2
      vertex 47.488 42.445 7
    endloop
  endfacet
  facet normal 0.998803 0.0489209 0
    outer loop
      vertex 47.488 42.445 2
      vertex 47.5 42.2 7
      vertex 47.5 42.2 2
    endloop
  endfacet
  facet normal -0.0489209 0.998803 0
    outer loop
      vertex 45 44.7 2
      vertex 44.755 44.688 7
      vertex 45 44.7 7
    endloop
  endfacet
  facet normal -0.0489209 0.998803 0
    outer loop
      vertex 44.755 44.688 7
      vertex 45 44.7 2
      vertex 44.755 44.688 2
    endloop
  endfacet
  facet normal 0.0489209 -0.998803 0
    outer loop
      vertex 45 39.7 2
      vertex 45.245 39.712 7
      vertex 45 39.7 7
    endloop
  endfacet
  facet normal 0.0489209 -0.998803 0
    outer loop
      vertex 45.245 39.712 7
      vertex 45 39.7 2
      vertex 45.245 39.712 2
    endloop
  endfacet
  facet normal 0.671394 0.741101 -0
    outer loop
      vertex 46.7678 43.9678 2
      vertex 46.586 44.1325 7
      vertex 46.7678 43.9678 7
    endloop
  endfacet
  facet normal 0.671394 0.741101 0
    outer loop
      vertex 46.586 44.1325 7
      vertex 46.7678 43.9678 2
      vertex 46.586 44.1325 2
    endloop
  endfacet
  facet normal -0.741101 0.671394 0
    outer loop
      vertex 43.0675 43.786 2
      vertex 43.2322 43.9678 7
      vertex 43.2322 43.9678 2
    endloop
  endfacet
  facet normal -0.741101 0.671394 0
    outer loop
      vertex 43.2322 43.9678 7
      vertex 43.0675 43.786 2
      vertex 43.0675 43.786 7
    endloop
  endfacet
  facet normal -0.427543 0.903995 0
    outer loop
      vertex 44.0433 44.5097 2
      vertex 43.8215 44.4048 7
      vertex 44.0433 44.5097 7
    endloop
  endfacet
  facet normal -0.427543 0.903995 0
    outer loop
      vertex 43.8215 44.4048 7
      vertex 44.0433 44.5097 2
      vertex 43.8215 44.4048 2
    endloop
  endfacet
  facet normal 0.903995 0.427543 0
    outer loop
      vertex 47.3097 43.1567 7
      vertex 47.2048 43.3785 2
      vertex 47.2048 43.3785 7
    endloop
  endfacet
  facet normal 0.903995 0.427543 0
    outer loop
      vertex 47.2048 43.3785 2
      vertex 47.3097 43.1567 7
      vertex 47.3097 43.1567 2
    endloop
  endfacet
  facet normal 0.337059 0.941483 -0
    outer loop
      vertex 45.9567 44.5097 2
      vertex 45.7257 44.5924 7
      vertex 45.9567 44.5097 7
    endloop
  endfacet
  facet normal 0.337059 0.941483 0
    outer loop
      vertex 45.7257 44.5924 7
      vertex 45.9567 44.5097 2
      vertex 45.7257 44.5924 2
    endloop
  endfacet
  facet normal 0.514076 0.857745 -0
    outer loop
      vertex 46.3889 44.2787 2
      vertex 46.1785 44.4048 7
      vertex 46.3889 44.2787 7
    endloop
  endfacet
  facet normal 0.514076 0.857745 0
    outer loop
      vertex 46.1785 44.4048 7
      vertex 46.3889 44.2787 2
      vertex 46.1785 44.4048 2
    endloop
  endfacet
  facet normal -0.903995 0.427543 0
    outer loop
      vertex 42.6903 43.1567 2
      vertex 42.7952 43.3785 7
      vertex 42.7952 43.3785 2
    endloop
  endfacet
  facet normal -0.903995 0.427543 0
    outer loop
      vertex 42.7952 43.3785 7
      vertex 42.6903 43.1567 2
      vertex 42.6903 43.1567 7
    endloop
  endfacet
  facet normal -0.857745 0.514076 0
    outer loop
      vertex 42.7952 43.3785 2
      vertex 42.9213 43.5889 7
      vertex 42.9213 43.5889 2
    endloop
  endfacet
  facet normal -0.857745 0.514076 0
    outer loop
      vertex 42.9213 43.5889 7
      vertex 42.7952 43.3785 2
      vertex 42.7952 43.3785 7
    endloop
  endfacet
  facet normal -0.242919 0.970047 0
    outer loop
      vertex 44.5123 44.652 2
      vertex 44.2743 44.5924 7
      vertex 44.5123 44.652 7
    endloop
  endfacet
  facet normal -0.242919 0.970047 0
    outer loop
      vertex 44.2743 44.5924 7
      vertex 44.5123 44.652 2
      vertex 44.2743 44.5924 2
    endloop
  endfacet
  facet normal 0.146726 -0.989177 0
    outer loop
      vertex 45.245 39.712 2
      vertex 45.4877 39.748 7
      vertex 45.245 39.712 7
    endloop
  endfacet
  facet normal 0.146726 -0.989177 0
    outer loop
      vertex 45.4877 39.748 7
      vertex 45.245 39.712 2
      vertex 45.4877 39.748 2
    endloop
  endfacet
  facet normal 0.96995 0.243303 0
    outer loop
      vertex 47.452 42.6877 7
      vertex 47.3923 42.9257 2
      vertex 47.3923 42.9257 7
    endloop
  endfacet
  facet normal 0.96995 0.243303 0
    outer loop
      vertex 47.3923 42.9257 2
      vertex 47.452 42.6877 7
      vertex 47.452 42.6877 2
    endloop
  endfacet
  facet normal 0.989177 0.146726 0
    outer loop
      vertex 47.488 42.445 7
      vertex 47.452 42.6877 2
      vertex 47.452 42.6877 7
    endloop
  endfacet
  facet normal 0.989177 0.146726 0
    outer loop
      vertex 47.452 42.6877 2
      vertex 47.488 42.445 7
      vertex 47.488 42.445 2
    endloop
  endfacet
  facet normal 0.941613 0.336698 0
    outer loop
      vertex 47.3923 42.9257 7
      vertex 47.3097 43.1567 2
      vertex 47.3097 43.1567 7
    endloop
  endfacet
  facet normal 0.941613 0.336698 0
    outer loop
      vertex 47.3097 43.1567 2
      vertex 47.3923 42.9257 7
      vertex 47.3923 42.9257 2
    endloop
  endfacet
  facet normal 0.803167 0.595754 0
    outer loop
      vertex 47.0787 43.5889 7
      vertex 46.9325 43.786 2
      vertex 46.9325 43.786 7
    endloop
  endfacet
  facet normal 0.803167 0.595754 0
    outer loop
      vertex 46.9325 43.786 2
      vertex 47.0787 43.5889 7
      vertex 47.0787 43.5889 2
    endloop
  endfacet
  facet normal 0.741101 0.671394 0
    outer loop
      vertex 46.9325 43.786 7
      vertex 46.7678 43.9678 2
      vertex 46.7678 43.9678 7
    endloop
  endfacet
  facet normal 0.741101 0.671394 0
    outer loop
      vertex 46.7678 43.9678 2
      vertex 46.9325 43.786 7
      vertex 46.9325 43.786 2
    endloop
  endfacet
  facet normal 0.146726 0.989177 -0
    outer loop
      vertex 45.4877 44.652 2
      vertex 45.245 44.688 7
      vertex 45.4877 44.652 7
    endloop
  endfacet
  facet normal 0.146726 0.989177 0
    outer loop
      vertex 45.245 44.688 7
      vertex 45.4877 44.652 2
      vertex 45.245 44.688 2
    endloop
  endfacet
  facet normal 0.0489209 0.998803 -0
    outer loop
      vertex 45.245 44.688 2
      vertex 45 44.7 7
      vertex 45.245 44.688 7
    endloop
  endfacet
  facet normal 0.0489209 0.998803 0
    outer loop
      vertex 45 44.7 7
      vertex 45.245 44.688 2
      vertex 45 44.7 2
    endloop
  endfacet
  facet normal 0.427543 0.903995 -0
    outer loop
      vertex 46.1785 44.4048 2
      vertex 45.9567 44.5097 7
      vertex 46.1785 44.4048 7
    endloop
  endfacet
  facet normal 0.427543 0.903995 0
    outer loop
      vertex 45.9567 44.5097 7
      vertex 46.1785 44.4048 2
      vertex 45.9567 44.5097 2
    endloop
  endfacet
  facet normal 0.595754 0.803167 -0
    outer loop
      vertex 46.586 44.1325 2
      vertex 46.3889 44.2787 7
      vertex 46.586 44.1325 7
    endloop
  endfacet
  facet normal 0.595754 0.803167 0
    outer loop
      vertex 46.3889 44.2787 7
      vertex 46.586 44.1325 2
      vertex 46.3889 44.2787 2
    endloop
  endfacet
  facet normal -0.989177 0.146726 0
    outer loop
      vertex 42.512 42.445 2
      vertex 42.548 42.6877 7
      vertex 42.548 42.6877 2
    endloop
  endfacet
  facet normal -0.989177 0.146726 0
    outer loop
      vertex 42.548 42.6877 7
      vertex 42.512 42.445 2
      vertex 42.512 42.445 7
    endloop
  endfacet
  facet normal -0.803167 0.595754 0
    outer loop
      vertex 42.9213 43.5889 2
      vertex 43.0675 43.786 7
      vertex 43.0675 43.786 2
    endloop
  endfacet
  facet normal -0.803167 0.595754 0
    outer loop
      vertex 43.0675 43.786 7
      vertex 42.9213 43.5889 2
      vertex 42.9213 43.5889 7
    endloop
  endfacet
  facet normal -0.941613 0.336698 0
    outer loop
      vertex 42.6077 42.9257 2
      vertex 42.6903 43.1567 7
      vertex 42.6903 43.1567 2
    endloop
  endfacet
  facet normal -0.941613 0.336698 0
    outer loop
      vertex 42.6903 43.1567 7
      vertex 42.6077 42.9257 2
      vertex 42.6077 42.9257 7
    endloop
  endfacet
  facet normal -0.998803 0.0489209 0
    outer loop
      vertex 42.5 42.2 2
      vertex 42.512 42.445 7
      vertex 42.512 42.445 2
    endloop
  endfacet
  facet normal -0.998803 0.0489209 0
    outer loop
      vertex 42.512 42.445 7
      vertex 42.5 42.2 2
      vertex 42.5 42.2 7
    endloop
  endfacet
  facet normal 0 0 1
    outer loop
      vertex 45.8 42.2 7
      vertex 47.5 42.2 7
      vertex 47.488 42.445 7
    endloop
  endfacet
  facet normal 0 0 1
    outer loop
      vertex 45.7961 42.2784 7
      vertex 47.488 42.445 7
      vertex 47.452 42.6877 7
    endloop
  endfacet
  facet normal 0 0 1
    outer loop
      vertex 47.5 42.2 7
      vertex 45.8 42.2 7
      vertex 47.488 41.955 7
    endloop
  endfacet
  facet normal 0 0 1
    outer loop
      vertex 45.7846 42.3561 7
      vertex 47.452 42.6877 7
      vertex 47.3923 42.9257 7
    endloop
  endfacet
  facet normal -0 0 1
    outer loop
      vertex 45.7961 42.1216 7
      vertex 47.488 41.955 7
      vertex 45.8 42.2 7
    endloop
  endfacet
  facet normal 0 0 1
    outer loop
      vertex 45.7656 42.4322 7
      vertex 47.3923 42.9257 7
      vertex 47.3097 43.1567 7
    endloop
  endfacet
  facet normal 0 0 1
    outer loop
      vertex 47.488 41.955 7
      vertex 45.7961 42.1216 7
      vertex 47.452 41.7123 7
    endloop
  endfacet
  facet normal 0 0 1
    outer loop
      vertex 45.7391 42.5061 7
      vertex 47.3097 43.1567 7
      vertex 47.2048 43.3785 7
    endloop
  endfacet
  facet normal -0 0 1
    outer loop
      vertex 45.7846 42.0439 7
      vertex 47.452 41.7123 7
      vertex 45.7961 42.1216 7
    endloop
  endfacet
  facet normal 0 0 1
    outer loop
      vertex 45.7055 42.5771 7
      vertex 47.2048 43.3785 7
      vertex 47.0787 43.5889 7
    endloop
  endfacet
  facet normal 0 0 1
    outer loop
      vertex 47.452 41.7123 7
      vertex 45.7846 42.0439 7
      vertex 47.3923 41.4743 7
    endloop
  endfacet
  facet normal 0 0 1
    outer loop
      vertex 45.6652 42.6445 7
      vertex 47.0787 43.5889 7
      vertex 46.9325 43.786 7
    endloop
  endfacet
  facet normal -0 0 1
    outer loop
      vertex 45.7656 41.9678 7
      vertex 47.3923 41.4743 7
      vertex 45.7846 42.0439 7
    endloop
  endfacet
  facet normal 0 0 1
    outer loop
      vertex 45.6184 42.7075 7
      vertex 46.9325 43.786 7
      vertex 46.7678 43.9678 7
    endloop
  endfacet
  facet normal 0 0 1
    outer loop
      vertex 47.3923 41.4743 7
      vertex 45.7656 41.9678 7
      vertex 47.3097 41.2433 7
    endloop
  endfacet
  facet normal 0 0 1
    outer loop
      vertex 45.5657 42.7657 7
      vertex 46.7678 43.9678 7
      vertex 46.586 44.1325 7
    endloop
  endfacet
  facet normal -0 0 1
    outer loop
      vertex 45.7391 41.8939 7
      vertex 47.3097 41.2433 7
      vertex 45.7656 41.9678 7
    endloop
  endfacet
  facet normal 0 0 1
    outer loop
      vertex 45.5075 42.8184 7
      vertex 46.586 44.1325 7
      vertex 46.3889 44.2787 7
    endloop
  endfacet
  facet normal 0 0 1
    outer loop
      vertex 47.3097 41.2433 7
      vertex 45.7391 41.8939 7
      vertex 47.2048 41.0215 7
    endloop
  endfacet
  facet normal 0 0 1
    outer loop
      vertex 45.4445 42.8652 7
      vertex 46.3889 44.2787 7
      vertex 46.1785 44.4048 7
    endloop
  endfacet
  facet normal -0 0 1
    outer loop
      vertex 45.7055 41.8229 7
      vertex 47.2048 41.0215 7
      vertex 45.7391 41.8939 7
    endloop
  endfacet
  facet normal 0 0 1
    outer loop
      vertex 45.3771 42.9055 7
      vertex 46.1785 44.4048 7
      vertex 45.9567 44.5097 7
    endloop
  endfacet
  facet normal 0 0 1
    outer loop
      vertex 47.2048 41.0215 7
      vertex 45.7055 41.8229 7
      vertex 47.0787 40.8111 7
    endloop
  endfacet
  facet normal -0 0 1
    outer loop
      vertex 45.6652 41.7555 7
      vertex 47.0787 40.8111 7
      vertex 45.7055 41.8229 7
    endloop
  endfacet
  facet normal 0 0 1
    outer loop
      vertex 47.488 42.445 7
      vertex 45.7961 42.2784 7
      vertex 45.8 42.2 7
    endloop
  endfacet
  facet normal 0 0 1
    outer loop
      vertex 47.452 42.6877 7
      vertex 45.7846 42.3561 7
      vertex 45.7961 42.2784 7
    endloop
  endfacet
  facet normal 0 0 1
    outer loop
      vertex 47.3923 42.9257 7
      vertex 45.7656 42.4322 7
      vertex 45.7846 42.3561 7
    endloop
  endfacet
  facet normal 0 0 1
    outer loop
      vertex 47.3097 43.1567 7
      vertex 45.7391 42.5061 7
      vertex 45.7656 42.4322 7
    endloop
  endfacet
  facet normal 0 0 1
    outer loop
      vertex 45.3061 42.9391 7
      vertex 45.9567 44.5097 7
      vertex 45.7257 44.5924 7
    endloop
  endfacet
  facet normal 0 0 1
    outer loop
      vertex 47.2048 43.3785 7
      vertex 45.7055 42.5771 7
      vertex 45.7391 42.5061 7
    endloop
  endfacet
  facet normal 0 0 1
    outer loop
      vertex 47.0787 43.5889 7
      vertex 45.6652 42.6445 7
      vertex 45.7055 42.5771 7
    endloop
  endfacet
  facet normal 0 0 1
    outer loop
      vertex 46.9325 43.786 7
      vertex 45.6184 42.7075 7
      vertex 45.6652 42.6445 7
    endloop
  endfacet
  facet normal 0 0 1
    outer loop
      vertex 46.7678 43.9678 7
      vertex 45.5657 42.7657 7
      vertex 45.6184 42.7075 7
    endloop
  endfacet
  facet normal 0 0 1
    outer loop
      vertex 46.586 44.1325 7
      vertex 45.5075 42.8184 7
      vertex 45.5657 42.7657 7
    endloop
  endfacet
  facet normal 0 0 1
    outer loop
      vertex 45.2322 42.9656 7
      vertex 45.7257 44.5924 7
      vertex 45.4877 44.652 7
    endloop
  endfacet
  facet normal 0 0 1
    outer loop
      vertex 46.3889 44.2787 7
      vertex 45.4445 42.8652 7
      vertex 45.5075 42.8184 7
    endloop
  endfacet
  facet normal 0 0 1
    outer loop
      vertex 46.1785 44.4048 7
      vertex 45.3771 42.9055 7
      vertex 45.4445 42.8652 7
    endloop
  endfacet
  facet normal 0 0 1
    outer loop
      vertex 45.9567 44.5097 7
      vertex 45.3061 42.9391 7
      vertex 45.3771 42.9055 7
    endloop
  endfacet
  facet normal 0 0 1
    outer loop
      vertex 45.1561 42.9846 7
      vertex 45.4877 44.652 7
      vertex 45.245 44.688 7
    endloop
  endfacet
  facet normal 0 0 1
    outer loop
      vertex 45.7257 44.5924 7
      vertex 45.2322 42.9656 7
      vertex 45.3061 42.9391 7
    endloop
  endfacet
  facet normal 0 0 1
    outer loop
      vertex 45.4877 44.652 7
      vertex 45.1561 42.9846 7
      vertex 45.2322 42.9656 7
    endloop
  endfacet
  facet normal 0 0 1
    outer loop
      vertex 45.245 44.688 7
      vertex 45.0784 42.9961 7
      vertex 45.1561 42.9846 7
    endloop
  endfacet
  facet normal 0 0 1
    outer loop
      vertex 45 44.7 7
      vertex 45.0784 42.9961 7
      vertex 45.245 44.688 7
    endloop
  endfacet
  facet normal 0 0 1
    outer loop
      vertex 45 44.7 7
      vertex 45 43 7
      vertex 45.0784 42.9961 7
    endloop
  endfacet
  facet normal 0 0 1
    outer loop
      vertex 45 44.7 7
      vertex 44.9216 42.9961 7
      vertex 45 43 7
    endloop
  endfacet
  facet normal -0 0 1
    outer loop
      vertex 44.755 44.688 7
      vertex 44.9216 42.9961 7
      vertex 45 44.7 7
    endloop
  endfacet
  facet normal 0 0 1
    outer loop
      vertex 44.9216 42.9961 7
      vertex 44.755 44.688 7
      vertex 44.8439 42.9846 7
    endloop
  endfacet
  facet normal -0 0 1
    outer loop
      vertex 44.5123 44.652 7
      vertex 44.8439 42.9846 7
      vertex 44.755 44.688 7
    endloop
  endfacet
  facet normal 0 0 1
    outer loop
      vertex 44.8439 42.9846 7
      vertex 44.5123 44.652 7
      vertex 44.7678 42.9656 7
    endloop
  endfacet
  facet normal -0 0 1
    outer loop
      vertex 44.2743 44.5924 7
      vertex 44.7678 42.9656 7
      vertex 44.5123 44.652 7
    endloop
  endfacet
  facet normal 0 0 1
    outer loop
      vertex 44.7678 42.9656 7
      vertex 44.2743 44.5924 7
      vertex 44.6939 42.9391 7
    endloop
  endfacet
  facet normal -0 0 1
    outer loop
      vertex 44.0433 44.5097 7
      vertex 44.6939 42.9391 7
      vertex 44.2743 44.5924 7
    endloop
  endfacet
  facet normal 0 0 1
    outer loop
      vertex 44.6939 42.9391 7
      vertex 44.0433 44.5097 7
      vertex 44.6229 42.9055 7
    endloop
  endfacet
  facet normal -0 0 1
    outer loop
      vertex 43.8215 44.4048 7
      vertex 44.6229 42.9055 7
      vertex 44.0433 44.5097 7
    endloop
  endfacet
  facet normal 0 0 1
    outer loop
      vertex 44.6229 42.9055 7
      vertex 43.8215 44.4048 7
      vertex 44.5555 42.8652 7
    endloop
  endfacet
  facet normal -0 0 1
    outer loop
      vertex 43.6111 44.2787 7
      vertex 44.5555 42.8652 7
      vertex 43.8215 44.4048 7
    endloop
  endfacet
  facet normal 0 0 1
    outer loop
      vertex 44.5555 42.8652 7
      vertex 43.6111 44.2787 7
      vertex 44.4925 42.8184 7
    endloop
  endfacet
  facet normal -0 0 1
    outer loop
      vertex 43.414 44.1325 7
      vertex 44.4925 42.8184 7
      vertex 43.6111 44.2787 7
    endloop
  endfacet
  facet normal 0 0 1
    outer loop
      vertex 44.4925 42.8184 7
      vertex 43.414 44.1325 7
      vertex 44.4343 42.7657 7
    endloop
  endfacet
  facet normal -0 0 1
    outer loop
      vertex 43.2322 43.9678 7
      vertex 44.4343 42.7657 7
      vertex 43.414 44.1325 7
    endloop
  endfacet
  facet normal 0 0 1
    outer loop
      vertex 44.4343 42.7657 7
      vertex 43.2322 43.9678 7
      vertex 44.3816 42.7075 7
    endloop
  endfacet
  facet normal -0 0 1
    outer loop
      vertex 43.0675 43.786 7
      vertex 44.3816 42.7075 7
      vertex 43.2322 43.9678 7
    endloop
  endfacet
  facet normal 0 0 1
    outer loop
      vertex 44.3816 42.7075 7
      vertex 43.0675 43.786 7
      vertex 44.3348 42.6445 7
    endloop
  endfacet
  facet normal -0 0 1
    outer loop
      vertex 42.9213 43.5889 7
      vertex 44.3348 42.6445 7
      vertex 43.0675 43.786 7
    endloop
  endfacet
  facet normal 0 0 1
    outer loop
      vertex 47.0787 40.8111 7
      vertex 45.6652 41.7555 7
      vertex 46.9325 40.614 7
    endloop
  endfacet
  facet normal -0 0 1
    outer loop
      vertex 45.6184 41.6925 7
      vertex 46.9325 40.614 7
      vertex 45.6652 41.7555 7
    endloop
  endfacet
  facet normal 0 0 1
    outer loop
      vertex 46.9325 40.614 7
      vertex 45.6184 41.6925 7
      vertex 46.7678 40.4322 7
    endloop
  endfacet
  facet normal -0 0 1
    outer loop
      vertex 45.5657 41.6343 7
      vertex 46.7678 40.4322 7
      vertex 45.6184 41.6925 7
    endloop
  endfacet
  facet normal 0 0 1
    outer loop
      vertex 46.7678 40.4322 7
      vertex 45.5657 41.6343 7
      vertex 46.586 40.2675 7
    endloop
  endfacet
  facet normal -0 0 1
    outer loop
      vertex 45.5075 41.5816 7
      vertex 46.586 40.2675 7
      vertex 45.5657 41.6343 7
    endloop
  endfacet
  facet normal 0 0 1
    outer loop
      vertex 46.586 40.2675 7
      vertex 45.5075 41.5816 7
      vertex 46.3889 40.1213 7
    endloop
  endfacet
  facet normal -0 0 1
    outer loop
      vertex 45.4445 41.5348 7
      vertex 46.3889 40.1213 7
      vertex 45.5075 41.5816 7
    endloop
  endfacet
  facet normal 0 0 1
    outer loop
      vertex 46.3889 40.1213 7
      vertex 45.4445 41.5348 7
      vertex 46.1785 39.9952 7
    endloop
  endfacet
  facet normal -0 0 1
    outer loop
      vertex 45.3771 41.4945 7
      vertex 46.1785 39.9952 7
      vertex 45.4445 41.5348 7
    endloop
  endfacet
  facet normal 0 0 1
    outer loop
      vertex 46.1785 39.9952 7
      vertex 45.3771 41.4945 7
      vertex 45.9567 39.8903 7
    endloop
  endfacet
  facet normal -0 0 1
    outer loop
      vertex 45.3061 41.4609 7
      vertex 45.9567 39.8903 7
      vertex 45.3771 41.4945 7
    endloop
  endfacet
  facet normal 0 0 1
    outer loop
      vertex 45.9567 39.8903 7
      vertex 45.3061 41.4609 7
      vertex 45.7257 39.8076 7
    endloop
  endfacet
  facet normal -0 0 1
    outer loop
      vertex 45.2322 41.4344 7
      vertex 45.7257 39.8076 7
      vertex 45.3061 41.4609 7
    endloop
  endfacet
  facet normal 0 0 1
    outer loop
      vertex 45.7257 39.8076 7
      vertex 45.2322 41.4344 7
      vertex 45.4877 39.748 7
    endloop
  endfacet
  facet normal -0 0 1
    outer loop
      vertex 45.1561 41.4154 7
      vertex 45.4877 39.748 7
      vertex 45.2322 41.4344 7
    endloop
  endfacet
  facet normal 0 0 1
    outer loop
      vertex 45.4877 39.748 7
      vertex 45.1561 41.4154 7
      vertex 45.245 39.712 7
    endloop
  endfacet
  facet normal -0 0 1
    outer loop
      vertex 45.0784 41.4039 7
      vertex 45.245 39.712 7
      vertex 45.1561 41.4154 7
    endloop
  endfacet
  facet normal -0 0 1
    outer loop
      vertex 45 41.4 7
      vertex 45.245 39.712 7
      vertex 45.0784 41.4039 7
    endloop
  endfacet
  facet normal 0 0 1
    outer loop
      vertex 45 41.4 7
      vertex 45 39.7 7
      vertex 45.245 39.712 7
    endloop
  endfacet
  facet normal 0 0 1
    outer loop
      vertex 44.9216 41.4039 7
      vertex 45 39.7 7
      vertex 45 41.4 7
    endloop
  endfacet
  facet normal 0 0 1
    outer loop
      vertex 44.755 39.712 7
      vertex 44.9216 41.4039 7
      vertex 44.8439 41.4154 7
    endloop
  endfacet
  facet normal 0 0 1
    outer loop
      vertex 44.5123 39.748 7
      vertex 44.8439 41.4154 7
      vertex 44.7678 41.4344 7
    endloop
  endfacet
  facet normal 0 0 1
    outer loop
      vertex 44.9216 41.4039 7
      vertex 44.755 39.712 7
      vertex 45 39.7 7
    endloop
  endfacet
  facet normal 0 0 1
    outer loop
      vertex 44.2743 39.8076 7
      vertex 44.7678 41.4344 7
      vertex 44.6939 41.4609 7
    endloop
  endfacet
  facet normal 0 0 1
    outer loop
      vertex 44.0433 39.8903 7
      vertex 44.6939 41.4609 7
      vertex 44.6229 41.4945 7
    endloop
  endfacet
  facet normal 0 0 1
    outer loop
      vertex 43.8215 39.9952 7
      vertex 44.6229 41.4945 7
      vertex 44.5555 41.5348 7
    endloop
  endfacet
  facet normal 0 0 1
    outer loop
      vertex 44.8439 41.4154 7
      vertex 44.5123 39.748 7
      vertex 44.755 39.712 7
    endloop
  endfacet
  facet normal 0 0 1
    outer loop
      vertex 43.6111 40.1213 7
      vertex 44.5555 41.5348 7
      vertex 44.4925 41.5816 7
    endloop
  endfacet
  facet normal 0 0 1
    outer loop
      vertex 43.414 40.2675 7
      vertex 44.4925 41.5816 7
      vertex 44.4343 41.6343 7
    endloop
  endfacet
  facet normal 0 0 1
    outer loop
      vertex 43.2322 40.4322 7
      vertex 44.4343 41.6343 7
      vertex 44.3816 41.6925 7
    endloop
  endfacet
  facet normal 0 0 1
    outer loop
      vertex 43.0675 40.614 7
      vertex 44.3816 41.6925 7
      vertex 44.3348 41.7555 7
    endloop
  endfacet
  facet normal 0 0 1
    outer loop
      vertex 42.9213 40.8111 7
      vertex 44.3348 41.7555 7
      vertex 44.2945 41.8229 7
    endloop
  endfacet
  facet normal 0 0 1
    outer loop
      vertex 44.7678 41.4344 7
      vertex 44.2743 39.8076 7
      vertex 44.5123 39.748 7
    endloop
  endfacet
  facet normal 0 0 1
    outer loop
      vertex 42.7952 41.0215 7
      vertex 44.2945 41.8229 7
      vertex 44.2609 41.8939 7
    endloop
  endfacet
  facet normal 0 0 1
    outer loop
      vertex 42.6903 41.2433 7
      vertex 44.2609 41.8939 7
      vertex 44.2344 41.9678 7
    endloop
  endfacet
  facet normal 0 0 1
    outer loop
      vertex 42.6077 41.4743 7
      vertex 44.2344 41.9678 7
      vertex 44.2154 42.0439 7
    endloop
  endfacet
  facet normal 0 0 1
    outer loop
      vertex 42.548 41.7123 7
      vertex 44.2154 42.0439 7
      vertex 44.2038 42.1216 7
    endloop
  endfacet
  facet normal 0 0 1
    outer loop
      vertex 42.512 41.955 7
      vertex 44.2038 42.1216 7
      vertex 44.2 42.2 7
    endloop
  endfacet
  facet normal 0 0 1
    outer loop
      vertex 44.3348 42.6445 7
      vertex 42.9213 43.5889 7
      vertex 44.2945 42.5771 7
    endloop
  endfacet
  facet normal 0 0 1
    outer loop
      vertex 44.6939 41.4609 7
      vertex 44.0433 39.8903 7
      vertex 44.2743 39.8076 7
    endloop
  endfacet
  facet normal -0 0 1
    outer loop
      vertex 42.7952 43.3785 7
      vertex 44.2945 42.5771 7
      vertex 42.9213 43.5889 7
    endloop
  endfacet
  facet normal 0 0 1
    outer loop
      vertex 44.6229 41.4945 7
      vertex 43.8215 39.9952 7
      vertex 44.0433 39.8903 7
    endloop
  endfacet
  facet normal 0 0 1
    outer loop
      vertex 44.2945 42.5771 7
      vertex 42.7952 43.3785 7
      vertex 44.2609 42.5061 7
    endloop
  endfacet
  facet normal 0 0 1
    outer loop
      vertex 44.5555 41.5348 7
      vertex 43.6111 40.1213 7
      vertex 43.8215 39.9952 7
    endloop
  endfacet
  facet normal -0 0 1
    outer loop
      vertex 42.6903 43.1567 7
      vertex 44.2609 42.5061 7
      vertex 42.7952 43.3785 7
    endloop
  endfacet
  facet normal 0 0 1
    outer loop
      vertex 44.4925 41.5816 7
      vertex 43.414 40.2675 7
      vertex 43.6111 40.1213 7
    endloop
  endfacet
  facet normal 0 0 1
    outer loop
      vertex 44.2609 42.5061 7
      vertex 42.6903 43.1567 7
      vertex 44.2344 42.4322 7
    endloop
  endfacet
  facet normal 0 0 1
    outer loop
      vertex 44.4343 41.6343 7
      vertex 43.2322 40.4322 7
      vertex 43.414 40.2675 7
    endloop
  endfacet
  facet normal -0 0 1
    outer loop
      vertex 42.6077 42.9257 7
      vertex 44.2344 42.4322 7
      vertex 42.6903 43.1567 7
    endloop
  endfacet
  facet normal 0 0 1
    outer loop
      vertex 44.3816 41.6925 7
      vertex 43.0675 40.614 7
      vertex 43.2322 40.4322 7
    endloop
  endfacet
  facet normal 0 0 1
    outer loop
      vertex 44.2344 42.4322 7
      vertex 42.6077 42.9257 7
      vertex 44.2154 42.3561 7
    endloop
  endfacet
  facet normal 0 0 1
    outer loop
      vertex 44.3348 41.7555 7
      vertex 42.9213 40.8111 7
      vertex 43.0675 40.614 7
    endloop
  endfacet
  facet normal -0 0 1
    outer loop
      vertex 42.548 42.6877 7
      vertex 44.2154 42.3561 7
      vertex 42.6077 42.9257 7
    endloop
  endfacet
  facet normal 0 0 1
    outer loop
      vertex 44.2945 41.8229 7
      vertex 42.7952 41.0215 7
      vertex 42.9213 40.8111 7
    endloop
  endfacet
  facet normal 0 0 1
    outer loop
      vertex 44.2154 42.3561 7
      vertex 42.548 42.6877 7
      vertex 44.2038 42.2784 7
    endloop
  endfacet
  facet normal 0 0 1
    outer loop
      vertex 44.2609 41.8939 7
      vertex 42.6903 41.2433 7
      vertex 42.7952 41.0215 7
    endloop
  endfacet
  facet normal -0 0 1
    outer loop
      vertex 42.512 42.445 7
      vertex 44.2038 42.2784 7
      vertex 42.548 42.6877 7
    endloop
  endfacet
  facet normal 0 0 1
    outer loop
      vertex 44.2344 41.9678 7
      vertex 42.6077 41.4743 7
      vertex 42.6903 41.2433 7
    endloop
  endfacet
  facet normal 0 0 1
    outer loop
      vertex 44.2038 42.2784 7
      vertex 42.512 42.445 7
      vertex 44.2 42.2 7
    endloop
  endfacet
  facet normal 0 0 1
    outer loop
      vertex 44.2154 42.0439 7
      vertex 42.548 41.7123 7
      vertex 42.6077 41.4743 7
    endloop
  endfacet
  facet normal 0 0 1
    outer loop
      vertex 42.5 42.2 7
      vertex 44.2 42.2 7
      vertex 42.512 42.445 7
    endloop
  endfacet
  facet normal 0 0 1
    outer loop
      vertex 44.2038 42.1216 7
      vertex 42.512 41.955 7
      vertex 42.548 41.7123 7
    endloop
  endfacet
  facet normal 0 0 1
    outer loop
      vertex 44.2 42.2 7
      vertex 42.5 42.2 7
      vertex 42.512 41.955 7
    endloop
  endfacet
  facet normal -0.595754 0.803167 0
    outer loop
      vertex 43.6111 44.2787 2
      vertex 43.414 44.1325 7
      vertex 43.6111 44.2787 7
    endloop
  endfacet
  facet normal -0.595754 0.803167 0
    outer loop
      vertex 43.414 44.1325 7
      vertex 43.6111 44.2787 2
      vertex 43.414 44.1325 2
    endloop
  endfacet
  facet normal -0.671394 0.741101 0
    outer loop
      vertex 43.414 44.1325 2
      vertex 43.2322 43.9678 7
      vertex 43.414 44.1325 7
    endloop
  endfacet
  facet normal -0.671394 0.741101 0
    outer loop
      vertex 43.2322 43.9678 7
      vertex 43.414 44.1325 2
      vertex 43.2322 43.9678 2
    endloop
  endfacet
  facet normal -0.146726 0.989177 0
    outer loop
      vertex 44.755 44.688 2
      vertex 44.5123 44.652 7
      vertex 44.755 44.688 7
    endloop
  endfacet
  facet normal -0.146726 0.989177 0
    outer loop
      vertex 44.5123 44.652 7
      vertex 44.755 44.688 2
      vertex 44.5123 44.652 2
    endloop
  endfacet
  facet normal 0.998803 -0.0489209 0
    outer loop
      vertex 47.488 41.955 7
      vertex 47.5 42.2 2
      vertex 47.5 42.2 7
    endloop
  endfacet
  facet normal 0.998803 -0.0489209 0
    outer loop
      vertex 47.5 42.2 2
      vertex 47.488 41.955 7
      vertex 47.488 41.955 2
    endloop
  endfacet
  facet normal 0.741101 -0.671394 0
    outer loop
      vertex 46.7678 40.4322 7
      vertex 46.9325 40.614 2
      vertex 46.9325 40.614 7
    endloop
  endfacet
  facet normal 0.741101 -0.671394 0
    outer loop
      vertex 46.9325 40.614 2
      vertex 46.7678 40.4322 7
      vertex 46.7678 40.4322 2
    endloop
  endfacet
  facet normal -0.337059 -0.941483 0
    outer loop
      vertex 44.0433 39.8903 2
      vertex 44.2743 39.8076 7
      vertex 44.0433 39.8903 7
    endloop
  endfacet
  facet normal -0.337059 -0.941483 -0
    outer loop
      vertex 44.2743 39.8076 7
      vertex 44.0433 39.8903 2
      vertex 44.2743 39.8076 2
    endloop
  endfacet
  facet normal 0.337059 -0.941483 0
    outer loop
      vertex 45.7257 39.8076 2
      vertex 45.9567 39.8903 7
      vertex 45.7257 39.8076 7
    endloop
  endfacet
  facet normal 0.337059 -0.941483 0
    outer loop
      vertex 45.9567 39.8903 7
      vertex 45.7257 39.8076 2
      vertex 45.9567 39.8903 2
    endloop
  endfacet
  facet normal 0.857745 0.514076 0
    outer loop
      vertex 47.2048 43.3785 7
      vertex 47.0787 43.5889 2
      vertex 47.0787 43.5889 7
    endloop
  endfacet
  facet normal 0.857745 0.514076 0
    outer loop
      vertex 47.0787 43.5889 2
      vertex 47.2048 43.3785 7
      vertex 47.2048 43.3785 2
    endloop
  endfacet
  facet normal 0.242919 0.970047 -0
    outer loop
      vertex 45.7257 44.5924 2
      vertex 45.4877 44.652 7
      vertex 45.7257 44.5924 7
    endloop
  endfacet
  facet normal 0.242919 0.970047 0
    outer loop
      vertex 45.4877 44.652 7
      vertex 45.7257 44.5924 2
      vertex 45.4877 44.652 2
    endloop
  endfacet
  facet normal -0.96995 0.243303 0
    outer loop
      vertex 42.548 42.6877 2
      vertex 42.6077 42.9257 7
      vertex 42.6077 42.9257 2
    endloop
  endfacet
  facet normal -0.96995 0.243303 0
    outer loop
      vertex 42.6077 42.9257 7
      vertex 42.548 42.6877 2
      vertex 42.548 42.6877 7
    endloop
  endfacet
  facet normal -0.998803 -0.0489209 0
    outer loop
      vertex 42.512 41.955 2
      vertex 42.5 42.2 7
      vertex 42.5 42.2 2
    endloop
  endfacet
  facet normal -0.998803 -0.0489209 0
    outer loop
      vertex 42.5 42.2 7
      vertex 42.512 41.955 2
      vertex 42.512 41.955 7
    endloop
  endfacet
  facet normal -0.514076 0.857745 0
    outer loop
      vertex 43.8215 44.4048 2
      vertex 43.6111 44.2787 7
      vertex 43.8215 44.4048 7
    endloop
  endfacet
  facet normal -0.514076 0.857745 0
    outer loop
      vertex 43.6111 44.2787 7
      vertex 43.8215 44.4048 2
      vertex 43.6111 44.2787 2
    endloop
  endfacet
  facet normal -0.337059 0.941483 0
    outer loop
      vertex 44.2743 44.5924 2
      vertex 44.0433 44.5097 7
      vertex 44.2743 44.5924 7
    endloop
  endfacet
  facet normal -0.337059 0.941483 0
    outer loop
      vertex 44.0433 44.5097 7
      vertex 44.2743 44.5924 2
      vertex 44.0433 44.5097 2
    endloop
  endfacet
  facet normal 0.96995 -0.243303 0
    outer loop
      vertex 47.3923 41.4743 7
      vertex 47.452 41.7123 2
      vertex 47.452 41.7123 7
    endloop
  endfacet
  facet normal 0.96995 -0.243303 0
    outer loop
      vertex 47.452 41.7123 2
      vertex 47.3923 41.4743 7
      vertex 47.3923 41.4743 2
    endloop
  endfacet
  facet normal 0.514076 -0.857745 0
    outer loop
      vertex 46.1785 39.9952 2
      vertex 46.3889 40.1213 7
      vertex 46.1785 39.9952 7
    endloop
  endfacet
  facet normal 0.514076 -0.857745 0
    outer loop
      vertex 46.3889 40.1213 7
      vertex 46.1785 39.9952 2
      vertex 46.3889 40.1213 2
    endloop
  endfacet
  facet normal 0.903995 -0.427543 0
    outer loop
      vertex 47.2048 41.0215 7
      vertex 47.3097 41.2433 2
      vertex 47.3097 41.2433 7
    endloop
  endfacet
  facet normal 0.903995 -0.427543 0
    outer loop
      vertex 47.3097 41.2433 2
      vertex 47.2048 41.0215 7
      vertex 47.2048 41.0215 2
    endloop
  endfacet
  facet normal 0.803167 -0.595754 0
    outer loop
      vertex 46.9325 40.614 7
      vertex 47.0787 40.8111 2
      vertex 47.0787 40.8111 7
    endloop
  endfacet
  facet normal 0.803167 -0.595754 0
    outer loop
      vertex 47.0787 40.8111 2
      vertex 46.9325 40.614 7
      vertex 46.9325 40.614 2
    endloop
  endfacet
  facet normal -0.242919 -0.970047 0
    outer loop
      vertex 44.2743 39.8076 2
      vertex 44.5123 39.748 7
      vertex 44.2743 39.8076 7
    endloop
  endfacet
  facet normal -0.242919 -0.970047 -0
    outer loop
      vertex 44.5123 39.748 7
      vertex 44.2743 39.8076 2
      vertex 44.5123 39.748 2
    endloop
  endfacet
  facet normal -0.741101 -0.671394 0
    outer loop
      vertex 43.2322 40.4322 2
      vertex 43.0675 40.614 7
      vertex 43.0675 40.614 2
    endloop
  endfacet
  facet normal -0.741101 -0.671394 0
    outer loop
      vertex 43.0675 40.614 7
      vertex 43.2322 40.4322 2
      vertex 43.2322 40.4322 7
    endloop
  endfacet
  facet normal -0.941613 -0.336698 0
    outer loop
      vertex 42.6903 41.2433 2
      vertex 42.6077 41.4743 7
      vertex 42.6077 41.4743 2
    endloop
  endfacet
  facet normal -0.941613 -0.336698 0
    outer loop
      vertex 42.6077 41.4743 7
      vertex 42.6903 41.2433 2
      vertex 42.6903 41.2433 7
    endloop
  endfacet
  facet normal -0.903995 -0.427543 0
    outer loop
      vertex 42.7952 41.0215 2
      vertex 42.6903 41.2433 7
      vertex 42.6903 41.2433 2
    endloop
  endfacet
  facet normal -0.903995 -0.427543 0
    outer loop
      vertex 42.6903 41.2433 7
      vertex 42.7952 41.0215 2
      vertex 42.7952 41.0215 7
    endloop
  endfacet
  facet normal 0.427543 -0.903995 0
    outer loop
      vertex 45.9567 39.8903 2
      vertex 46.1785 39.9952 7
      vertex 45.9567 39.8903 7
    endloop
  endfacet
  facet normal 0.427543 -0.903995 0
    outer loop
      vertex 46.1785 39.9952 7
      vertex 45.9567 39.8903 2
      vertex 46.1785 39.9952 2
    endloop
  endfacet
  facet normal 0.242919 -0.970047 0
    outer loop
      vertex 45.4877 39.748 2
      vertex 45.7257 39.8076 7
      vertex 45.4877 39.748 7
    endloop
  endfacet
  facet normal 0.242919 -0.970047 0
    outer loop
      vertex 45.7257 39.8076 7
      vertex 45.4877 39.748 2
      vertex 45.7257 39.8076 2
    endloop
  endfacet
  facet normal 0.989177 -0.146726 0
    outer loop
      vertex 47.452 41.7123 7
      vertex 47.488 41.955 2
      vertex 47.488 41.955 7
    endloop
  endfacet
  facet normal 0.989177 -0.146726 0
    outer loop
      vertex 47.488 41.955 2
      vertex 47.452 41.7123 7
      vertex 47.452 41.7123 2
    endloop
  endfacet
  facet normal 0.941613 -0.336698 0
    outer loop
      vertex 47.3097 41.2433 7
      vertex 47.3923 41.4743 2
      vertex 47.3923 41.4743 7
    endloop
  endfacet
  facet normal 0.941613 -0.336698 0
    outer loop
      vertex 47.3923 41.4743 2
      vertex 47.3097 41.2433 7
      vertex 47.3097 41.2433 2
    endloop
  endfacet
  facet normal 0.857745 -0.514076 0
    outer loop
      vertex 47.0787 40.8111 7
      vertex 47.2048 41.0215 2
      vertex 47.2048 41.0215 7
    endloop
  endfacet
  facet normal 0.857745 -0.514076 0
    outer loop
      vertex 47.2048 41.0215 2
      vertex 47.0787 40.8111 7
      vertex 47.0787 40.8111 2
    endloop
  endfacet
  facet normal -0.0489209 -0.998803 0
    outer loop
      vertex 44.755 39.712 2
      vertex 45 39.7 7
      vertex 44.755 39.712 7
    endloop
  endfacet
  facet normal -0.0489209 -0.998803 -0
    outer loop
      vertex 45 39.7 7
      vertex 44.755 39.712 2
      vertex 45 39.7 2
    endloop
  endfacet
  facet normal -0.671394 -0.741101 0
    outer loop
      vertex 43.2322 40.4322 2
      vertex 43.414 40.2675 7
      vertex 43.2322 40.4322 7
    endloop
  endfacet
  facet normal -0.671394 -0.741101 -0
    outer loop
      vertex 43.414 40.2675 7
      vertex 43.2322 40.4322 2
      vertex 43.414 40.2675 2
    endloop
  endfacet
  facet normal -0.803167 -0.595754 0
    outer loop
      vertex 43.0675 40.614 2
      vertex 42.9213 40.8111 7
      vertex 42.9213 40.8111 2
    endloop
  endfacet
  facet normal -0.803167 -0.595754 0
    outer loop
      vertex 42.9213 40.8111 7
      vertex 43.0675 40.614 2
      vertex 43.0675 40.614 7
    endloop
  endfacet
  facet normal -0.857745 -0.514076 0
    outer loop
      vertex 42.9213 40.8111 2
      vertex 42.7952 41.0215 7
      vertex 42.7952 41.0215 2
    endloop
  endfacet
  facet normal -0.857745 -0.514076 0
    outer loop
      vertex 42.7952 41.0215 7
      vertex 42.9213 40.8111 2
      vertex 42.9213 40.8111 7
    endloop
  endfacet
  facet normal -0.96995 -0.243303 0
    outer loop
      vertex 42.6077 41.4743 2
      vertex 42.548 41.7123 7
      vertex 42.548 41.7123 2
    endloop
  endfacet
  facet normal -0.96995 -0.243303 0
    outer loop
      vertex 42.548 41.7123 7
      vertex 42.6077 41.4743 2
      vertex 42.6077 41.4743 7
    endloop
  endfacet
  facet normal -0.989177 -0.146726 0
    outer loop
      vertex 42.548 41.7123 2
      vertex 42.512 41.955 7
      vertex 42.512 41.955 2
    endloop
  endfacet
  facet normal -0.989177 -0.146726 0
    outer loop
      vertex 42.512 41.955 7
      vertex 42.548 41.7123 2
      vertex 42.548 41.7123 7
    endloop
  endfacet
  facet normal 0.671394 -0.741101 0
    outer loop
      vertex 46.586 40.2675 2
      vertex 46.7678 40.4322 7
      vertex 46.586 40.2675 7
    endloop
  endfacet
  facet normal 0.671394 -0.741101 0
    outer loop
      vertex 46.7678 40.4322 7
      vertex 46.586 40.2675 2
      vertex 46.7678 40.4322 2
    endloop
  endfacet
  facet normal 0.595754 -0.803167 0
    outer loop
      vertex 46.3889 40.1213 2
      vertex 46.586 40.2675 7
      vertex 46.3889 40.1213 7
    endloop
  endfacet
  facet normal 0.595754 -0.803167 0
    outer loop
      vertex 46.586 40.2675 7
      vertex 46.3889 40.1213 2
      vertex 46.586 40.2675 2
    endloop
  endfacet
  facet normal -0.146726 -0.989177 0
    outer loop
      vertex 44.5123 39.748 2
      vertex 44.755 39.712 7
      vertex 44.5123 39.748 7
    endloop
  endfacet
  facet normal -0.146726 -0.989177 -0
    outer loop
      vertex 44.755 39.712 7
      vertex 44.5123 39.748 2
      vertex 44.755 39.712 2
    endloop
  endfacet
  facet normal -0.595754 -0.803167 0
    outer loop
      vertex 43.414 40.2675 2
      vertex 43.6111 40.1213 7
      vertex 43.414 40.2675 7
    endloop
  endfacet
  facet normal -0.595754 -0.803167 -0
    outer loop
      vertex 43.6111 40.1213 7
      vertex 43.414 40.2675 2
      vertex 43.6111 40.1213 2
    endloop
  endfacet
  facet normal -0.427543 -0.903995 0
    outer loop
      vertex 43.8215 39.9952 2
      vertex 44.0433 39.8903 7
      vertex 43.8215 39.9952 7
    endloop
  endfacet
  facet normal -0.427543 -0.903995 -0
    outer loop
      vertex 44.0433 39.8903 7
      vertex 43.8215 39.9952 2
      vertex 44.0433 39.8903 2
    endloop
  endfacet
  facet normal -0.514076 -0.857745 0
    outer loop
      vertex 43.6111 40.1213 2
      vertex 43.8215 39.9952 7
      vertex 43.6111 40.1213 7
    endloop
  endfacet
  facet normal -0.514076 -0.857745 -0
    outer loop
      vertex 43.8215 39.9952 7
      vertex 43.6111 40.1213 2
      vertex 43.8215 39.9952 2
    endloop
  endfacet
  facet normal 0.970039 0.242951 0
    outer loop
      vertex 8.14235 26.5853 6.4
      vertex 8.07082 26.8709 2
      vertex 8.07082 26.8709 6.4
    endloop
  endfacet
  facet normal 0.970039 0.242951 0
    outer loop
      vertex 8.07082 26.8709 2
      vertex 8.14235 26.5853 6.4
      vertex 8.14235 26.5853 2
    endloop
  endfacet
  facet normal 0.998795 0.0490738 0
    outer loop
      vertex 8.2 26 6.4
      vertex 8.18555 26.2941 2
      vertex 8.18555 26.2941 6.4
    endloop
  endfacet
  facet normal 0.998795 0.0490738 0
    outer loop
      vertex 8.18555 26.2941 2
      vertex 8.2 26 6.4
      vertex 8.2 26 2
    endloop
  endfacet
  facet normal -0.0489126 0.998803 0
    outer loop
      vertex 5.2 29 2
      vertex 4.90595 28.9856 6.4
      vertex 5.2 29 6.4
    endloop
  endfacet
  facet normal -0.0489126 0.998803 0
    outer loop
      vertex 4.90595 28.9856 6.4
      vertex 5.2 29 2
      vertex 4.90595 28.9856 2
    endloop
  endfacet
  facet normal 0.671539 0.740969 -0
    outer loop
      vertex 7.32132 28.1213 2
      vertex 7.10318 28.319 6.4
      vertex 7.32132 28.1213 6.4
    endloop
  endfacet
  facet normal 0.671539 0.740969 0
    outer loop
      vertex 7.10318 28.319 6.4
      vertex 7.32132 28.1213 2
      vertex 7.10318 28.319 2
    endloop
  endfacet
  facet normal -0.740891 0.671625 0
    outer loop
      vertex 2.88097 27.9032 2
      vertex 3.07868 28.1213 6.4
      vertex 3.07868 28.1213 2
    endloop
  endfacet
  facet normal -0.740891 0.671625 0
    outer loop
      vertex 3.07868 28.1213 6.4
      vertex 2.88097 27.9032 2
      vertex 2.88097 27.9032 6.4
    endloop
  endfacet
  facet normal -0.427347 0.904088 0
    outer loop
      vertex 4.05195 28.7716 2
      vertex 3.78581 28.6458 6.4
      vertex 4.05195 28.7716 6.4
    endloop
  endfacet
  facet normal -0.427347 0.904088 0
    outer loop
      vertex 3.78581 28.6458 6.4
      vertex 4.05195 28.7716 2
      vertex 3.78581 28.6458 2
    endloop
  endfacet
  facet normal -0.740891 -0.671625 0
    outer loop
      vertex 3.07868 23.8787 2
      vertex 2.88097 24.0968 6.4
      vertex 2.88097 24.0968 2
    endloop
  endfacet
  facet normal -0.740891 -0.671625 0
    outer loop
      vertex 2.88097 24.0968 6.4
      vertex 3.07868 23.8787 2
      vertex 3.07868 23.8787 6.4
    endloop
  endfacet
  facet normal 0.94151 0.336986 0
    outer loop
      vertex 8.07082 26.8709 6.4
      vertex 7.97164 27.148 2
      vertex 7.97164 27.148 6.4
    endloop
  endfacet
  facet normal 0.94151 0.336986 0
    outer loop
      vertex 7.97164 27.148 2
      vertex 8.07082 26.8709 6.4
      vertex 8.07082 26.8709 2
    endloop
  endfacet
  facet normal 0.336939 0.941527 -0
    outer loop
      vertex 6.34805 28.7716 2
      vertex 6.07085 28.8708 6.4
      vertex 6.34805 28.7716 6.4
    endloop
  endfacet
  facet normal 0.336939 0.941527 0
    outer loop
      vertex 6.07085 28.8708 6.4
      vertex 6.34805 28.7716 2
      vertex 6.07085 28.8708 2
    endloop
  endfacet
  facet normal -0.90402 0.427491 0
    outer loop
      vertex 2.42836 27.148 2
      vertex 2.55424 27.4142 6.4
      vertex 2.55424 27.4142 2
    endloop
  endfacet
  facet normal -0.90402 0.427491 0
    outer loop
      vertex 2.55424 27.4142 6.4
      vertex 2.42836 27.148 2
      vertex 2.42836 27.148 6.4
    endloop
  endfacet
  facet normal -0.857718 0.514121 0
    outer loop
      vertex 2.55424 27.4142 2
      vertex 2.70559 27.6667 6.4
      vertex 2.70559 27.6667 2
    endloop
  endfacet
  facet normal -0.857718 0.514121 0
    outer loop
      vertex 2.70559 27.6667 6.4
      vertex 2.55424 27.4142 2
      vertex 2.55424 27.4142 6.4
    endloop
  endfacet
  facet normal 0.903958 -0.427622 0
    outer loop
      vertex 7.84576 24.5858 6.4
      vertex 7.97164 24.8519 2
      vertex 7.97164 24.8519 6.4
    endloop
  endfacet
  facet normal 0.903958 -0.427622 0
    outer loop
      vertex 7.97164 24.8519 2
      vertex 7.84576 24.5858 6.4
      vertex 7.84576 24.5858 2
    endloop
  endfacet
  facet normal 0.336939 -0.941527 0
    outer loop
      vertex 6.07085 23.1292 2
      vertex 6.34805 23.2284 6.4
      vertex 6.07085 23.1292 6.4
    endloop
  endfacet
  facet normal 0.336939 -0.941527 0
    outer loop
      vertex 6.34805 23.2284 6.4
      vertex 6.07085 23.1292 2
      vertex 6.34805 23.2284 2
    endloop
  endfacet
  facet normal 0.740891 -0.671625 0
    outer loop
      vertex 7.32132 23.8787 6.4
      vertex 7.51903 24.0968 2
      vertex 7.51903 24.0968 6.4
    endloop
  endfacet
  facet normal 0.740891 -0.671625 0
    outer loop
      vertex 7.51903 24.0968 2
      vertex 7.32132 23.8787 6.4
      vertex 7.32132 23.8787 2
    endloop
  endfacet
  facet normal 0.970039 -0.242951 0
    outer loop
      vertex 8.07082 25.1291 6.4
      vertex 8.14235 25.4147 2
      vertex 8.14235 25.4147 6.4
    endloop
  endfacet
  facet normal 0.970039 -0.242951 0
    outer loop
      vertex 8.14235 25.4147 2
      vertex 8.07082 25.1291 6.4
      vertex 8.07082 25.1291 2
    endloop
  endfacet
  facet normal -0.243191 -0.969978 0
    outer loop
      vertex 4.32915 23.1292 2
      vertex 4.61473 23.0576 6.4
      vertex 4.32915 23.1292 6.4
    endloop
  endfacet
  facet normal -0.243191 -0.969978 -0
    outer loop
      vertex 4.61473 23.0576 6.4
      vertex 4.32915 23.1292 2
      vertex 4.61473 23.0576 2
    endloop
  endfacet
  facet normal -0.427347 -0.904088 0
    outer loop
      vertex 3.78581 23.3542 2
      vertex 4.05195 23.2284 6.4
      vertex 3.78581 23.3542 6.4
    endloop
  endfacet
  facet normal -0.427347 -0.904088 -0
    outer loop
      vertex 4.05195 23.2284 6.4
      vertex 3.78581 23.3542 2
      vertex 4.05195 23.2284 2
    endloop
  endfacet
  facet normal 0.90402 0.427491 0
    outer loop
      vertex 7.97164 27.148 6.4
      vertex 7.84576 27.4142 2
      vertex 7.84576 27.4142 6.4
    endloop
  endfacet
  facet normal 0.90402 0.427491 0
    outer loop
      vertex 7.84576 27.4142 2
      vertex 7.97164 27.148 6.4
      vertex 7.97164 27.148 2
    endloop
  endfacet
  facet normal 0.857718 0.514121 0
    outer loop
      vertex 7.84576 27.4142 6.4
      vertex 7.69441 27.6667 2
      vertex 7.69441 27.6667 6.4
    endloop
  endfacet
  facet normal 0.857718 0.514121 0
    outer loop
      vertex 7.69441 27.6667 2
      vertex 7.84576 27.4142 6.4
      vertex 7.84576 27.4142 2
    endloop
  endfacet
  facet normal 0.803241 0.595655 0
    outer loop
      vertex 7.69441 27.6667 6.4
      vertex 7.51903 27.9032 2
      vertex 7.51903 27.9032 6.4
    endloop
  endfacet
  facet normal 0.803241 0.595655 0
    outer loop
      vertex 7.51903 27.9032 2
      vertex 7.69441 27.6667 6.4
      vertex 7.69441 27.6667 2
    endloop
  endfacet
  facet normal 0.146736 0.989176 -0
    outer loop
      vertex 5.78527 28.9424 2
      vertex 5.49405 28.9856 6.4
      vertex 5.78527 28.9424 6.4
    endloop
  endfacet
  facet normal 0.146736 0.989176 0
    outer loop
      vertex 5.49405 28.9856 6.4
      vertex 5.78527 28.9424 2
      vertex 5.49405 28.9856 2
    endloop
  endfacet
  facet normal 0.595747 0.803172 -0
    outer loop
      vertex 7.10318 28.319 2
      vertex 6.86671 28.4944 6.4
      vertex 7.10318 28.319 6.4
    endloop
  endfacet
  facet normal 0.595747 0.803172 0
    outer loop
      vertex 6.86671 28.4944 6.4
      vertex 7.10318 28.319 2
      vertex 6.86671 28.4944 2
    endloop
  endfacet
  facet normal 0.427347 0.904088 -0
    outer loop
      vertex 6.61419 28.6458 2
      vertex 6.34805 28.7716 6.4
      vertex 6.61419 28.6458 6.4
    endloop
  endfacet
  facet normal 0.427347 0.904088 0
    outer loop
      vertex 6.34805 28.7716 6.4
      vertex 6.61419 28.6458 2
      vertex 6.34805 28.7716 2
    endloop
  endfacet
  facet normal 0.514216 0.857661 -0
    outer loop
      vertex 6.86671 28.4944 2
      vertex 6.61419 28.6458 6.4
      vertex 6.86671 28.4944 6.4
    endloop
  endfacet
  facet normal 0.514216 0.857661 0
    outer loop
      vertex 6.61419 28.6458 6.4
      vertex 6.86671 28.4944 2
      vertex 6.61419 28.6458 2
    endloop
  endfacet
  facet normal -0.941424 0.337225 0
    outer loop
      vertex 2.39999 27.0688 2
      vertex 2.42836 27.148 6.4
      vertex 2.42836 27.148 2
    endloop
  endfacet
  facet normal -0.941424 0.337225 0
    outer loop
      vertex 2.42836 27.148 6.4
      vertex 2.39999 27.0688 2
      vertex 2.39999 27.0688 6.4
    endloop
  endfacet
  facet normal -0.595747 0.803172 0
    outer loop
      vertex 3.53329 28.4944 2
      vertex 3.29682 28.319 6.4
      vertex 3.53329 28.4944 6.4
    endloop
  endfacet
  facet normal -0.595747 0.803172 0
    outer loop
      vertex 3.29682 28.319 6.4
      vertex 3.53329 28.4944 2
      vertex 3.29682 28.319 2
    endloop
  endfacet
  facet normal -0.146736 0.989176 0
    outer loop
      vertex 4.90595 28.9856 2
      vertex 4.61473 28.9424 6.4
      vertex 4.90595 28.9856 6.4
    endloop
  endfacet
  facet normal -0.146736 0.989176 0
    outer loop
      vertex 4.61473 28.9424 6.4
      vertex 4.90595 28.9856 2
      vertex 4.61473 28.9424 2
    endloop
  endfacet
  facet normal -0.243191 0.969978 0
    outer loop
      vertex 4.61473 28.9424 2
      vertex 4.32915 28.8708 6.4
      vertex 4.61473 28.9424 6.4
    endloop
  endfacet
  facet normal -0.243191 0.969978 0
    outer loop
      vertex 4.32915 28.8708 6.4
      vertex 4.61473 28.9424 2
      vertex 4.32915 28.8708 2
    endloop
  endfacet
  facet normal 0.146736 -0.989176 0
    outer loop
      vertex 5.49405 23.0144 2
      vertex 5.78527 23.0576 6.4
      vertex 5.49405 23.0144 6.4
    endloop
  endfacet
  facet normal 0.146736 -0.989176 0
    outer loop
      vertex 5.78527 23.0576 6.4
      vertex 5.49405 23.0144 2
      vertex 5.78527 23.0576 2
    endloop
  endfacet
  facet normal 0.243191 -0.969978 0
    outer loop
      vertex 5.78527 23.0576 2
      vertex 6.07085 23.1292 6.4
      vertex 5.78527 23.0576 6.4
    endloop
  endfacet
  facet normal 0.243191 -0.969978 0
    outer loop
      vertex 6.07085 23.1292 6.4
      vertex 5.78527 23.0576 2
      vertex 6.07085 23.1292 2
    endloop
  endfacet
  facet normal 0.514216 -0.857661 0
    outer loop
      vertex 6.61419 23.3542 2
      vertex 6.86671 23.5056 6.4
      vertex 6.61419 23.3542 6.4
    endloop
  endfacet
  facet normal 0.514216 -0.857661 0
    outer loop
      vertex 6.86671 23.5056 6.4
      vertex 6.61419 23.3542 2
      vertex 6.86671 23.5056 2
    endloop
  endfacet
  facet normal 0.671539 -0.740969 0
    outer loop
      vertex 7.10318 23.681 2
      vertex 7.32132 23.8787 6.4
      vertex 7.10318 23.681 6.4
    endloop
  endfacet
  facet normal 0.671539 -0.740969 0
    outer loop
      vertex 7.32132 23.8787 6.4
      vertex 7.10318 23.681 2
      vertex 7.32132 23.8787 2
    endloop
  endfacet
  facet normal 0.803241 -0.595655 0
    outer loop
      vertex 7.51903 24.0968 6.4
      vertex 7.69441 24.3333 2
      vertex 7.69441 24.3333 6.4
    endloop
  endfacet
  facet normal 0.803241 -0.595655 0
    outer loop
      vertex 7.69441 24.3333 2
      vertex 7.51903 24.0968 6.4
      vertex 7.51903 24.0968 2
    endloop
  endfacet
  facet normal 0.857718 -0.514121 0
    outer loop
      vertex 7.69441 24.3333 6.4
      vertex 7.84576 24.5858 2
      vertex 7.84576 24.5858 6.4
    endloop
  endfacet
  facet normal 0.857718 -0.514121 0
    outer loop
      vertex 7.84576 24.5858 2
      vertex 7.69441 24.3333 6.4
      vertex 7.69441 24.3333 2
    endloop
  endfacet
  facet normal -0.0489126 -0.998803 0
    outer loop
      vertex 4.90595 23.0144 2
      vertex 5.2 23 6.4
      vertex 4.90595 23.0144 6.4
    endloop
  endfacet
  facet normal -0.0489126 -0.998803 -0
    outer loop
      vertex 5.2 23 6.4
      vertex 4.90595 23.0144 2
      vertex 5.2 23 2
    endloop
  endfacet
  facet normal -0.595747 -0.803172 0
    outer loop
      vertex 3.29682 23.681 2
      vertex 3.53329 23.5056 6.4
      vertex 3.29682 23.681 6.4
    endloop
  endfacet
  facet normal -0.595747 -0.803172 -0
    outer loop
      vertex 3.53329 23.5056 6.4
      vertex 3.29682 23.681 2
      vertex 3.53329 23.5056 2
    endloop
  endfacet
  facet normal 0.0489126 -0.998803 0
    outer loop
      vertex 5.2 23 2
      vertex 5.49405 23.0144 6.4
      vertex 5.2 23 6.4
    endloop
  endfacet
  facet normal 0.0489126 -0.998803 0
    outer loop
      vertex 5.49405 23.0144 6.4
      vertex 5.2 23 2
      vertex 5.49405 23.0144 2
    endloop
  endfacet
  facet normal -0.514216 -0.857661 0
    outer loop
      vertex 3.53329 23.5056 2
      vertex 3.78581 23.3542 6.4
      vertex 3.53329 23.5056 6.4
    endloop
  endfacet
  facet normal -0.514216 -0.857661 -0
    outer loop
      vertex 3.78581 23.3542 6.4
      vertex 3.53329 23.5056 2
      vertex 3.78581 23.3542 2
    endloop
  endfacet
  facet normal -0.857718 -0.514121 0
    outer loop
      vertex 2.70559 24.3333 2
      vertex 2.55424 24.5858 6.4
      vertex 2.55424 24.5858 2
    endloop
  endfacet
  facet normal -0.857718 -0.514121 0
    outer loop
      vertex 2.55424 24.5858 6.4
      vertex 2.70559 24.3333 2
      vertex 2.70559 24.3333 6.4
    endloop
  endfacet
  facet normal -0.941559 -0.336848 0
    outer loop
      vertex 2.42836 24.8519 2
      vertex 2.39999 24.9312 6.4
      vertex 2.39999 24.9312 2
    endloop
  endfacet
  facet normal -0.941559 -0.336848 0
    outer loop
      vertex 2.39999 24.9312 6.4
      vertex 2.42836 24.8519 2
      vertex 2.42836 24.8519 6.4
    endloop
  endfacet
  facet normal -0.903958 -0.427622 0
    outer loop
      vertex 2.55424 24.5858 2
      vertex 2.42836 24.8519 6.4
      vertex 2.42836 24.8519 2
    endloop
  endfacet
  facet normal -0.903958 -0.427622 0
    outer loop
      vertex 2.42836 24.8519 6.4
      vertex 2.55424 24.5858 2
      vertex 2.55424 24.5858 6.4
    endloop
  endfacet
  facet normal 0.989174 0.146746 0
    outer loop
      vertex 8.18555 26.2941 6.4
      vertex 8.14235 26.5853 2
      vertex 8.14235 26.5853 6.4
    endloop
  endfacet
  facet normal 0.989174 0.146746 0
    outer loop
      vertex 8.14235 26.5853 2
      vertex 8.18555 26.2941 6.4
      vertex 8.18555 26.2941 2
    endloop
  endfacet
  facet normal 0.740891 0.671625 0
    outer loop
      vertex 7.51903 27.9032 6.4
      vertex 7.32132 28.1213 2
      vertex 7.32132 28.1213 6.4
    endloop
  endfacet
  facet normal 0.740891 0.671625 0
    outer loop
      vertex 7.32132 28.1213 2
      vertex 7.51903 27.9032 6.4
      vertex 7.51903 27.9032 2
    endloop
  endfacet
  facet normal 0.0489126 0.998803 -0
    outer loop
      vertex 5.49405 28.9856 2
      vertex 5.2 29 6.4
      vertex 5.49405 28.9856 6.4
    endloop
  endfacet
  facet normal 0.0489126 0.998803 0
    outer loop
      vertex 5.2 29 6.4
      vertex 5.49405 28.9856 2
      vertex 5.2 29 2
    endloop
  endfacet
  facet normal 0.243191 0.969978 -0
    outer loop
      vertex 6.07085 28.8708 2
      vertex 5.78527 28.9424 6.4
      vertex 6.07085 28.8708 6.4
    endloop
  endfacet
  facet normal 0.243191 0.969978 0
    outer loop
      vertex 5.78527 28.9424 6.4
      vertex 6.07085 28.8708 2
      vertex 5.78527 28.9424 2
    endloop
  endfacet
  facet normal -0.803241 0.595655 0
    outer loop
      vertex 2.70559 27.6667 2
      vertex 2.88097 27.9032 6.4
      vertex 2.88097 27.9032 2
    endloop
  endfacet
  facet normal -0.803241 0.595655 0
    outer loop
      vertex 2.88097 27.9032 6.4
      vertex 2.70559 27.6667 2
      vertex 2.70559 27.6667 6.4
    endloop
  endfacet
  facet normal 0 0 1
    outer loop
      vertex 8.18555 26.2941 6.4
      vertex 8.18555 25.7059 6.4
      vertex 8.2 26 6.4
    endloop
  endfacet
  facet normal 0 0 1
    outer loop
      vertex 8.14235 26.5853 6.4
      vertex 8.18555 25.7059 6.4
      vertex 8.18555 26.2941 6.4
    endloop
  endfacet
  facet normal 0 0 1
    outer loop
      vertex 8.14235 26.5853 6.4
      vertex 8.14235 25.4147 6.4
      vertex 8.18555 25.7059 6.4
    endloop
  endfacet
  facet normal 0 0 1
    outer loop
      vertex 8.07082 26.8709 6.4
      vertex 8.14235 25.4147 6.4
      vertex 8.14235 26.5853 6.4
    endloop
  endfacet
  facet normal 0 0 1
    outer loop
      vertex 8.07082 26.8709 6.4
      vertex 8.07082 25.1291 6.4
      vertex 8.14235 25.4147 6.4
    endloop
  endfacet
  facet normal 0 0 1
    outer loop
      vertex 7.97164 27.148 6.4
      vertex 8.07082 25.1291 6.4
      vertex 8.07082 26.8709 6.4
    endloop
  endfacet
  facet normal 0 0 1
    outer loop
      vertex 7.97164 27.148 6.4
      vertex 7.97164 24.8519 6.4
      vertex 8.07082 25.1291 6.4
    endloop
  endfacet
  facet normal 0 0 1
    outer loop
      vertex 7.84576 27.4142 6.4
      vertex 7.97164 24.8519 6.4
      vertex 7.97164 27.148 6.4
    endloop
  endfacet
  facet normal 0 0 1
    outer loop
      vertex 7.84576 27.4142 6.4
      vertex 7.84576 24.5858 6.4
      vertex 7.97164 24.8519 6.4
    endloop
  endfacet
  facet normal 0 0 1
    outer loop
      vertex 7.69441 27.6667 6.4
      vertex 7.84576 24.5858 6.4
      vertex 7.84576 27.4142 6.4
    endloop
  endfacet
  facet normal 0 0 1
    outer loop
      vertex 7.69441 27.6667 6.4
      vertex 7.69441 24.3333 6.4
      vertex 7.84576 24.5858 6.4
    endloop
  endfacet
  facet normal 0 0 1
    outer loop
      vertex 7.51903 27.9032 6.4
      vertex 7.69441 24.3333 6.4
      vertex 7.69441 27.6667 6.4
    endloop
  endfacet
  facet normal 0 0 1
    outer loop
      vertex 7.51903 27.9032 6.4
      vertex 7.51903 24.0968 6.4
      vertex 7.69441 24.3333 6.4
    endloop
  endfacet
  facet normal 0 0 1
    outer loop
      vertex 7.32132 28.1213 6.4
      vertex 7.51903 24.0968 6.4
      vertex 7.51903 27.9032 6.4
    endloop
  endfacet
  facet normal 0 0 1
    outer loop
      vertex 7.32132 28.1213 6.4
      vertex 7.32132 23.8787 6.4
      vertex 7.51903 24.0968 6.4
    endloop
  endfacet
  facet normal 0 0 1
    outer loop
      vertex 7.10318 28.319 6.4
      vertex 7.32132 23.8787 6.4
      vertex 7.32132 28.1213 6.4
    endloop
  endfacet
  facet normal 0 0 1
    outer loop
      vertex 7.10318 28.319 6.4
      vertex 7.10318 23.681 6.4
      vertex 7.32132 23.8787 6.4
    endloop
  endfacet
  facet normal 0 0 1
    outer loop
      vertex 6.86671 28.4944 6.4
      vertex 7.10318 23.681 6.4
      vertex 7.10318 28.319 6.4
    endloop
  endfacet
  facet normal 0 0 1
    outer loop
      vertex 6.86671 28.4944 6.4
      vertex 6.86671 23.5056 6.4
      vertex 7.10318 23.681 6.4
    endloop
  endfacet
  facet normal 0 0 1
    outer loop
      vertex 6.61419 28.6458 6.4
      vertex 6.86671 23.5056 6.4
      vertex 6.86671 28.4944 6.4
    endloop
  endfacet
  facet normal 0 0 1
    outer loop
      vertex 6.61419 28.6458 6.4
      vertex 6.61419 23.3542 6.4
      vertex 6.86671 23.5056 6.4
    endloop
  endfacet
  facet normal 0 0 1
    outer loop
      vertex 6.34805 28.7716 6.4
      vertex 6.61419 23.3542 6.4
      vertex 6.61419 28.6458 6.4
    endloop
  endfacet
  facet normal 0 0 1
    outer loop
      vertex 6.34805 28.7716 6.4
      vertex 6.34805 23.2284 6.4
      vertex 6.61419 23.3542 6.4
    endloop
  endfacet
  facet normal 0 0 1
    outer loop
      vertex 6.07085 28.8708 6.4
      vertex 6.34805 23.2284 6.4
      vertex 6.34805 28.7716 6.4
    endloop
  endfacet
  facet normal 0 0 1
    outer loop
      vertex 6.07085 28.8708 6.4
      vertex 6.07085 23.1292 6.4
      vertex 6.34805 23.2284 6.4
    endloop
  endfacet
  facet normal 0 0 1
    outer loop
      vertex 5.78527 28.9424 6.4
      vertex 6.07085 23.1292 6.4
      vertex 6.07085 28.8708 6.4
    endloop
  endfacet
  facet normal 0 0 1
    outer loop
      vertex 5.78527 28.9424 6.4
      vertex 5.78527 23.0576 6.4
      vertex 6.07085 23.1292 6.4
    endloop
  endfacet
  facet normal 0 0 1
    outer loop
      vertex 5.49405 28.9856 6.4
      vertex 5.78527 23.0576 6.4
      vertex 5.78527 28.9424 6.4
    endloop
  endfacet
  facet normal 0 0 1
    outer loop
      vertex 5.49405 28.9856 6.4
      vertex 5.49405 23.0144 6.4
      vertex 5.78527 23.0576 6.4
    endloop
  endfacet
  facet normal 0 0 1
    outer loop
      vertex 5.2 29 6.4
      vertex 5.49405 23.0144 6.4
      vertex 5.49405 28.9856 6.4
    endloop
  endfacet
  facet normal 0 0 1
    outer loop
      vertex 5.2 29 6.4
      vertex 5.2 23 6.4
      vertex 5.49405 23.0144 6.4
    endloop
  endfacet
  facet normal -0 0 1
    outer loop
      vertex 4.90595 28.9856 6.4
      vertex 5.2 23 6.4
      vertex 5.2 29 6.4
    endloop
  endfacet
  facet normal 0 0 1
    outer loop
      vertex 4.90595 28.9856 6.4
      vertex 4.90595 23.0144 6.4
      vertex 5.2 23 6.4
    endloop
  endfacet
  facet normal -0 0 1
    outer loop
      vertex 4.61473 28.9424 6.4
      vertex 4.90595 23.0144 6.4
      vertex 4.90595 28.9856 6.4
    endloop
  endfacet
  facet normal 0 0 1
    outer loop
      vertex 4.61473 28.9424 6.4
      vertex 4.61473 23.0576 6.4
      vertex 4.90595 23.0144 6.4
    endloop
  endfacet
  facet normal -0 0 1
    outer loop
      vertex 4.32915 28.8708 6.4
      vertex 4.61473 23.0576 6.4
      vertex 4.61473 28.9424 6.4
    endloop
  endfacet
  facet normal 0 0 1
    outer loop
      vertex 4.32915 28.8708 6.4
      vertex 4.32915 23.1292 6.4
      vertex 4.61473 23.0576 6.4
    endloop
  endfacet
  facet normal -0 0 1
    outer loop
      vertex 4.05195 28.7716 6.4
      vertex 4.32915 23.1292 6.4
      vertex 4.32915 28.8708 6.4
    endloop
  endfacet
  facet normal 0 0 1
    outer loop
      vertex 4.05195 28.7716 6.4
      vertex 4.05195 23.2284 6.4
      vertex 4.32915 23.1292 6.4
    endloop
  endfacet
  facet normal -0 0 1
    outer loop
      vertex 3.78581 28.6458 6.4
      vertex 4.05195 23.2284 6.4
      vertex 4.05195 28.7716 6.4
    endloop
  endfacet
  facet normal 0 0 1
    outer loop
      vertex 3.78581 28.6458 6.4
      vertex 3.78581 23.3542 6.4
      vertex 4.05195 23.2284 6.4
    endloop
  endfacet
  facet normal -0 0 1
    outer loop
      vertex 3.53329 28.4944 6.4
      vertex 3.78581 23.3542 6.4
      vertex 3.78581 28.6458 6.4
    endloop
  endfacet
  facet normal 0 0 1
    outer loop
      vertex 3.53329 28.4944 6.4
      vertex 3.53329 23.5056 6.4
      vertex 3.78581 23.3542 6.4
    endloop
  endfacet
  facet normal -0 0 1
    outer loop
      vertex 3.29682 28.319 6.4
      vertex 3.53329 23.5056 6.4
      vertex 3.53329 28.4944 6.4
    endloop
  endfacet
  facet normal 0 0 1
    outer loop
      vertex 3.29682 28.319 6.4
      vertex 3.29682 23.681 6.4
      vertex 3.53329 23.5056 6.4
    endloop
  endfacet
  facet normal -0 0 1
    outer loop
      vertex 3.07868 28.1213 6.4
      vertex 3.29682 23.681 6.4
      vertex 3.29682 28.319 6.4
    endloop
  endfacet
  facet normal 0 0 1
    outer loop
      vertex 3.07868 28.1213 6.4
      vertex 3.07868 23.8787 6.4
      vertex 3.29682 23.681 6.4
    endloop
  endfacet
  facet normal -0 0 1
    outer loop
      vertex 2.88097 27.9032 6.4
      vertex 3.07868 23.8787 6.4
      vertex 3.07868 28.1213 6.4
    endloop
  endfacet
  facet normal 0 0 1
    outer loop
      vertex 2.88097 27.9032 6.4
      vertex 2.88097 24.0968 6.4
      vertex 3.07868 23.8787 6.4
    endloop
  endfacet
  facet normal -0 0 1
    outer loop
      vertex 2.70559 27.6667 6.4
      vertex 2.88097 24.0968 6.4
      vertex 2.88097 27.9032 6.4
    endloop
  endfacet
  facet normal 0 0 1
    outer loop
      vertex 2.70559 27.6667 6.4
      vertex 2.70559 24.3333 6.4
      vertex 2.88097 24.0968 6.4
    endloop
  endfacet
  facet normal -0 0 1
    outer loop
      vertex 2.55424 27.4142 6.4
      vertex 2.70559 24.3333 6.4
      vertex 2.70559 27.6667 6.4
    endloop
  endfacet
  facet normal 0 0 1
    outer loop
      vertex 2.55424 27.4142 6.4
      vertex 2.55424 24.5858 6.4
      vertex 2.70559 24.3333 6.4
    endloop
  endfacet
  facet normal 0 0 1
    outer loop
      vertex 2.39999 27.0688 6.4
      vertex 2.55424 27.4142 6.4
      vertex 2.42836 27.148 6.4
    endloop
  endfacet
  facet normal 0 0 1
    outer loop
      vertex 2.55424 27.4142 6.4
      vertex 2.39999 27.0688 6.4
      vertex 2.55424 24.5858 6.4
    endloop
  endfacet
  facet normal -0 0 1
    outer loop
      vertex 2.39999 24.9312 6.4
      vertex 2.55424 24.5858 6.4
      vertex 2.39999 27.0688 6.4
    endloop
  endfacet
  facet normal 0 0 1
    outer loop
      vertex 2.55424 24.5858 6.4
      vertex 2.39999 24.9312 6.4
      vertex 2.42836 24.8519 6.4
    endloop
  endfacet
  facet normal -0.671539 0.740969 0
    outer loop
      vertex 3.29682 28.319 2
      vertex 3.07868 28.1213 6.4
      vertex 3.29682 28.319 6.4
    endloop
  endfacet
  facet normal -0.671539 0.740969 0
    outer loop
      vertex 3.07868 28.1213 6.4
      vertex 3.29682 28.319 2
      vertex 3.07868 28.1213 2
    endloop
  endfacet
  facet normal -0.514216 0.857661 0
    outer loop
      vertex 3.78581 28.6458 2
      vertex 3.53329 28.4944 6.4
      vertex 3.78581 28.6458 6.4
    endloop
  endfacet
  facet normal -0.514216 0.857661 0
    outer loop
      vertex 3.53329 28.4944 6.4
      vertex 3.78581 28.6458 2
      vertex 3.53329 28.4944 2
    endloop
  endfacet
  facet normal -0.336939 0.941527 0
    outer loop
      vertex 4.32915 28.8708 2
      vertex 4.05195 28.7716 6.4
      vertex 4.32915 28.8708 6.4
    endloop
  endfacet
  facet normal -0.336939 0.941527 0
    outer loop
      vertex 4.05195 28.7716 6.4
      vertex 4.32915 28.8708 2
      vertex 4.05195 28.7716 2
    endloop
  endfacet
  facet normal 0.427347 -0.904088 0
    outer loop
      vertex 6.34805 23.2284 2
      vertex 6.61419 23.3542 6.4
      vertex 6.34805 23.2284 6.4
    endloop
  endfacet
  facet normal 0.427347 -0.904088 0
    outer loop
      vertex 6.61419 23.3542 6.4
      vertex 6.34805 23.2284 2
      vertex 6.61419 23.3542 2
    endloop
  endfacet
  facet normal 0.595747 -0.803172 0
    outer loop
      vertex 6.86671 23.5056 2
      vertex 7.10318 23.681 6.4
      vertex 6.86671 23.5056 6.4
    endloop
  endfacet
  facet normal 0.595747 -0.803172 0
    outer loop
      vertex 7.10318 23.681 6.4
      vertex 6.86671 23.5056 2
      vertex 7.10318 23.681 2
    endloop
  endfacet
  facet normal 0.941548 -0.336879 0
    outer loop
      vertex 7.97164 24.8519 6.4
      vertex 8.07082 25.1291 2
      vertex 8.07082 25.1291 6.4
    endloop
  endfacet
  facet normal 0.941548 -0.336879 0
    outer loop
      vertex 8.07082 25.1291 2
      vertex 7.97164 24.8519 6.4
      vertex 7.97164 24.8519 2
    endloop
  endfacet
  facet normal 0.989174 -0.146746 0
    outer loop
      vertex 8.14235 25.4147 6.4
      vertex 8.18555 25.7059 2
      vertex 8.18555 25.7059 6.4
    endloop
  endfacet
  facet normal 0.989174 -0.146746 0
    outer loop
      vertex 8.18555 25.7059 2
      vertex 8.14235 25.4147 6.4
      vertex 8.14235 25.4147 2
    endloop
  endfacet
  facet normal 0.998795 -0.0490738 0
    outer loop
      vertex 8.18555 25.7059 6.4
      vertex 8.2 26 2
      vertex 8.2 26 6.4
    endloop
  endfacet
  facet normal 0.998795 -0.0490738 0
    outer loop
      vertex 8.2 26 2
      vertex 8.18555 25.7059 6.4
      vertex 8.18555 25.7059 2
    endloop
  endfacet
  facet normal -0.146736 -0.989176 0
    outer loop
      vertex 4.61473 23.0576 2
      vertex 4.90595 23.0144 6.4
      vertex 4.61473 23.0576 6.4
    endloop
  endfacet
  facet normal -0.146736 -0.989176 -0
    outer loop
      vertex 4.90595 23.0144 6.4
      vertex 4.61473 23.0576 2
      vertex 4.90595 23.0144 2
    endloop
  endfacet
  facet normal -0.336939 -0.941527 0
    outer loop
      vertex 4.05195 23.2284 2
      vertex 4.32915 23.1292 6.4
      vertex 4.05195 23.2284 6.4
    endloop
  endfacet
  facet normal -0.336939 -0.941527 -0
    outer loop
      vertex 4.32915 23.1292 6.4
      vertex 4.05195 23.2284 2
      vertex 4.32915 23.1292 2
    endloop
  endfacet
  facet normal -0.671539 -0.740969 0
    outer loop
      vertex 3.07868 23.8787 2
      vertex 3.29682 23.681 6.4
      vertex 3.07868 23.8787 6.4
    endloop
  endfacet
  facet normal -0.671539 -0.740969 -0
    outer loop
      vertex 3.29682 23.681 6.4
      vertex 3.07868 23.8787 2
      vertex 3.29682 23.681 2
    endloop
  endfacet
  facet normal -0.803241 -0.595655 0
    outer loop
      vertex 2.88097 24.0968 2
      vertex 2.70559 24.3333 6.4
      vertex 2.70559 24.3333 2
    endloop
  endfacet
  facet normal -0.803241 -0.595655 0
    outer loop
      vertex 2.70559 24.3333 6.4
      vertex 2.88097 24.0968 2
      vertex 2.88097 24.0968 6.4
    endloop
  endfacet
  facet normal -0.998803 0.0489044 0
    outer loop
      vertex 53.8 26 2
      vertex 53.8144 26.2941 6.4
      vertex 53.8144 26.2941 2
    endloop
  endfacet
  facet normal -0.998803 0.0489044 0
    outer loop
      vertex 53.8144 26.2941 6.4
      vertex 53.8 26 2
      vertex 53.8 26 6.4
    endloop
  endfacet
  facet normal 0.0489044 0.998803 -0
    outer loop
      vertex 57.0941 28.9856 2
      vertex 56.8 29 6.4
      vertex 57.0941 28.9856 6.4
    endloop
  endfacet
  facet normal 0.0489044 0.998803 0
    outer loop
      vertex 56.8 29 6.4
      vertex 57.0941 28.9856 2
      vertex 56.8 29 2
    endloop
  endfacet
  facet normal 0.740908 0.671607 0
    outer loop
      vertex 59.119 27.9032 6.4
      vertex 58.9213 28.1213 2
      vertex 58.9213 28.1213 6.4
    endloop
  endfacet
  facet normal 0.740908 0.671607 0
    outer loop
      vertex 58.9213 28.1213 2
      vertex 59.119 27.9032 6.4
      vertex 59.119 27.9032 2
    endloop
  endfacet
  facet normal -0.671607 0.740908 0
    outer loop
      vertex 54.8968 28.319 2
      vertex 54.6787 28.1213 6.4
      vertex 54.8968 28.319 6.4
    endloop
  endfacet
  facet normal -0.671607 0.740908 0
    outer loop
      vertex 54.6787 28.1213 6.4
      vertex 54.8968 28.319 2
      vertex 54.6787 28.1213 2
    endloop
  endfacet
  facet normal -0.336939 0.941527 0
    outer loop
      vertex 55.9291 28.8708 2
      vertex 55.6519 28.7716 6.4
      vertex 55.9291 28.8708 6.4
    endloop
  endfacet
  facet normal -0.336939 0.941527 0
    outer loop
      vertex 55.6519 28.7716 6.4
      vertex 55.9291 28.8708 2
      vertex 55.6519 28.7716 2
    endloop
  endfacet
  facet normal 0.904125 0.427269 0
    outer loop
      vertex 59.5716 27.148 6.4
      vertex 59.4458 27.4142 2
      vertex 59.4458 27.4142 6.4
    endloop
  endfacet
  facet normal 0.904125 0.427269 0
    outer loop
      vertex 59.4458 27.4142 2
      vertex 59.5716 27.148 6.4
      vertex 59.5716 27.148 2
    endloop
  endfacet
  facet normal 0.857643 0.514246 0
    outer loop
      vertex 59.4458 27.4142 6.4
      vertex 59.2944 27.6667 2
      vertex 59.2944 27.6667 6.4
    endloop
  endfacet
  facet normal 0.857643 0.514246 0
    outer loop
      vertex 59.2944 27.6667 2
      vertex 59.4458 27.4142 6.4
      vertex 59.4458 27.4142 2
    endloop
  endfacet
  facet normal 0.4274 0.904063 -0
    outer loop
      vertex 58.2142 28.6458 2
      vertex 57.9481 28.7716 6.4
      vertex 58.2142 28.6458 6.4
    endloop
  endfacet
  facet normal 0.4274 0.904063 0
    outer loop
      vertex 57.9481 28.7716 6.4
      vertex 58.2142 28.6458 2
      vertex 57.9481 28.7716 2
    endloop
  endfacet
  facet normal -0.857643 0.514246 0
    outer loop
      vertex 54.1542 27.4142 2
      vertex 54.3056 27.6667 6.4
      vertex 54.3056 27.6667 2
    endloop
  endfacet
  facet normal -0.857643 0.514246 0
    outer loop
      vertex 54.3056 27.6667 6.4
      vertex 54.1542 27.4142 2
      vertex 54.1542 27.4142 6.4
    endloop
  endfacet
  facet normal -0.803208 0.595699 0
    outer loop
      vertex 54.3056 27.6667 2
      vertex 54.481 27.9032 6.4
      vertex 54.481 27.9032 2
    endloop
  endfacet
  facet normal -0.803208 0.595699 0
    outer loop
      vertex 54.481 27.9032 6.4
      vertex 54.3056 27.6667 2
      vertex 54.3056 27.6667 6.4
    endloop
  endfacet
  facet normal 0.941311 0.337541 0
    outer loop
      vertex 59.6 27.0688 6.4
      vertex 59.5716 27.148 2
      vertex 59.5716 27.148 6.4
    endloop
  endfacet
  facet normal 0.941311 0.337541 0
    outer loop
      vertex 59.5716 27.148 2
      vertex 59.6 27.0688 6.4
      vertex 59.6 27.0688 2
    endloop
  endfacet
  facet normal 0.803208 0.595699 0
    outer loop
      vertex 59.2944 27.6667 6.4
      vertex 59.119 27.9032 2
      vertex 59.119 27.9032 6.4
    endloop
  endfacet
  facet normal 0.803208 0.595699 0
    outer loop
      vertex 59.119 27.9032 2
      vertex 59.2944 27.6667 6.4
      vertex 59.2944 27.6667 2
    endloop
  endfacet
  facet normal 0.243175 0.969982 -0
    outer loop
      vertex 57.6709 28.8708 2
      vertex 57.3853 28.9424 6.4
      vertex 57.6709 28.8708 6.4
    endloop
  endfacet
  facet normal 0.243175 0.969982 0
    outer loop
      vertex 57.3853 28.9424 6.4
      vertex 57.6709 28.8708 2
      vertex 57.3853 28.9424 2
    endloop
  endfacet
  facet normal 0.146746 0.989174 -0
    outer loop
      vertex 57.3853 28.9424 2
      vertex 57.0941 28.9856 6.4
      vertex 57.3853 28.9424 6.4
    endloop
  endfacet
  facet normal 0.146746 0.989174 0
    outer loop
      vertex 57.0941 28.9856 6.4
      vertex 57.3853 28.9424 2
      vertex 57.0941 28.9856 2
    endloop
  endfacet
  facet normal 0.671607 0.740908 -0
    outer loop
      vertex 58.9213 28.1213 2
      vertex 58.7032 28.319 6.4
      vertex 58.9213 28.1213 6.4
    endloop
  endfacet
  facet normal 0.671607 0.740908 0
    outer loop
      vertex 58.7032 28.319 6.4
      vertex 58.9213 28.1213 2
      vertex 58.7032 28.319 2
    endloop
  endfacet
  facet normal 0.595699 0.803208 -0
    outer loop
      vertex 58.7032 28.319 2
      vertex 58.4667 28.4944 6.4
      vertex 58.7032 28.319 6.4
    endloop
  endfacet
  facet normal 0.595699 0.803208 0
    outer loop
      vertex 58.4667 28.4944 6.4
      vertex 58.7032 28.319 2
      vertex 58.4667 28.4944 2
    endloop
  endfacet
  facet normal -0.740908 0.671607 0
    outer loop
      vertex 54.481 27.9032 2
      vertex 54.6787 28.1213 6.4
      vertex 54.6787 28.1213 2
    endloop
  endfacet
  facet normal -0.740908 0.671607 0
    outer loop
      vertex 54.6787 28.1213 6.4
      vertex 54.481 27.9032 2
      vertex 54.481 27.9032 6.4
    endloop
  endfacet
  facet normal -0.904125 0.427269 0
    outer loop
      vertex 54.0284 27.148 2
      vertex 54.1542 27.4142 6.4
      vertex 54.1542 27.4142 2
    endloop
  endfacet
  facet normal -0.904125 0.427269 0
    outer loop
      vertex 54.1542 27.4142 6.4
      vertex 54.0284 27.148 2
      vertex 54.0284 27.148 6.4
    endloop
  endfacet
  facet normal -0.941488 0.337047 0
    outer loop
      vertex 53.9292 26.8709 2
      vertex 54.0284 27.148 6.4
      vertex 54.0284 27.148 2
    endloop
  endfacet
  facet normal -0.941488 0.337047 0
    outer loop
      vertex 54.0284 27.148 6.4
      vertex 53.9292 26.8709 2
      vertex 53.9292 26.8709 6.4
    endloop
  endfacet
  facet normal -0.969982 0.243175 0
    outer loop
      vertex 53.8576 26.5853 2
      vertex 53.9292 26.8709 6.4
      vertex 53.9292 26.8709 2
    endloop
  endfacet
  facet normal -0.969982 0.243175 0
    outer loop
      vertex 53.9292 26.8709 6.4
      vertex 53.8576 26.5853 2
      vertex 53.8576 26.5853 6.4
    endloop
  endfacet
  facet normal -0.989174 0.146746 0
    outer loop
      vertex 53.8144 26.2941 2
      vertex 53.8576 26.5853 6.4
      vertex 53.8576 26.5853 2
    endloop
  endfacet
  facet normal -0.989174 0.146746 0
    outer loop
      vertex 53.8576 26.5853 6.4
      vertex 53.8144 26.2941 2
      vertex 53.8144 26.2941 6.4
    endloop
  endfacet
  facet normal -0.4274 0.904063 0
    outer loop
      vertex 55.6519 28.7716 2
      vertex 55.3858 28.6458 6.4
      vertex 55.6519 28.7716 6.4
    endloop
  endfacet
  facet normal -0.4274 0.904063 0
    outer loop
      vertex 55.3858 28.6458 6.4
      vertex 55.6519 28.7716 2
      vertex 55.3858 28.6458 2
    endloop
  endfacet
  facet normal -0.514246 0.857643 0
    outer loop
      vertex 55.3858 28.6458 2
      vertex 55.1333 28.4944 6.4
      vertex 55.3858 28.6458 6.4
    endloop
  endfacet
  facet normal -0.514246 0.857643 0
    outer loop
      vertex 55.1333 28.4944 6.4
      vertex 55.3858 28.6458 2
      vertex 55.1333 28.4944 2
    endloop
  endfacet
  facet normal -0.595699 0.803208 0
    outer loop
      vertex 55.1333 28.4944 2
      vertex 54.8968 28.319 6.4
      vertex 55.1333 28.4944 6.4
    endloop
  endfacet
  facet normal -0.595699 0.803208 0
    outer loop
      vertex 54.8968 28.319 6.4
      vertex 55.1333 28.4944 2
      vertex 54.8968 28.319 2
    endloop
  endfacet
  facet normal -0.0489044 0.998803 0
    outer loop
      vertex 56.8 29 2
      vertex 56.5059 28.9856 6.4
      vertex 56.8 29 6.4
    endloop
  endfacet
  facet normal -0.0489044 0.998803 0
    outer loop
      vertex 56.5059 28.9856 6.4
      vertex 56.8 29 2
      vertex 56.5059 28.9856 2
    endloop
  endfacet
  facet normal -0.146746 0.989174 0
    outer loop
      vertex 56.5059 28.9856 2
      vertex 56.2147 28.9424 6.4
      vertex 56.5059 28.9856 6.4
    endloop
  endfacet
  facet normal -0.146746 0.989174 0
    outer loop
      vertex 56.2147 28.9424 6.4
      vertex 56.5059 28.9856 2
      vertex 56.2147 28.9424 2
    endloop
  endfacet
  facet normal 0.904063 -0.4274 0
    outer loop
      vertex 59.4458 24.5858 6.4
      vertex 59.5716 24.8519 2
      vertex 59.5716 24.8519 6.4
    endloop
  endfacet
  facet normal 0.904063 -0.4274 0
    outer loop
      vertex 59.5716 24.8519 2
      vertex 59.4458 24.5858 6.4
      vertex 59.4458 24.5858 2
    endloop
  endfacet
  facet normal 0.857643 -0.514246 0
    outer loop
      vertex 59.2944 24.3333 6.4
      vertex 59.4458 24.5858 2
      vertex 59.4458 24.5858 6.4
    endloop
  endfacet
  facet normal 0.857643 -0.514246 0
    outer loop
      vertex 59.4458 24.5858 2
      vertex 59.2944 24.3333 6.4
      vertex 59.2944 24.3333 2
    endloop
  endfacet
  facet normal -0.803208 -0.595699 0
    outer loop
      vertex 54.481 24.0968 2
      vertex 54.3056 24.3333 6.4
      vertex 54.3056 24.3333 2
    endloop
  endfacet
  facet normal -0.803208 -0.595699 0
    outer loop
      vertex 54.3056 24.3333 6.4
      vertex 54.481 24.0968 2
      vertex 54.481 24.0968 6.4
    endloop
  endfacet
  facet normal -0.941527 -0.336939 0
    outer loop
      vertex 54.0284 24.8519 2
      vertex 53.9292 25.1291 6.4
      vertex 53.9292 25.1291 2
    endloop
  endfacet
  facet normal -0.941527 -0.336939 0
    outer loop
      vertex 53.9292 25.1291 6.4
      vertex 54.0284 24.8519 2
      vertex 54.0284 24.8519 6.4
    endloop
  endfacet
  facet normal 0.4274 -0.904063 0
    outer loop
      vertex 57.9481 23.2284 2
      vertex 58.2142 23.3542 6.4
      vertex 57.9481 23.2284 6.4
    endloop
  endfacet
  facet normal 0.4274 -0.904063 0
    outer loop
      vertex 58.2142 23.3542 6.4
      vertex 57.9481 23.2284 2
      vertex 58.2142 23.3542 2
    endloop
  endfacet
  facet normal 0.336939 -0.941527 0
    outer loop
      vertex 57.6709 23.1292 2
      vertex 57.9481 23.2284 6.4
      vertex 57.6709 23.1292 6.4
    endloop
  endfacet
  facet normal 0.336939 -0.941527 0
    outer loop
      vertex 57.9481 23.2284 6.4
      vertex 57.6709 23.1292 2
      vertex 57.9481 23.2284 2
    endloop
  endfacet
  facet normal 0.336939 0.941527 -0
    outer loop
      vertex 57.9481 28.7716 2
      vertex 57.6709 28.8708 6.4
      vertex 57.9481 28.7716 6.4
    endloop
  endfacet
  facet normal 0.336939 0.941527 0
    outer loop
      vertex 57.6709 28.8708 6.4
      vertex 57.9481 28.7716 2
      vertex 57.6709 28.8708 2
    endloop
  endfacet
  facet normal 0.514246 0.857643 -0
    outer loop
      vertex 58.4667 28.4944 2
      vertex 58.2142 28.6458 6.4
      vertex 58.4667 28.4944 6.4
    endloop
  endfacet
  facet normal 0.514246 0.857643 0
    outer loop
      vertex 58.2142 28.6458 6.4
      vertex 58.4667 28.4944 2
      vertex 58.2142 28.6458 2
    endloop
  endfacet
  facet normal 0 0 1
    outer loop
      vertex 59.4458 27.4142 6.4
      vertex 59.6 27.0688 6.4
      vertex 59.5716 27.148 6.4
    endloop
  endfacet
  facet normal 0 0 1
    outer loop
      vertex 59.6 27.0688 6.4
      vertex 59.4458 27.4142 6.4
      vertex 59.6 24.9312 6.4
    endloop
  endfacet
  facet normal 0 0 1
    outer loop
      vertex 59.4458 24.5858 6.4
      vertex 59.6 24.9312 6.4
      vertex 59.4458 27.4142 6.4
    endloop
  endfacet
  facet normal 0 0 1
    outer loop
      vertex 59.6 24.9312 6.4
      vertex 59.4458 24.5858 6.4
      vertex 59.5716 24.8519 6.4
    endloop
  endfacet
  facet normal 0 0 1
    outer loop
      vertex 59.2944 27.6667 6.4
      vertex 59.4458 24.5858 6.4
      vertex 59.4458 27.4142 6.4
    endloop
  endfacet
  facet normal 0 0 1
    outer loop
      vertex 59.2944 27.6667 6.4
      vertex 59.2944 24.3333 6.4
      vertex 59.4458 24.5858 6.4
    endloop
  endfacet
  facet normal 0 0 1
    outer loop
      vertex 59.119 27.9032 6.4
      vertex 59.2944 24.3333 6.4
      vertex 59.2944 27.6667 6.4
    endloop
  endfacet
  facet normal 0 0 1
    outer loop
      vertex 59.119 27.9032 6.4
      vertex 59.119 24.0968 6.4
      vertex 59.2944 24.3333 6.4
    endloop
  endfacet
  facet normal 0 0 1
    outer loop
      vertex 58.9213 28.1213 6.4
      vertex 59.119 24.0968 6.4
      vertex 59.119 27.9032 6.4
    endloop
  endfacet
  facet normal 0 0 1
    outer loop
      vertex 58.9213 28.1213 6.4
      vertex 58.9213 23.8787 6.4
      vertex 59.119 24.0968 6.4
    endloop
  endfacet
  facet normal 0 0 1
    outer loop
      vertex 58.7032 28.319 6.4
      vertex 58.9213 23.8787 6.4
      vertex 58.9213 28.1213 6.4
    endloop
  endfacet
  facet normal 0 0 1
    outer loop
      vertex 58.7032 28.319 6.4
      vertex 58.7032 23.681 6.4
      vertex 58.9213 23.8787 6.4
    endloop
  endfacet
  facet normal 0 0 1
    outer loop
      vertex 58.4667 28.4944 6.4
      vertex 58.7032 23.681 6.4
      vertex 58.7032 28.319 6.4
    endloop
  endfacet
  facet normal 0 0 1
    outer loop
      vertex 58.4667 28.4944 6.4
      vertex 58.4667 23.5056 6.4
      vertex 58.7032 23.681 6.4
    endloop
  endfacet
  facet normal 0 0 1
    outer loop
      vertex 58.2142 28.6458 6.4
      vertex 58.4667 23.5056 6.4
      vertex 58.4667 28.4944 6.4
    endloop
  endfacet
  facet normal 0 0 1
    outer loop
      vertex 58.2142 28.6458 6.4
      vertex 58.2142 23.3542 6.4
      vertex 58.4667 23.5056 6.4
    endloop
  endfacet
  facet normal 0 0 1
    outer loop
      vertex 57.9481 28.7716 6.4
      vertex 58.2142 23.3542 6.4
      vertex 58.2142 28.6458 6.4
    endloop
  endfacet
  facet normal 0 0 1
    outer loop
      vertex 57.9481 28.7716 6.4
      vertex 57.9481 23.2284 6.4
      vertex 58.2142 23.3542 6.4
    endloop
  endfacet
  facet normal 0 0 1
    outer loop
      vertex 57.6709 28.8708 6.4
      vertex 57.9481 23.2284 6.4
      vertex 57.9481 28.7716 6.4
    endloop
  endfacet
  facet normal 0 0 1
    outer loop
      vertex 57.6709 28.8708 6.4
      vertex 57.6709 23.1292 6.4
      vertex 57.9481 23.2284 6.4
    endloop
  endfacet
  facet normal 0 0 1
    outer loop
      vertex 57.3853 28.9424 6.4
      vertex 57.6709 23.1292 6.4
      vertex 57.6709 28.8708 6.4
    endloop
  endfacet
  facet normal 0 0 1
    outer loop
      vertex 57.3853 28.9424 6.4
      vertex 57.3853 23.0576 6.4
      vertex 57.6709 23.1292 6.4
    endloop
  endfacet
  facet normal 0 0 1
    outer loop
      vertex 57.0941 28.9856 6.4
      vertex 57.3853 23.0576 6.4
      vertex 57.3853 28.9424 6.4
    endloop
  endfacet
  facet normal 0 0 1
    outer loop
      vertex 57.0941 28.9856 6.4
      vertex 57.0941 23.0144 6.4
      vertex 57.3853 23.0576 6.4
    endloop
  endfacet
  facet normal 0 0 1
    outer loop
      vertex 56.8 29 6.4
      vertex 57.0941 23.0144 6.4
      vertex 57.0941 28.9856 6.4
    endloop
  endfacet
  facet normal 0 0 1
    outer loop
      vertex 56.8 29 6.4
      vertex 56.8 23 6.4
      vertex 57.0941 23.0144 6.4
    endloop
  endfacet
  facet normal -0 0 1
    outer loop
      vertex 56.5059 28.9856 6.4
      vertex 56.8 23 6.4
      vertex 56.8 29 6.4
    endloop
  endfacet
  facet normal 0 0 1
    outer loop
      vertex 56.5059 28.9856 6.4
      vertex 56.5059 23.0144 6.4
      vertex 56.8 23 6.4
    endloop
  endfacet
  facet normal -0 0 1
    outer loop
      vertex 56.2147 28.9424 6.4
      vertex 56.5059 23.0144 6.4
      vertex 56.5059 28.9856 6.4
    endloop
  endfacet
  facet normal 0 0 1
    outer loop
      vertex 56.2147 28.9424 6.4
      vertex 56.2147 23.0576 6.4
      vertex 56.5059 23.0144 6.4
    endloop
  endfacet
  facet normal -0 0 1
    outer loop
      vertex 55.9291 28.8708 6.4
      vertex 56.2147 23.0576 6.4
      vertex 56.2147 28.9424 6.4
    endloop
  endfacet
  facet normal 0 0 1
    outer loop
      vertex 55.9291 28.8708 6.4
      vertex 55.9291 23.1292 6.4
      vertex 56.2147 23.0576 6.4
    endloop
  endfacet
  facet normal -0 0 1
    outer loop
      vertex 55.6519 28.7716 6.4
      vertex 55.9291 23.1292 6.4
      vertex 55.9291 28.8708 6.4
    endloop
  endfacet
  facet normal 0 0 1
    outer loop
      vertex 55.6519 28.7716 6.4
      vertex 55.6519 23.2284 6.4
      vertex 55.9291 23.1292 6.4
    endloop
  endfacet
  facet normal -0 0 1
    outer loop
      vertex 55.3858 28.6458 6.4
      vertex 55.6519 23.2284 6.4
      vertex 55.6519 28.7716 6.4
    endloop
  endfacet
  facet normal 0 0 1
    outer loop
      vertex 55.3858 28.6458 6.4
      vertex 55.3858 23.3542 6.4
      vertex 55.6519 23.2284 6.4
    endloop
  endfacet
  facet normal -0 0 1
    outer loop
      vertex 55.1333 28.4944 6.4
      vertex 55.3858 23.3542 6.4
      vertex 55.3858 28.6458 6.4
    endloop
  endfacet
  facet normal 0 0 1
    outer loop
      vertex 55.1333 28.4944 6.4
      vertex 55.1333 23.5056 6.4
      vertex 55.3858 23.3542 6.4
    endloop
  endfacet
  facet normal -0 0 1
    outer loop
      vertex 54.8968 28.319 6.4
      vertex 55.1333 23.5056 6.4
      vertex 55.1333 28.4944 6.4
    endloop
  endfacet
  facet normal 0 0 1
    outer loop
      vertex 54.8968 28.319 6.4
      vertex 54.8968 23.681 6.4
      vertex 55.1333 23.5056 6.4
    endloop
  endfacet
  facet normal -0 0 1
    outer loop
      vertex 54.6787 28.1213 6.4
      vertex 54.8968 23.681 6.4
      vertex 54.8968 28.319 6.4
    endloop
  endfacet
  facet normal 0 0 1
    outer loop
      vertex 54.6787 28.1213 6.4
      vertex 54.6787 23.8787 6.4
      vertex 54.8968 23.681 6.4
    endloop
  endfacet
  facet normal -0 0 1
    outer loop
      vertex 54.481 27.9032 6.4
      vertex 54.6787 23.8787 6.4
      vertex 54.6787 28.1213 6.4
    endloop
  endfacet
  facet normal 0 0 1
    outer loop
      vertex 54.481 27.9032 6.4
      vertex 54.481 24.0968 6.4
      vertex 54.6787 23.8787 6.4
    endloop
  endfacet
  facet normal -0 0 1
    outer loop
      vertex 54.3056 27.6667 6.4
      vertex 54.481 24.0968 6.4
      vertex 54.481 27.9032 6.4
    endloop
  endfacet
  facet normal 0 0 1
    outer loop
      vertex 54.3056 27.6667 6.4
      vertex 54.3056 24.3333 6.4
      vertex 54.481 24.0968 6.4
    endloop
  endfacet
  facet normal -0 0 1
    outer loop
      vertex 54.1542 27.4142 6.4
      vertex 54.3056 24.3333 6.4
      vertex 54.3056 27.6667 6.4
    endloop
  endfacet
  facet normal 0 0 1
    outer loop
      vertex 54.1542 27.4142 6.4
      vertex 54.1542 24.5858 6.4
      vertex 54.3056 24.3333 6.4
    endloop
  endfacet
  facet normal -0 0 1
    outer loop
      vertex 54.0284 27.148 6.4
      vertex 54.1542 24.5858 6.4
      vertex 54.1542 27.4142 6.4
    endloop
  endfacet
  facet normal 0 0 1
    outer loop
      vertex 54.0284 27.148 6.4
      vertex 54.0284 24.8519 6.4
      vertex 54.1542 24.5858 6.4
    endloop
  endfacet
  facet normal -0 0 1
    outer loop
      vertex 53.9292 26.8709 6.4
      vertex 54.0284 24.8519 6.4
      vertex 54.0284 27.148 6.4
    endloop
  endfacet
  facet normal 0 0 1
    outer loop
      vertex 53.9292 26.8709 6.4
      vertex 53.9292 25.1291 6.4
      vertex 54.0284 24.8519 6.4
    endloop
  endfacet
  facet normal -0 0 1
    outer loop
      vertex 53.8576 26.5853 6.4
      vertex 53.9292 25.1291 6.4
      vertex 53.9292 26.8709 6.4
    endloop
  endfacet
  facet normal 0 0 1
    outer loop
      vertex 53.8576 26.5853 6.4
      vertex 53.8576 25.4147 6.4
      vertex 53.9292 25.1291 6.4
    endloop
  endfacet
  facet normal -0 0 1
    outer loop
      vertex 53.8144 26.2941 6.4
      vertex 53.8576 25.4147 6.4
      vertex 53.8576 26.5853 6.4
    endloop
  endfacet
  facet normal 0 0 1
    outer loop
      vertex 53.8144 26.2941 6.4
      vertex 53.8144 25.7059 6.4
      vertex 53.8576 25.4147 6.4
    endloop
  endfacet
  facet normal 0 -0 1
    outer loop
      vertex 53.8144 25.7059 6.4
      vertex 53.8144 26.2941 6.4
      vertex 53.8 26 6.4
    endloop
  endfacet
  facet normal -0.243175 0.969982 0
    outer loop
      vertex 56.2147 28.9424 2
      vertex 55.9291 28.8708 6.4
      vertex 56.2147 28.9424 6.4
    endloop
  endfacet
  facet normal -0.243175 0.969982 0
    outer loop
      vertex 55.9291 28.8708 6.4
      vertex 56.2147 28.9424 2
      vertex 55.9291 28.8708 2
    endloop
  endfacet
  facet normal 0.0489044 -0.998803 0
    outer loop
      vertex 56.8 23 2
      vertex 57.0941 23.0144 6.4
      vertex 56.8 23 6.4
    endloop
  endfacet
  facet normal 0.0489044 -0.998803 0
    outer loop
      vertex 57.0941 23.0144 6.4
      vertex 56.8 23 2
      vertex 57.0941 23.0144 2
    endloop
  endfacet
  facet normal -0.336939 -0.941527 0
    outer loop
      vertex 55.6519 23.2284 2
      vertex 55.9291 23.1292 6.4
      vertex 55.6519 23.2284 6.4
    endloop
  endfacet
  facet normal -0.336939 -0.941527 -0
    outer loop
      vertex 55.9291 23.1292 6.4
      vertex 55.6519 23.2284 2
      vertex 55.9291 23.1292 2
    endloop
  endfacet
  facet normal -0.740908 -0.671607 0
    outer loop
      vertex 54.6787 23.8787 2
      vertex 54.481 24.0968 6.4
      vertex 54.481 24.0968 2
    endloop
  endfacet
  facet normal -0.740908 -0.671607 0
    outer loop
      vertex 54.481 24.0968 6.4
      vertex 54.6787 23.8787 2
      vertex 54.6787 23.8787 6.4
    endloop
  endfacet
  facet normal -0.904063 -0.4274 0
    outer loop
      vertex 54.1542 24.5858 2
      vertex 54.0284 24.8519 6.4
      vertex 54.0284 24.8519 2
    endloop
  endfacet
  facet normal -0.904063 -0.4274 0
    outer loop
      vertex 54.0284 24.8519 6.4
      vertex 54.1542 24.5858 2
      vertex 54.1542 24.5858 6.4
    endloop
  endfacet
  facet normal -0.969982 -0.243175 0
    outer loop
      vertex 53.9292 25.1291 2
      vertex 53.8576 25.4147 6.4
      vertex 53.8576 25.4147 2
    endloop
  endfacet
  facet normal -0.969982 -0.243175 0
    outer loop
      vertex 53.8576 25.4147 6.4
      vertex 53.9292 25.1291 2
      vertex 53.9292 25.1291 6.4
    endloop
  endfacet
  facet normal -0.998803 -0.0489044 0
    outer loop
      vertex 53.8144 25.7059 2
      vertex 53.8 26 6.4
      vertex 53.8 26 2
    endloop
  endfacet
  facet normal -0.998803 -0.0489044 0
    outer loop
      vertex 53.8 26 6.4
      vertex 53.8144 25.7059 2
      vertex 53.8144 25.7059 6.4
    endloop
  endfacet
  facet normal 0.941446 -0.337164 0
    outer loop
      vertex 59.5716 24.8519 6.4
      vertex 59.6 24.9312 2
      vertex 59.6 24.9312 6.4
    endloop
  endfacet
  facet normal 0.941446 -0.337164 0
    outer loop
      vertex 59.6 24.9312 2
      vertex 59.5716 24.8519 6.4
      vertex 59.5716 24.8519 2
    endloop
  endfacet
  facet normal 0.803208 -0.595699 0
    outer loop
      vertex 59.119 24.0968 6.4
      vertex 59.2944 24.3333 2
      vertex 59.2944 24.3333 6.4
    endloop
  endfacet
  facet normal 0.803208 -0.595699 0
    outer loop
      vertex 59.2944 24.3333 2
      vertex 59.119 24.0968 6.4
      vertex 59.119 24.0968 2
    endloop
  endfacet
  facet normal -0.243175 -0.969982 0
    outer loop
      vertex 55.9291 23.1292 2
      vertex 56.2147 23.0576 6.4
      vertex 55.9291 23.1292 6.4
    endloop
  endfacet
  facet normal -0.243175 -0.969982 -0
    outer loop
      vertex 56.2147 23.0576 6.4
      vertex 55.9291 23.1292 2
      vertex 56.2147 23.0576 2
    endloop
  endfacet
  facet normal -0.671607 -0.740908 0
    outer loop
      vertex 54.6787 23.8787 2
      vertex 54.8968 23.681 6.4
      vertex 54.6787 23.8787 6.4
    endloop
  endfacet
  facet normal -0.671607 -0.740908 -0
    outer loop
      vertex 54.8968 23.681 6.4
      vertex 54.6787 23.8787 2
      vertex 54.8968 23.681 2
    endloop
  endfacet
  facet normal -0.857643 -0.514246 0
    outer loop
      vertex 54.3056 24.3333 2
      vertex 54.1542 24.5858 6.4
      vertex 54.1542 24.5858 2
    endloop
  endfacet
  facet normal -0.857643 -0.514246 0
    outer loop
      vertex 54.1542 24.5858 6.4
      vertex 54.3056 24.3333 2
      vertex 54.3056 24.3333 6.4
    endloop
  endfacet
  facet normal -0.989174 -0.146746 0
    outer loop
      vertex 53.8576 25.4147 2
      vertex 53.8144 25.7059 6.4
      vertex 53.8144 25.7059 2
    endloop
  endfacet
  facet normal -0.989174 -0.146746 0
    outer loop
      vertex 53.8144 25.7059 6.4
      vertex 53.8576 25.4147 2
      vertex 53.8576 25.4147 6.4
    endloop
  endfacet
  facet normal 0.243175 -0.969982 0
    outer loop
      vertex 57.3853 23.0576 2
      vertex 57.6709 23.1292 6.4
      vertex 57.3853 23.0576 6.4
    endloop
  endfacet
  facet normal 0.243175 -0.969982 0
    outer loop
      vertex 57.6709 23.1292 6.4
      vertex 57.3853 23.0576 2
      vertex 57.6709 23.1292 2
    endloop
  endfacet
  facet normal 0.146746 -0.989174 0
    outer loop
      vertex 57.0941 23.0144 2
      vertex 57.3853 23.0576 6.4
      vertex 57.0941 23.0144 6.4
    endloop
  endfacet
  facet normal 0.146746 -0.989174 0
    outer loop
      vertex 57.3853 23.0576 6.4
      vertex 57.0941 23.0144 2
      vertex 57.3853 23.0576 2
    endloop
  endfacet
  facet normal 0.671607 -0.740908 0
    outer loop
      vertex 58.7032 23.681 2
      vertex 58.9213 23.8787 6.4
      vertex 58.7032 23.681 6.4
    endloop
  endfacet
  facet normal 0.671607 -0.740908 0
    outer loop
      vertex 58.9213 23.8787 6.4
      vertex 58.7032 23.681 2
      vertex 58.9213 23.8787 2
    endloop
  endfacet
  facet normal 0.595699 -0.803208 0
    outer loop
      vertex 58.4667 23.5056 2
      vertex 58.7032 23.681 6.4
      vertex 58.4667 23.5056 6.4
    endloop
  endfacet
  facet normal 0.595699 -0.803208 0
    outer loop
      vertex 58.7032 23.681 6.4
      vertex 58.4667 23.5056 2
      vertex 58.7032 23.681 2
    endloop
  endfacet
  facet normal 0.514246 -0.857643 0
    outer loop
      vertex 58.2142 23.3542 2
      vertex 58.4667 23.5056 6.4
      vertex 58.2142 23.3542 6.4
    endloop
  endfacet
  facet normal 0.514246 -0.857643 0
    outer loop
      vertex 58.4667 23.5056 6.4
      vertex 58.2142 23.3542 2
      vertex 58.4667 23.5056 2
    endloop
  endfacet
  facet normal 0.740908 -0.671607 0
    outer loop
      vertex 58.9213 23.8787 6.4
      vertex 59.119 24.0968 2
      vertex 59.119 24.0968 6.4
    endloop
  endfacet
  facet normal 0.740908 -0.671607 0
    outer loop
      vertex 59.119 24.0968 2
      vertex 58.9213 23.8787 6.4
      vertex 58.9213 23.8787 2
    endloop
  endfacet
  facet normal -0.146746 -0.989174 0
    outer loop
      vertex 56.2147 23.0576 2
      vertex 56.5059 23.0144 6.4
      vertex 56.2147 23.0576 6.4
    endloop
  endfacet
  facet normal -0.146746 -0.989174 -0
    outer loop
      vertex 56.5059 23.0144 6.4
      vertex 56.2147 23.0576 2
      vertex 56.5059 23.0144 2
    endloop
  endfacet
  facet normal -0.0489044 -0.998803 0
    outer loop
      vertex 56.5059 23.0144 2
      vertex 56.8 23 6.4
      vertex 56.5059 23.0144 6.4
    endloop
  endfacet
  facet normal -0.0489044 -0.998803 -0
    outer loop
      vertex 56.8 23 6.4
      vertex 56.5059 23.0144 2
      vertex 56.8 23 2
    endloop
  endfacet
  facet normal -0.514246 -0.857643 0
    outer loop
      vertex 55.1333 23.5056 2
      vertex 55.3858 23.3542 6.4
      vertex 55.1333 23.5056 6.4
    endloop
  endfacet
  facet normal -0.514246 -0.857643 -0
    outer loop
      vertex 55.3858 23.3542 6.4
      vertex 55.1333 23.5056 2
      vertex 55.3858 23.3542 2
    endloop
  endfacet
  facet normal -0.4274 -0.904063 0
    outer loop
      vertex 55.3858 23.3542 2
      vertex 55.6519 23.2284 6.4
      vertex 55.3858 23.3542 6.4
    endloop
  endfacet
  facet normal -0.4274 -0.904063 -0
    outer loop
      vertex 55.6519 23.2284 6.4
      vertex 55.3858 23.3542 2
      vertex 55.6519 23.2284 2
    endloop
  endfacet
  facet normal -0.595699 -0.803208 0
    outer loop
      vertex 54.8968 23.681 2
      vertex 55.1333 23.5056 6.4
      vertex 54.8968 23.681 6.4
    endloop
  endfacet
  facet normal -0.595699 -0.803208 -0
    outer loop
      vertex 55.1333 23.5056 6.4
      vertex 54.8968 23.681 2
      vertex 55.1333 23.5056 2
    endloop
  endfacet
  facet normal -0.998795 -0.0490756 0
    outer loop
      vertex 5.75 4.5 18.6
      vertex 5.74398 4.62252 30.6
      vertex 5.74398 4.62252 18.6
    endloop
  endfacet
  facet normal -0.998795 -0.0490756 0
    outer loop
      vertex 5.74398 4.62252 30.6
      vertex 5.75 4.5 18.6
      vertex 5.75 4.5 30.6
    endloop
  endfacet
  facet normal 0.0490756 -0.998795 0
    outer loop
      vertex 4.37748 5.74398 18.6
      vertex 4.5 5.75 30.6
      vertex 4.37748 5.74398 30.6
    endloop
  endfacet
  facet normal 0.0490756 -0.998795 0
    outer loop
      vertex 4.5 5.75 30.6
      vertex 4.37748 5.74398 18.6
      vertex 4.5 5.75 18.6
    endloop
  endfacet
  facet normal -0.0490756 0.998795 0
    outer loop
      vertex 4.62252 3.25602 18.6
      vertex 4.5 3.25 30.6
      vertex 4.62252 3.25602 30.6
    endloop
  endfacet
  facet normal -0.0490756 0.998795 0
    outer loop
      vertex 4.5 3.25 30.6
      vertex 4.62252 3.25602 18.6
      vertex 4.5 3.25 18.6
    endloop
  endfacet
  facet normal -0.671568 -0.740943 0
    outer loop
      vertex 5.29299 5.46626 18.6
      vertex 5.38388 5.38388 30.6
      vertex 5.29299 5.46626 30.6
    endloop
  endfacet
  facet normal -0.671568 -0.740943 -0
    outer loop
      vertex 5.38388 5.38388 30.6
      vertex 5.29299 5.46626 18.6
      vertex 5.38388 5.38388 18.6
    endloop
  endfacet
  facet normal 0.740943 -0.671568 0
    outer loop
      vertex 3.53374 5.29299 30.6
      vertex 3.61612 5.38388 18.6
      vertex 3.61612 5.38388 30.6
    endloop
  endfacet
  facet normal 0.740943 -0.671568 0
    outer loop
      vertex 3.61612 5.38388 18.6
      vertex 3.53374 5.29299 30.6
      vertex 3.53374 5.29299 18.6
    endloop
  endfacet
  facet normal 0.427543 -0.903995 0
    outer loop
      vertex 3.91075 5.6024 18.6
      vertex 4.02165 5.65485 30.6
      vertex 3.91075 5.6024 30.6
    endloop
  endfacet
  facet normal 0.427543 -0.903995 0
    outer loop
      vertex 4.02165 5.65485 30.6
      vertex 3.91075 5.6024 18.6
      vertex 4.02165 5.65485 18.6
    endloop
  endfacet
  facet normal -0.903995 -0.427543 0
    outer loop
      vertex 5.65485 4.97835 18.6
      vertex 5.6024 5.08925 30.6
      vertex 5.6024 5.08925 18.6
    endloop
  endfacet
  facet normal -0.903995 -0.427543 0
    outer loop
      vertex 5.6024 5.08925 30.6
      vertex 5.65485 4.97835 18.6
      vertex 5.65485 4.97835 30.6
    endloop
  endfacet
  facet normal -0.336842 -0.941561 0
    outer loop
      vertex 4.86285 5.69617 18.6
      vertex 4.97835 5.65485 30.6
      vertex 4.86285 5.69617 30.6
    endloop
  endfacet
  facet normal -0.336842 -0.941561 -0
    outer loop
      vertex 4.97835 5.65485 30.6
      vertex 4.86285 5.69617 18.6
      vertex 4.97835 5.65485 18.6
    endloop
  endfacet
  facet normal -0.5141 -0.85773 0
    outer loop
      vertex 5.08925 5.6024 18.6
      vertex 5.19446 5.53934 30.6
      vertex 5.08925 5.6024 30.6
    endloop
  endfacet
  facet normal -0.5141 -0.85773 -0
    outer loop
      vertex 5.19446 5.53934 30.6
      vertex 5.08925 5.6024 18.6
      vertex 5.19446 5.53934 18.6
    endloop
  endfacet
  facet normal 0.941535 -0.336915 0
    outer loop
      vertex 3.30382 4.86285 30.6
      vertex 3.34515 4.97835 18.6
      vertex 3.34515 4.97835 30.6
    endloop
  endfacet
  facet normal 0.941535 -0.336915 0
    outer loop
      vertex 3.34515 4.97835 18.6
      vertex 3.30382 4.86285 30.6
      vertex 3.30382 4.86285 18.6
    endloop
  endfacet
  facet normal 0.242996 -0.970027 0
    outer loop
      vertex 4.13714 5.69617 18.6
      vertex 4.25614 5.72598 30.6
      vertex 4.13714 5.69617 30.6
    endloop
  endfacet
  facet normal 0.242996 -0.970027 0
    outer loop
      vertex 4.25614 5.72598 30.6
      vertex 4.13714 5.69617 18.6
      vertex 4.25614 5.72598 18.6
    endloop
  endfacet
  facet normal -0.941552 0.336868 0
    outer loop
      vertex 5.65485 4.02165 18.6
      vertex 5.69617 4.13714 30.6
      vertex 5.69617 4.13714 18.6
    endloop
  endfacet
  facet normal -0.941552 0.336868 0
    outer loop
      vertex 5.69617 4.13714 30.6
      vertex 5.65485 4.02165 18.6
      vertex 5.65485 4.02165 30.6
    endloop
  endfacet
  facet normal -0.970022 -0.243015 0
    outer loop
      vertex 5.72598 4.74386 18.6
      vertex 5.69617 4.86285 30.6
      vertex 5.69617 4.86285 18.6
    endloop
  endfacet
  facet normal -0.970022 -0.243015 0
    outer loop
      vertex 5.69617 4.86285 30.6
      vertex 5.72598 4.74386 18.6
      vertex 5.72598 4.74386 30.6
    endloop
  endfacet
  facet normal -0.989175 -0.146738 0
    outer loop
      vertex 5.74398 4.62252 18.6
      vertex 5.72598 4.74386 30.6
      vertex 5.72598 4.74386 18.6
    endloop
  endfacet
  facet normal -0.989175 -0.146738 0
    outer loop
      vertex 5.72598 4.74386 30.6
      vertex 5.74398 4.62252 18.6
      vertex 5.74398 4.62252 30.6
    endloop
  endfacet
  facet normal -0.941561 -0.336842 0
    outer loop
      vertex 5.69617 4.86285 18.6
      vertex 5.65485 4.97835 30.6
      vertex 5.65485 4.97835 18.6
    endloop
  endfacet
  facet normal -0.941561 -0.336842 0
    outer loop
      vertex 5.65485 4.97835 30.6
      vertex 5.69617 4.86285 18.6
      vertex 5.69617 4.86285 30.6
    endloop
  endfacet
  facet normal -0.803187 -0.595727 0
    outer loop
      vertex 5.53934 5.19446 18.6
      vertex 5.46626 5.29299 30.6
      vertex 5.46626 5.29299 18.6
    endloop
  endfacet
  facet normal -0.803187 -0.595727 0
    outer loop
      vertex 5.46626 5.29299 30.6
      vertex 5.53934 5.19446 18.6
      vertex 5.53934 5.19446 30.6
    endloop
  endfacet
  facet normal -0.740943 -0.671568 0
    outer loop
      vertex 5.46626 5.29299 18.6
      vertex 5.38388 5.38388 30.6
      vertex 5.38388 5.38388 18.6
    endloop
  endfacet
  facet normal -0.740943 -0.671568 0
    outer loop
      vertex 5.38388 5.38388 30.6
      vertex 5.46626 5.29299 18.6
      vertex 5.46626 5.29299 30.6
    endloop
  endfacet
  facet normal -0.85773 -0.5141 0
    outer loop
      vertex 5.6024 5.08925 18.6
      vertex 5.53934 5.19446 30.6
      vertex 5.53934 5.19446 18.6
    endloop
  endfacet
  facet normal -0.85773 -0.5141 0
    outer loop
      vertex 5.53934 5.19446 30.6
      vertex 5.6024 5.08925 18.6
      vertex 5.6024 5.08925 30.6
    endloop
  endfacet
  facet normal -0.146738 -0.989175 0
    outer loop
      vertex 4.62252 5.74398 18.6
      vertex 4.74386 5.72598 30.6
      vertex 4.62252 5.74398 30.6
    endloop
  endfacet
  facet normal -0.146738 -0.989175 -0
    outer loop
      vertex 4.74386 5.72598 30.6
      vertex 4.62252 5.74398 18.6
      vertex 4.74386 5.72598 18.6
    endloop
  endfacet
  facet normal -0.243015 -0.970022 0
    outer loop
      vertex 4.74386 5.72598 18.6
      vertex 4.86285 5.69617 30.6
      vertex 4.74386 5.72598 30.6
    endloop
  endfacet
  facet normal -0.243015 -0.970022 -0
    outer loop
      vertex 4.86285 5.69617 30.6
      vertex 4.74386 5.72598 18.6
      vertex 4.86285 5.69617 18.6
    endloop
  endfacet
  facet normal -0.0490756 -0.998795 0
    outer loop
      vertex 4.5 5.75 18.6
      vertex 4.62252 5.74398 30.6
      vertex 4.5 5.75 30.6
    endloop
  endfacet
  facet normal -0.0490756 -0.998795 -0
    outer loop
      vertex 4.62252 5.74398 30.6
      vertex 4.5 5.75 18.6
      vertex 4.62252 5.74398 18.6
    endloop
  endfacet
  facet normal -0.427543 -0.903995 0
    outer loop
      vertex 4.97835 5.65485 18.6
      vertex 5.08925 5.6024 30.6
      vertex 4.97835 5.65485 30.6
    endloop
  endfacet
  facet normal -0.427543 -0.903995 -0
    outer loop
      vertex 5.08925 5.6024 30.6
      vertex 4.97835 5.65485 18.6
      vertex 5.08925 5.6024 18.6
    endloop
  endfacet
  facet normal -0.595727 -0.803187 0
    outer loop
      vertex 5.19446 5.53934 18.6
      vertex 5.29299 5.46626 30.6
      vertex 5.19446 5.53934 30.6
    endloop
  endfacet
  facet normal -0.595727 -0.803187 -0
    outer loop
      vertex 5.29299 5.46626 30.6
      vertex 5.19446 5.53934 18.6
      vertex 5.29299 5.46626 18.6
    endloop
  endfacet
  facet normal 0.989175 -0.146738 0
    outer loop
      vertex 3.25602 4.62252 30.6
      vertex 3.27402 4.74386 18.6
      vertex 3.27402 4.74386 30.6
    endloop
  endfacet
  facet normal 0.989175 -0.146738 0
    outer loop
      vertex 3.27402 4.74386 18.6
      vertex 3.25602 4.62252 30.6
      vertex 3.25602 4.62252 18.6
    endloop
  endfacet
  facet normal 0 0 1
    outer loop
      vertex 5.74398 4.62252 18.6
      vertex 5.74398 4.37748 18.6
      vertex 5.75 4.5 18.6
    endloop
  endfacet
  facet normal 0 0 1
    outer loop
      vertex 5.72598 4.74386 18.6
      vertex 5.74398 4.37748 18.6
      vertex 5.74398 4.62252 18.6
    endloop
  endfacet
  facet normal 0 0 1
    outer loop
      vertex 5.72598 4.74386 18.6
      vertex 5.72598 4.25614 18.6
      vertex 5.74398 4.37748 18.6
    endloop
  endfacet
  facet normal 0 0 1
    outer loop
      vertex 5.69617 4.86285 18.6
      vertex 5.72598 4.25614 18.6
      vertex 5.72598 4.74386 18.6
    endloop
  endfacet
  facet normal 0 0 1
    outer loop
      vertex 5.69617 4.86285 18.6
      vertex 5.69617 4.13714 18.6
      vertex 5.72598 4.25614 18.6
    endloop
  endfacet
  facet normal 0 0 1
    outer loop
      vertex 5.65485 4.97835 18.6
      vertex 5.69617 4.13714 18.6
      vertex 5.69617 4.86285 18.6
    endloop
  endfacet
  facet normal 0 0 1
    outer loop
      vertex 5.65485 4.97835 18.6
      vertex 5.65485 4.02165 18.6
      vertex 5.69617 4.13714 18.6
    endloop
  endfacet
  facet normal 0 0 1
    outer loop
      vertex 5.6024 5.08925 18.6
      vertex 5.65485 4.02165 18.6
      vertex 5.65485 4.97835 18.6
    endloop
  endfacet
  facet normal 0 0 1
    outer loop
      vertex 5.6024 5.08925 18.6
      vertex 5.6024 3.91075 18.6
      vertex 5.65485 4.02165 18.6
    endloop
  endfacet
  facet normal 0 0 1
    outer loop
      vertex 5.53934 5.19446 18.6
      vertex 5.6024 3.91075 18.6
      vertex 5.6024 5.08925 18.6
    endloop
  endfacet
  facet normal 0 0 1
    outer loop
      vertex 5.53934 5.19446 18.6
      vertex 5.53934 3.80554 18.6
      vertex 5.6024 3.91075 18.6
    endloop
  endfacet
  facet normal 0 0 1
    outer loop
      vertex 5.46626 5.29299 18.6
      vertex 5.53934 3.80554 18.6
      vertex 5.53934 5.19446 18.6
    endloop
  endfacet
  facet normal 0 0 1
    outer loop
      vertex 5.46626 5.29299 18.6
      vertex 5.46626 3.70701 18.6
      vertex 5.53934 3.80554 18.6
    endloop
  endfacet
  facet normal 0 0 1
    outer loop
      vertex 5.38388 5.38388 18.6
      vertex 5.46626 3.70701 18.6
      vertex 5.46626 5.29299 18.6
    endloop
  endfacet
  facet normal 0 0 1
    outer loop
      vertex 5.38388 5.38388 18.6
      vertex 5.38388 3.61612 18.6
      vertex 5.46626 3.70701 18.6
    endloop
  endfacet
  facet normal 0 0 1
    outer loop
      vertex 5.29299 5.46626 18.6
      vertex 5.38388 3.61612 18.6
      vertex 5.38388 5.38388 18.6
    endloop
  endfacet
  facet normal 0 0 1
    outer loop
      vertex 5.29299 5.46626 18.6
      vertex 5.29299 3.53374 18.6
      vertex 5.38388 3.61612 18.6
    endloop
  endfacet
  facet normal 0 0 1
    outer loop
      vertex 5.19446 5.53934 18.6
      vertex 5.29299 3.53374 18.6
      vertex 5.29299 5.46626 18.6
    endloop
  endfacet
  facet normal 0 0 1
    outer loop
      vertex 5.19446 5.53934 18.6
      vertex 5.19446 3.46066 18.6
      vertex 5.29299 3.53374 18.6
    endloop
  endfacet
  facet normal 0 0 1
    outer loop
      vertex 5.08925 5.6024 18.6
      vertex 5.19446 3.46066 18.6
      vertex 5.19446 5.53934 18.6
    endloop
  endfacet
  facet normal 0 0 1
    outer loop
      vertex 5.08925 5.6024 18.6
      vertex 5.08925 3.3976 18.6
      vertex 5.19446 3.46066 18.6
    endloop
  endfacet
  facet normal 0 0 1
    outer loop
      vertex 4.97835 5.65485 18.6
      vertex 5.08925 3.3976 18.6
      vertex 5.08925 5.6024 18.6
    endloop
  endfacet
  facet normal 0 0 1
    outer loop
      vertex 4.97835 5.65485 18.6
      vertex 4.97835 3.34515 18.6
      vertex 5.08925 3.3976 18.6
    endloop
  endfacet
  facet normal 0 0 1
    outer loop
      vertex 4.86285 5.69617 18.6
      vertex 4.97835 3.34515 18.6
      vertex 4.97835 5.65485 18.6
    endloop
  endfacet
  facet normal 0 0 1
    outer loop
      vertex 4.86285 5.69617 18.6
      vertex 4.86285 3.30382 18.6
      vertex 4.97835 3.34515 18.6
    endloop
  endfacet
  facet normal 0 0 1
    outer loop
      vertex 4.74386 5.72598 18.6
      vertex 4.86285 3.30382 18.6
      vertex 4.86285 5.69617 18.6
    endloop
  endfacet
  facet normal 0 0 1
    outer loop
      vertex 4.74386 5.72598 18.6
      vertex 4.74386 3.27402 18.6
      vertex 4.86285 3.30382 18.6
    endloop
  endfacet
  facet normal 0 0 1
    outer loop
      vertex 4.62252 5.74398 18.6
      vertex 4.74386 3.27402 18.6
      vertex 4.74386 5.72598 18.6
    endloop
  endfacet
  facet normal 0 0 1
    outer loop
      vertex 4.62252 5.74398 18.6
      vertex 4.62252 3.25602 18.6
      vertex 4.74386 3.27402 18.6
    endloop
  endfacet
  facet normal 0 0 1
    outer loop
      vertex 4.5 5.75 18.6
      vertex 4.62252 3.25602 18.6
      vertex 4.62252 5.74398 18.6
    endloop
  endfacet
  facet normal 0 0 1
    outer loop
      vertex 4.5 5.75 18.6
      vertex 4.5 3.25 18.6
      vertex 4.62252 3.25602 18.6
    endloop
  endfacet
  facet normal -0 0 1
    outer loop
      vertex 4.37748 5.74398 18.6
      vertex 4.5 3.25 18.6
      vertex 4.5 5.75 18.6
    endloop
  endfacet
  facet normal 0 0 1
    outer loop
      vertex 4.37748 5.74398 18.6
      vertex 4.37748 3.25602 18.6
      vertex 4.5 3.25 18.6
    endloop
  endfacet
  facet normal -0 0 1
    outer loop
      vertex 4.25614 5.72598 18.6
      vertex 4.37748 3.25602 18.6
      vertex 4.37748 5.74398 18.6
    endloop
  endfacet
  facet normal 0 0 1
    outer loop
      vertex 4.25614 5.72598 18.6
      vertex 4.25614 3.27402 18.6
      vertex 4.37748 3.25602 18.6
    endloop
  endfacet
  facet normal -0 0 1
    outer loop
      vertex 4.13714 5.69617 18.6
      vertex 4.25614 3.27402 18.6
      vertex 4.25614 5.72598 18.6
    endloop
  endfacet
  facet normal 0 0 1
    outer loop
      vertex 4.13714 5.69617 18.6
      vertex 4.13714 3.30382 18.6
      vertex 4.25614 3.27402 18.6
    endloop
  endfacet
  facet normal -0 0 1
    outer loop
      vertex 4.02165 5.65485 18.6
      vertex 4.13714 3.30382 18.6
      vertex 4.13714 5.69617 18.6
    endloop
  endfacet
  facet normal 0 0 1
    outer loop
      vertex 4.02165 5.65485 18.6
      vertex 4.02165 3.34515 18.6
      vertex 4.13714 3.30382 18.6
    endloop
  endfacet
  facet normal -0 0 1
    outer loop
      vertex 3.91075 5.6024 18.6
      vertex 4.02165 3.34515 18.6
      vertex 4.02165 5.65485 18.6
    endloop
  endfacet
  facet normal 0 0 1
    outer loop
      vertex 3.91075 5.6024 18.6
      vertex 3.91075 3.3976 18.6
      vertex 4.02165 3.34515 18.6
    endloop
  endfacet
  facet normal -0 0 1
    outer loop
      vertex 3.80554 5.53934 18.6
      vertex 3.91075 3.3976 18.6
      vertex 3.91075 5.6024 18.6
    endloop
  endfacet
  facet normal 0 0 1
    outer loop
      vertex 3.80554 5.53934 18.6
      vertex 3.80554 3.46066 18.6
      vertex 3.91075 3.3976 18.6
    endloop
  endfacet
  facet normal -0 0 1
    outer loop
      vertex 3.70701 5.46626 18.6
      vertex 3.80554 3.46066 18.6
      vertex 3.80554 5.53934 18.6
    endloop
  endfacet
  facet normal 0 0 1
    outer loop
      vertex 3.70701 5.46626 18.6
      vertex 3.70701 3.53374 18.6
      vertex 3.80554 3.46066 18.6
    endloop
  endfacet
  facet normal -0 0 1
    outer loop
      vertex 3.61612 5.38388 18.6
      vertex 3.70701 3.53374 18.6
      vertex 3.70701 5.46626 18.6
    endloop
  endfacet
  facet normal 0 0 1
    outer loop
      vertex 3.61612 5.38388 18.6
      vertex 3.61612 3.61612 18.6
      vertex 3.70701 3.53374 18.6
    endloop
  endfacet
  facet normal -0 0 1
    outer loop
      vertex 3.53374 5.29299 18.6
      vertex 3.61612 3.61612 18.6
      vertex 3.61612 5.38388 18.6
    endloop
  endfacet
  facet normal 0 0 1
    outer loop
      vertex 3.53374 5.29299 18.6
      vertex 3.53374 3.70701 18.6
      vertex 3.61612 3.61612 18.6
    endloop
  endfacet
  facet normal -0 0 1
    outer loop
      vertex 3.46066 5.19446 18.6
      vertex 3.53374 3.70701 18.6
      vertex 3.53374 5.29299 18.6
    endloop
  endfacet
  facet normal 0 0 1
    outer loop
      vertex 3.46066 5.19446 18.6
      vertex 3.46066 3.80554 18.6
      vertex 3.53374 3.70701 18.6
    endloop
  endfacet
  facet normal -0 0 1
    outer loop
      vertex 3.3976 5.08925 18.6
      vertex 3.46066 3.80554 18.6
      vertex 3.46066 5.19446 18.6
    endloop
  endfacet
  facet normal 0 0 1
    outer loop
      vertex 3.3976 5.08925 18.6
      vertex 3.3976 3.91075 18.6
      vertex 3.46066 3.80554 18.6
    endloop
  endfacet
  facet normal -0 0 1
    outer loop
      vertex 3.34515 4.97835 18.6
      vertex 3.3976 3.91075 18.6
      vertex 3.3976 5.08925 18.6
    endloop
  endfacet
  facet normal 0 0 1
    outer loop
      vertex 3.34515 4.97835 18.6
      vertex 3.34515 4.02165 18.6
      vertex 3.3976 3.91075 18.6
    endloop
  endfacet
  facet normal -0 0 1
    outer loop
      vertex 3.30382 4.86285 18.6
      vertex 3.34515 4.02165 18.6
      vertex 3.34515 4.97835 18.6
    endloop
  endfacet
  facet normal 0 0 1
    outer loop
      vertex 3.30382 4.86285 18.6
      vertex 3.30382 4.13714 18.6
      vertex 3.34515 4.02165 18.6
    endloop
  endfacet
  facet normal -0 0 1
    outer loop
      vertex 3.27402 4.74386 18.6
      vertex 3.30382 4.13714 18.6
      vertex 3.30382 4.86285 18.6
    endloop
  endfacet
  facet normal 0 0 1
    outer loop
      vertex 3.27402 4.74386 18.6
      vertex 3.27402 4.25614 18.6
      vertex 3.30382 4.13714 18.6
    endloop
  endfacet
  facet normal -0 0 1
    outer loop
      vertex 3.25602 4.62252 18.6
      vertex 3.27402 4.25614 18.6
      vertex 3.27402 4.74386 18.6
    endloop
  endfacet
  facet normal 0 0 1
    outer loop
      vertex 3.25602 4.62252 18.6
      vertex 3.25602 4.37748 18.6
      vertex 3.27402 4.25614 18.6
    endloop
  endfacet
  facet normal 0 -0 1
    outer loop
      vertex 3.25602 4.37748 18.6
      vertex 3.25602 4.62252 18.6
      vertex 3.25 4.5 18.6
    endloop
  endfacet
  facet normal 0.85773 -0.5141 0
    outer loop
      vertex 3.3976 5.08925 30.6
      vertex 3.46066 5.19446 18.6
      vertex 3.46066 5.19446 30.6
    endloop
  endfacet
  facet normal 0.85773 -0.5141 0
    outer loop
      vertex 3.46066 5.19446 18.6
      vertex 3.3976 5.08925 30.6
      vertex 3.3976 5.08925 18.6
    endloop
  endfacet
  facet normal 0.803187 -0.595727 0
    outer loop
      vertex 3.46066 5.19446 30.6
      vertex 3.53374 5.29299 18.6
      vertex 3.53374 5.29299 30.6
    endloop
  endfacet
  facet normal 0.803187 -0.595727 0
    outer loop
      vertex 3.53374 5.29299 18.6
      vertex 3.46066 5.19446 30.6
      vertex 3.46066 5.19446 18.6
    endloop
  endfacet
  facet normal 0.903995 -0.427543 0
    outer loop
      vertex 3.34515 4.97835 30.6
      vertex 3.3976 5.08925 18.6
      vertex 3.3976 5.08925 30.6
    endloop
  endfacet
  facet normal 0.903995 -0.427543 0
    outer loop
      vertex 3.3976 5.08925 18.6
      vertex 3.34515 4.97835 30.6
      vertex 3.34515 4.97835 18.6
    endloop
  endfacet
  facet normal 0.970042 -0.242938 0
    outer loop
      vertex 3.27402 4.74386 30.6
      vertex 3.30382 4.86285 18.6
      vertex 3.30382 4.86285 30.6
    endloop
  endfacet
  facet normal 0.970042 -0.242938 0
    outer loop
      vertex 3.30382 4.86285 18.6
      vertex 3.27402 4.74386 30.6
      vertex 3.27402 4.74386 18.6
    endloop
  endfacet
  facet normal 0.998795 -0.0490756 0
    outer loop
      vertex 3.25 4.5 30.6
      vertex 3.25602 4.62252 18.6
      vertex 3.25602 4.62252 30.6
    endloop
  endfacet
  facet normal 0.998795 -0.0490756 0
    outer loop
      vertex 3.25602 4.62252 18.6
      vertex 3.25 4.5 30.6
      vertex 3.25 4.5 18.6
    endloop
  endfacet
  facet normal 0.595727 -0.803187 0
    outer loop
      vertex 3.70701 5.46626 18.6
      vertex 3.80554 5.53934 30.6
      vertex 3.70701 5.46626 30.6
    endloop
  endfacet
  facet normal 0.595727 -0.803187 0
    outer loop
      vertex 3.80554 5.53934 30.6
      vertex 3.70701 5.46626 18.6
      vertex 3.80554 5.53934 18.6
    endloop
  endfacet
  facet normal 0.5141 -0.85773 0
    outer loop
      vertex 3.80554 5.53934 18.6
      vertex 3.91075 5.6024 30.6
      vertex 3.80554 5.53934 30.6
    endloop
  endfacet
  facet normal 0.5141 -0.85773 0
    outer loop
      vertex 3.91075 5.6024 30.6
      vertex 3.80554 5.53934 18.6
      vertex 3.91075 5.6024 18.6
    endloop
  endfacet
  facet normal 0.671568 -0.740943 0
    outer loop
      vertex 3.61612 5.38388 18.6
      vertex 3.70701 5.46626 30.6
      vertex 3.61612 5.38388 30.6
    endloop
  endfacet
  facet normal 0.671568 -0.740943 0
    outer loop
      vertex 3.70701 5.46626 30.6
      vertex 3.61612 5.38388 18.6
      vertex 3.70701 5.46626 18.6
    endloop
  endfacet
  facet normal 0.336868 -0.941552 0
    outer loop
      vertex 4.02165 5.65485 18.6
      vertex 4.13714 5.69617 30.6
      vertex 4.02165 5.65485 30.6
    endloop
  endfacet
  facet normal 0.336868 -0.941552 0
    outer loop
      vertex 4.13714 5.69617 30.6
      vertex 4.02165 5.65485 18.6
      vertex 4.13714 5.69617 18.6
    endloop
  endfacet
  facet normal 0.146738 -0.989175 0
    outer loop
      vertex 4.25614 5.72598 18.6
      vertex 4.37748 5.74398 30.6
      vertex 4.25614 5.72598 30.6
    endloop
  endfacet
  facet normal 0.146738 -0.989175 0
    outer loop
      vertex 4.37748 5.74398 30.6
      vertex 4.25614 5.72598 18.6
      vertex 4.37748 5.74398 18.6
    endloop
  endfacet
  facet normal -0.146738 0.989175 0
    outer loop
      vertex 4.74386 3.27402 18.6
      vertex 4.62252 3.25602 30.6
      vertex 4.74386 3.27402 30.6
    endloop
  endfacet
  facet normal -0.146738 0.989175 0
    outer loop
      vertex 4.62252 3.25602 30.6
      vertex 4.74386 3.27402 18.6
      vertex 4.62252 3.25602 18.6
    endloop
  endfacet
  facet normal -0.336915 0.941535 0
    outer loop
      vertex 4.97835 3.34515 18.6
      vertex 4.86285 3.30382 30.6
      vertex 4.97835 3.34515 30.6
    endloop
  endfacet
  facet normal -0.336915 0.941535 0
    outer loop
      vertex 4.86285 3.30382 30.6
      vertex 4.97835 3.34515 18.6
      vertex 4.86285 3.30382 18.6
    endloop
  endfacet
  facet normal -0.671568 0.740943 0
    outer loop
      vertex 5.38388 3.61612 18.6
      vertex 5.29299 3.53374 30.6
      vertex 5.38388 3.61612 30.6
    endloop
  endfacet
  facet normal -0.671568 0.740943 0
    outer loop
      vertex 5.29299 3.53374 30.6
      vertex 5.38388 3.61612 18.6
      vertex 5.29299 3.53374 18.6
    endloop
  endfacet
  facet normal -0.5141 0.85773 0
    outer loop
      vertex 5.19446 3.46066 18.6
      vertex 5.08925 3.3976 30.6
      vertex 5.19446 3.46066 30.6
    endloop
  endfacet
  facet normal -0.5141 0.85773 0
    outer loop
      vertex 5.08925 3.3976 30.6
      vertex 5.19446 3.46066 18.6
      vertex 5.08925 3.3976 18.6
    endloop
  endfacet
  facet normal -0.803187 0.595727 0
    outer loop
      vertex 5.46626 3.70701 18.6
      vertex 5.53934 3.80554 30.6
      vertex 5.53934 3.80554 18.6
    endloop
  endfacet
  facet normal -0.803187 0.595727 0
    outer loop
      vertex 5.53934 3.80554 30.6
      vertex 5.46626 3.70701 18.6
      vertex 5.46626 3.70701 30.6
    endloop
  endfacet
  facet normal -0.903995 0.427543 0
    outer loop
      vertex 5.6024 3.91075 18.6
      vertex 5.65485 4.02165 30.6
      vertex 5.65485 4.02165 18.6
    endloop
  endfacet
  facet normal -0.903995 0.427543 0
    outer loop
      vertex 5.65485 4.02165 30.6
      vertex 5.6024 3.91075 18.6
      vertex 5.6024 3.91075 30.6
    endloop
  endfacet
  facet normal 0.595727 0.803187 -0
    outer loop
      vertex 3.80554 3.46066 18.6
      vertex 3.70701 3.53374 30.6
      vertex 3.80554 3.46066 30.6
    endloop
  endfacet
  facet normal 0.595727 0.803187 0
    outer loop
      vertex 3.70701 3.53374 30.6
      vertex 3.80554 3.46066 18.6
      vertex 3.70701 3.53374 18.6
    endloop
  endfacet
  facet normal 0.427543 0.903995 -0
    outer loop
      vertex 4.02165 3.34515 18.6
      vertex 3.91075 3.3976 30.6
      vertex 4.02165 3.34515 30.6
    endloop
  endfacet
  facet normal 0.427543 0.903995 0
    outer loop
      vertex 3.91075 3.3976 30.6
      vertex 4.02165 3.34515 18.6
      vertex 3.91075 3.3976 18.6
    endloop
  endfacet
  facet normal 0.242919 0.970047 -0
    outer loop
      vertex 4.25614 3.27402 18.6
      vertex 4.13714 3.30382 30.6
      vertex 4.25614 3.27402 30.6
    endloop
  endfacet
  facet normal 0.242919 0.970047 0
    outer loop
      vertex 4.13714 3.30382 30.6
      vertex 4.25614 3.27402 18.6
      vertex 4.13714 3.30382 18.6
    endloop
  endfacet
  facet normal 0.0490756 0.998795 -0
    outer loop
      vertex 4.5 3.25 18.6
      vertex 4.37748 3.25602 30.6
      vertex 4.5 3.25 30.6
    endloop
  endfacet
  facet normal 0.0490756 0.998795 0
    outer loop
      vertex 4.37748 3.25602 30.6
      vertex 4.5 3.25 18.6
      vertex 4.37748 3.25602 18.6
    endloop
  endfacet
  facet normal 0.803187 0.595727 0
    outer loop
      vertex 3.53374 3.70701 30.6
      vertex 3.46066 3.80554 18.6
      vertex 3.46066 3.80554 30.6
    endloop
  endfacet
  facet normal 0.803187 0.595727 0
    outer loop
      vertex 3.46066 3.80554 18.6
      vertex 3.53374 3.70701 30.6
      vertex 3.53374 3.70701 18.6
    endloop
  endfacet
  facet normal 0.85773 0.5141 0
    outer loop
      vertex 3.46066 3.80554 30.6
      vertex 3.3976 3.91075 18.6
      vertex 3.3976 3.91075 30.6
    endloop
  endfacet
  facet normal 0.85773 0.5141 0
    outer loop
      vertex 3.3976 3.91075 18.6
      vertex 3.46066 3.80554 30.6
      vertex 3.46066 3.80554 18.6
    endloop
  endfacet
  facet normal 0.740943 0.671568 0
    outer loop
      vertex 3.61612 3.61612 30.6
      vertex 3.53374 3.70701 18.6
      vertex 3.53374 3.70701 30.6
    endloop
  endfacet
  facet normal 0.740943 0.671568 0
    outer loop
      vertex 3.53374 3.70701 18.6
      vertex 3.61612 3.61612 30.6
      vertex 3.61612 3.61612 18.6
    endloop
  endfacet
  facet normal 0.941526 0.336941 0
    outer loop
      vertex 3.34515 4.02165 30.6
      vertex 3.30382 4.13714 18.6
      vertex 3.30382 4.13714 30.6
    endloop
  endfacet
  facet normal 0.941526 0.336941 0
    outer loop
      vertex 3.30382 4.13714 18.6
      vertex 3.34515 4.02165 30.6
      vertex 3.34515 4.02165 18.6
    endloop
  endfacet
  facet normal 0.903995 0.427543 0
    outer loop
      vertex 3.3976 3.91075 30.6
      vertex 3.34515 4.02165 18.6
      vertex 3.34515 4.02165 30.6
    endloop
  endfacet
  facet normal 0.903995 0.427543 0
    outer loop
      vertex 3.34515 4.02165 18.6
      vertex 3.3976 3.91075 30.6
      vertex 3.3976 3.91075 18.6
    endloop
  endfacet
  facet normal 0.989175 0.146738 0
    outer loop
      vertex 3.27402 4.25614 30.6
      vertex 3.25602 4.37748 18.6
      vertex 3.25602 4.37748 30.6
    endloop
  endfacet
  facet normal 0.989175 0.146738 0
    outer loop
      vertex 3.25602 4.37748 18.6
      vertex 3.27402 4.25614 30.6
      vertex 3.27402 4.25614 18.6
    endloop
  endfacet
  facet normal 0.998795 0.0490756 0
    outer loop
      vertex 3.25602 4.37748 30.6
      vertex 3.25 4.5 18.6
      vertex 3.25 4.5 30.6
    endloop
  endfacet
  facet normal 0.998795 0.0490756 0
    outer loop
      vertex 3.25 4.5 18.6
      vertex 3.25602 4.37748 30.6
      vertex 3.25602 4.37748 18.6
    endloop
  endfacet
  facet normal -0.242938 0.970042 0
    outer loop
      vertex 4.86285 3.30382 18.6
      vertex 4.74386 3.27402 30.6
      vertex 4.86285 3.30382 30.6
    endloop
  endfacet
  facet normal -0.242938 0.970042 0
    outer loop
      vertex 4.74386 3.27402 30.6
      vertex 4.86285 3.30382 18.6
      vertex 4.74386 3.27402 18.6
    endloop
  endfacet
  facet normal -0.427543 0.903995 0
    outer loop
      vertex 5.08925 3.3976 18.6
      vertex 4.97835 3.34515 30.6
      vertex 5.08925 3.3976 30.6
    endloop
  endfacet
  facet normal -0.427543 0.903995 0
    outer loop
      vertex 4.97835 3.34515 30.6
      vertex 5.08925 3.3976 18.6
      vertex 4.97835 3.34515 18.6
    endloop
  endfacet
  facet normal -0.740943 0.671568 0
    outer loop
      vertex 5.38388 3.61612 18.6
      vertex 5.46626 3.70701 30.6
      vertex 5.46626 3.70701 18.6
    endloop
  endfacet
  facet normal -0.740943 0.671568 0
    outer loop
      vertex 5.46626 3.70701 30.6
      vertex 5.38388 3.61612 18.6
      vertex 5.38388 3.61612 30.6
    endloop
  endfacet
  facet normal -0.595727 0.803187 0
    outer loop
      vertex 5.29299 3.53374 18.6
      vertex 5.19446 3.46066 30.6
      vertex 5.29299 3.53374 30.6
    endloop
  endfacet
  facet normal -0.595727 0.803187 0
    outer loop
      vertex 5.19446 3.46066 30.6
      vertex 5.29299 3.53374 18.6
      vertex 5.19446 3.46066 18.6
    endloop
  endfacet
  facet normal -0.85773 0.5141 0
    outer loop
      vertex 5.53934 3.80554 18.6
      vertex 5.6024 3.91075 30.6
      vertex 5.6024 3.91075 18.6
    endloop
  endfacet
  facet normal -0.85773 0.5141 0
    outer loop
      vertex 5.6024 3.91075 30.6
      vertex 5.53934 3.80554 18.6
      vertex 5.53934 3.80554 30.6
    endloop
  endfacet
  facet normal -0.989175 0.146738 0
    outer loop
      vertex 5.72598 4.25614 18.6
      vertex 5.74398 4.37748 30.6
      vertex 5.74398 4.37748 18.6
    endloop
  endfacet
  facet normal -0.989175 0.146738 0
    outer loop
      vertex 5.74398 4.37748 30.6
      vertex 5.72598 4.25614 18.6
      vertex 5.72598 4.25614 30.6
    endloop
  endfacet
  facet normal -0.970027 0.242996 0
    outer loop
      vertex 5.69617 4.13714 18.6
      vertex 5.72598 4.25614 30.6
      vertex 5.72598 4.25614 18.6
    endloop
  endfacet
  facet normal -0.970027 0.242996 0
    outer loop
      vertex 5.72598 4.25614 30.6
      vertex 5.69617 4.13714 18.6
      vertex 5.69617 4.13714 30.6
    endloop
  endfacet
  facet normal -0.998795 0.0490756 0
    outer loop
      vertex 5.74398 4.37748 18.6
      vertex 5.75 4.5 30.6
      vertex 5.75 4.5 18.6
    endloop
  endfacet
  facet normal -0.998795 0.0490756 0
    outer loop
      vertex 5.75 4.5 30.6
      vertex 5.74398 4.37748 18.6
      vertex 5.74398 4.37748 30.6
    endloop
  endfacet
  facet normal 0.5141 0.85773 -0
    outer loop
      vertex 3.91075 3.3976 18.6
      vertex 3.80554 3.46066 30.6
      vertex 3.91075 3.3976 30.6
    endloop
  endfacet
  facet normal 0.5141 0.85773 0
    outer loop
      vertex 3.80554 3.46066 30.6
      vertex 3.91075 3.3976 18.6
      vertex 3.80554 3.46066 18.6
    endloop
  endfacet
  facet normal 0.336941 0.941526 -0
    outer loop
      vertex 4.13714 3.30382 18.6
      vertex 4.02165 3.34515 30.6
      vertex 4.13714 3.30382 30.6
    endloop
  endfacet
  facet normal 0.336941 0.941526 0
    outer loop
      vertex 4.02165 3.34515 30.6
      vertex 4.13714 3.30382 18.6
      vertex 4.02165 3.34515 18.6
    endloop
  endfacet
  facet normal 0.146738 0.989175 -0
    outer loop
      vertex 4.37748 3.25602 18.6
      vertex 4.25614 3.27402 30.6
      vertex 4.37748 3.25602 30.6
    endloop
  endfacet
  facet normal 0.146738 0.989175 0
    outer loop
      vertex 4.25614 3.27402 30.6
      vertex 4.37748 3.25602 18.6
      vertex 4.25614 3.27402 18.6
    endloop
  endfacet
  facet normal 0.671568 0.740943 -0
    outer loop
      vertex 3.70701 3.53374 18.6
      vertex 3.61612 3.61612 30.6
      vertex 3.70701 3.53374 30.6
    endloop
  endfacet
  facet normal 0.671568 0.740943 0
    outer loop
      vertex 3.61612 3.61612 30.6
      vertex 3.70701 3.53374 18.6
      vertex 3.61612 3.61612 18.6
    endloop
  endfacet
  facet normal 0.970047 0.242919 0
    outer loop
      vertex 3.30382 4.13714 30.6
      vertex 3.27402 4.25614 18.6
      vertex 3.27402 4.25614 30.6
    endloop
  endfacet
  facet normal 0.970047 0.242919 0
    outer loop
      vertex 3.27402 4.25614 18.6
      vertex 3.30382 4.13714 30.6
      vertex 3.30382 4.13714 18.6
    endloop
  endfacet
  facet normal -0.998803 -0.048913 0
    outer loop
      vertex 58.75 4.5 18.6
      vertex 58.744 4.62252 30.6
      vertex 58.744 4.62252 18.6
    endloop
  endfacet
  facet normal -0.998803 -0.048913 0
    outer loop
      vertex 58.744 4.62252 30.6
      vertex 58.75 4.5 18.6
      vertex 58.75 4.5 30.6
    endloop
  endfacet
  facet normal 0.0490836 -0.998795 0
    outer loop
      vertex 57.3775 5.74398 18.6
      vertex 57.5 5.75 30.6
      vertex 57.3775 5.74398 30.6
    endloop
  endfacet
  facet normal 0.0490836 -0.998795 0
    outer loop
      vertex 57.5 5.75 30.6
      vertex 57.3775 5.74398 18.6
      vertex 57.5 5.75 18.6
    endloop
  endfacet
  facet normal -0.671528 -0.740979 0
    outer loop
      vertex 58.293 5.46626 18.6
      vertex 58.3839 5.38388 30.6
      vertex 58.293 5.46626 30.6
    endloop
  endfacet
  facet normal -0.671528 -0.740979 -0
    outer loop
      vertex 58.3839 5.38388 30.6
      vertex 58.293 5.46626 18.6
      vertex 58.3839 5.38388 18.6
    endloop
  endfacet
  facet normal 0.740861 -0.671658 0
    outer loop
      vertex 56.5337 5.29299 30.6
      vertex 56.6161 5.38388 18.6
      vertex 56.6161 5.38388 30.6
    endloop
  endfacet
  facet normal 0.740861 -0.671658 0
    outer loop
      vertex 56.6161 5.38388 18.6
      vertex 56.5337 5.29299 30.6
      vertex 56.5337 5.29299 18.6
    endloop
  endfacet
  facet normal 0.427858 -0.903846 0
    outer loop
      vertex 56.9108 5.6024 18.6
      vertex 57.0216 5.65485 30.6
      vertex 56.9108 5.6024 30.6
    endloop
  endfacet
  facet normal 0.427858 -0.903846 0
    outer loop
      vertex 57.0216 5.65485 30.6
      vertex 56.9108 5.6024 18.6
      vertex 57.0216 5.65485 18.6
    endloop
  endfacet
  facet normal -0.903837 -0.427876 0
    outer loop
      vertex 58.6549 4.97835 18.6
      vertex 58.6024 5.08925 30.6
      vertex 58.6024 5.08925 18.6
    endloop
  endfacet
  facet normal -0.903837 -0.427876 0
    outer loop
      vertex 58.6024 5.08925 30.6
      vertex 58.6549 4.97835 18.6
      vertex 58.6549 4.97835 30.6
    endloop
  endfacet
  facet normal -0.336842 -0.941561 0
    outer loop
      vertex 57.8629 5.69617 18.6
      vertex 57.9784 5.65485 30.6
      vertex 57.8629 5.69617 30.6
    endloop
  endfacet
  facet normal -0.336842 -0.941561 -0
    outer loop
      vertex 57.9784 5.65485 30.6
      vertex 57.8629 5.69617 18.6
      vertex 57.9784 5.65485 18.6
    endloop
  endfacet
  facet normal -0.513777 -0.857924 0
    outer loop
      vertex 58.0892 5.6024 18.6
      vertex 58.1945 5.53934 30.6
      vertex 58.0892 5.6024 30.6
    endloop
  endfacet
  facet normal -0.513777 -0.857924 -0
    outer loop
      vertex 58.1945 5.53934 30.6
      vertex 58.0892 5.6024 18.6
      vertex 58.1945 5.53934 18.6
    endloop
  endfacet
  facet normal 0.941613 -0.336698 0
    outer loop
      vertex 56.3038 4.86285 30.6
      vertex 56.3451 4.97835 18.6
      vertex 56.3451 4.97835 30.6
    endloop
  endfacet
  facet normal 0.941613 -0.336698 0
    outer loop
      vertex 56.3451 4.97835 18.6
      vertex 56.3038 4.86285 30.6
      vertex 56.3038 4.86285 18.6
    endloop
  endfacet
  facet normal 0.242996 -0.970027 0
    outer loop
      vertex 57.1371 5.69617 18.6
      vertex 57.2561 5.72598 30.6
      vertex 57.1371 5.69617 30.6
    endloop
  endfacet
  facet normal 0.242996 -0.970027 0
    outer loop
      vertex 57.2561 5.72598 30.6
      vertex 57.1371 5.69617 18.6
      vertex 57.2561 5.72598 18.6
    endloop
  endfacet
  facet normal -0.970047 0.242919 0
    outer loop
      vertex 58.6962 4.13714 18.6
      vertex 58.726 4.25614 30.6
      vertex 58.726 4.25614 18.6
    endloop
  endfacet
  facet normal -0.970047 0.242919 0
    outer loop
      vertex 58.726 4.25614 30.6
      vertex 58.6962 4.13714 18.6
      vertex 58.6962 4.13714 30.6
    endloop
  endfacet
  facet normal 0.671528 0.740979 -0
    outer loop
      vertex 56.707 3.53374 18.6
      vertex 56.6161 3.61612 30.6
      vertex 56.707 3.53374 30.6
    endloop
  endfacet
  facet normal 0.671528 0.740979 0
    outer loop
      vertex 56.6161 3.61612 30.6
      vertex 56.707 3.53374 18.6
      vertex 56.6161 3.61612 18.6
    endloop
  endfacet
  facet normal -0.970042 -0.242938 0
    outer loop
      vertex 58.726 4.74386 18.6
      vertex 58.6962 4.86285 30.6
      vertex 58.6962 4.86285 18.6
    endloop
  endfacet
  facet normal -0.970042 -0.242938 0
    outer loop
      vertex 58.6962 4.86285 30.6
      vertex 58.726 4.74386 18.6
      vertex 58.726 4.74386 30.6
    endloop
  endfacet
  facet normal -0.989175 -0.146738 0
    outer loop
      vertex 58.744 4.62252 18.6
      vertex 58.726 4.74386 30.6
      vertex 58.726 4.74386 18.6
    endloop
  endfacet
  facet normal -0.989175 -0.146738 0
    outer loop
      vertex 58.726 4.74386 30.6
      vertex 58.744 4.62252 18.6
      vertex 58.744 4.62252 30.6
    endloop
  endfacet
  facet normal -0.941613 -0.336698 0
    outer loop
      vertex 58.6962 4.86285 18.6
      vertex 58.6549 4.97835 30.6
      vertex 58.6549 4.97835 18.6
    endloop
  endfacet
  facet normal -0.941613 -0.336698 0
    outer loop
      vertex 58.6549 4.97835 30.6
      vertex 58.6962 4.86285 18.6
      vertex 58.6962 4.86285 30.6
    endloop
  endfacet
  facet normal -0.803499 -0.595306 0
    outer loop
      vertex 58.5393 5.19446 18.6
      vertex 58.4663 5.29299 30.6
      vertex 58.4663 5.29299 18.6
    endloop
  endfacet
  facet normal -0.803499 -0.595306 0
    outer loop
      vertex 58.4663 5.29299 30.6
      vertex 58.5393 5.19446 18.6
      vertex 58.5393 5.19446 30.6
    endloop
  endfacet
  facet normal -0.740861 -0.671658 0
    outer loop
      vertex 58.4663 5.29299 18.6
      vertex 58.3839 5.38388 30.6
      vertex 58.3839 5.38388 18.6
    endloop
  endfacet
  facet normal -0.740861 -0.671658 0
    outer loop
      vertex 58.3839 5.38388 30.6
      vertex 58.4663 5.29299 18.6
      vertex 58.4663 5.29299 30.6
    endloop
  endfacet
  facet normal -0.857586 -0.51434 0
    outer loop
      vertex 58.6024 5.08925 18.6
      vertex 58.5393 5.19446 30.6
      vertex 58.5393 5.19446 18.6
    endloop
  endfacet
  facet normal -0.857586 -0.51434 0
    outer loop
      vertex 58.5393 5.19446 30.6
      vertex 58.6024 5.08925 18.6
      vertex 58.6024 5.08925 30.6
    endloop
  endfacet
  facet normal -0.146667 -0.989186 0
    outer loop
      vertex 57.6225 5.74398 18.6
      vertex 57.7439 5.72598 30.6
      vertex 57.6225 5.74398 30.6
    endloop
  endfacet
  facet normal -0.146667 -0.989186 -0
    outer loop
      vertex 57.7439 5.72598 30.6
      vertex 57.6225 5.74398 18.6
      vertex 57.7439 5.72598 18.6
    endloop
  endfacet
  facet normal -0.242996 -0.970027 0
    outer loop
      vertex 57.7439 5.72598 18.6
      vertex 57.8629 5.69617 30.6
      vertex 57.7439 5.72598 30.6
    endloop
  endfacet
  facet normal -0.242996 -0.970027 -0
    outer loop
      vertex 57.8629 5.69617 30.6
      vertex 57.7439 5.72598 18.6
      vertex 57.8629 5.69617 18.6
    endloop
  endfacet
  facet normal -0.0490836 -0.998795 0
    outer loop
      vertex 57.5 5.75 18.6
      vertex 57.6225 5.74398 30.6
      vertex 57.5 5.75 30.6
    endloop
  endfacet
  facet normal -0.0490836 -0.998795 -0
    outer loop
      vertex 57.6225 5.74398 30.6
      vertex 57.5 5.75 18.6
      vertex 57.6225 5.74398 18.6
    endloop
  endfacet
  facet normal -0.427858 -0.903846 0
    outer loop
      vertex 57.9784 5.65485 18.6
      vertex 58.0892 5.6024 30.6
      vertex 57.9784 5.65485 30.6
    endloop
  endfacet
  facet normal -0.427858 -0.903846 -0
    outer loop
      vertex 58.0892 5.6024 30.6
      vertex 57.9784 5.65485 18.6
      vertex 58.0892 5.6024 18.6
    endloop
  endfacet
  facet normal -0.595844 -0.803101 0
    outer loop
      vertex 58.1945 5.53934 18.6
      vertex 58.293 5.46626 30.6
      vertex 58.1945 5.53934 30.6
    endloop
  endfacet
  facet normal -0.595844 -0.803101 -0
    outer loop
      vertex 58.293 5.46626 30.6
      vertex 58.1945 5.53934 18.6
      vertex 58.293 5.46626 18.6
    endloop
  endfacet
  facet normal 0.989175 -0.146738 0
    outer loop
      vertex 56.256 4.62252 30.6
      vertex 56.274 4.74386 18.6
      vertex 56.274 4.74386 30.6
    endloop
  endfacet
  facet normal 0.989175 -0.146738 0
    outer loop
      vertex 56.274 4.74386 18.6
      vertex 56.256 4.62252 30.6
      vertex 56.256 4.62252 18.6
    endloop
  endfacet
  facet normal 0 0 1
    outer loop
      vertex 58.744 4.62252 18.6
      vertex 58.744 4.37748 18.6
      vertex 58.75 4.5 18.6
    endloop
  endfacet
  facet normal 0 0 1
    outer loop
      vertex 58.726 4.74386 18.6
      vertex 58.744 4.37748 18.6
      vertex 58.744 4.62252 18.6
    endloop
  endfacet
  facet normal 0 0 1
    outer loop
      vertex 58.726 4.74386 18.6
      vertex 58.726 4.25614 18.6
      vertex 58.744 4.37748 18.6
    endloop
  endfacet
  facet normal 0 0 1
    outer loop
      vertex 58.6962 4.86285 18.6
      vertex 58.726 4.25614 18.6
      vertex 58.726 4.74386 18.6
    endloop
  endfacet
  facet normal 0 0 1
    outer loop
      vertex 58.6962 4.86285 18.6
      vertex 58.6962 4.13714 18.6
      vertex 58.726 4.25614 18.6
    endloop
  endfacet
  facet normal 0 0 1
    outer loop
      vertex 58.6549 4.97835 18.6
      vertex 58.6962 4.13714 18.6
      vertex 58.6962 4.86285 18.6
    endloop
  endfacet
  facet normal 0 0 1
    outer loop
      vertex 58.6549 4.97835 18.6
      vertex 58.6549 4.02165 18.6
      vertex 58.6962 4.13714 18.6
    endloop
  endfacet
  facet normal 0 0 1
    outer loop
      vertex 58.6024 5.08925 18.6
      vertex 58.6549 4.02165 18.6
      vertex 58.6549 4.97835 18.6
    endloop
  endfacet
  facet normal 0 0 1
    outer loop
      vertex 58.6024 5.08925 18.6
      vertex 58.6024 3.91075 18.6
      vertex 58.6549 4.02165 18.6
    endloop
  endfacet
  facet normal 0 0 1
    outer loop
      vertex 58.5393 5.19446 18.6
      vertex 58.6024 3.91075 18.6
      vertex 58.6024 5.08925 18.6
    endloop
  endfacet
  facet normal 0 0 1
    outer loop
      vertex 58.5393 5.19446 18.6
      vertex 58.5393 3.80554 18.6
      vertex 58.6024 3.91075 18.6
    endloop
  endfacet
  facet normal 0 0 1
    outer loop
      vertex 58.4663 5.29299 18.6
      vertex 58.5393 3.80554 18.6
      vertex 58.5393 5.19446 18.6
    endloop
  endfacet
  facet normal 0 0 1
    outer loop
      vertex 58.4663 5.29299 18.6
      vertex 58.4663 3.70701 18.6
      vertex 58.5393 3.80554 18.6
    endloop
  endfacet
  facet normal 0 0 1
    outer loop
      vertex 58.3839 5.38388 18.6
      vertex 58.4663 3.70701 18.6
      vertex 58.4663 5.29299 18.6
    endloop
  endfacet
  facet normal 0 0 1
    outer loop
      vertex 58.3839 5.38388 18.6
      vertex 58.3839 3.61612 18.6
      vertex 58.4663 3.70701 18.6
    endloop
  endfacet
  facet normal 0 0 1
    outer loop
      vertex 58.293 5.46626 18.6
      vertex 58.3839 3.61612 18.6
      vertex 58.3839 5.38388 18.6
    endloop
  endfacet
  facet normal 0 0 1
    outer loop
      vertex 58.293 5.46626 18.6
      vertex 58.293 3.53374 18.6
      vertex 58.3839 3.61612 18.6
    endloop
  endfacet
  facet normal 0 0 1
    outer loop
      vertex 58.1945 5.53934 18.6
      vertex 58.293 3.53374 18.6
      vertex 58.293 5.46626 18.6
    endloop
  endfacet
  facet normal 0 0 1
    outer loop
      vertex 58.1945 5.53934 18.6
      vertex 58.1945 3.46066 18.6
      vertex 58.293 3.53374 18.6
    endloop
  endfacet
  facet normal 0 0 1
    outer loop
      vertex 58.0892 5.6024 18.6
      vertex 58.1945 3.46066 18.6
      vertex 58.1945 5.53934 18.6
    endloop
  endfacet
  facet normal 0 0 1
    outer loop
      vertex 58.0892 5.6024 18.6
      vertex 58.0892 3.3976 18.6
      vertex 58.1945 3.46066 18.6
    endloop
  endfacet
  facet normal 0 0 1
    outer loop
      vertex 57.9784 5.65485 18.6
      vertex 58.0892 3.3976 18.6
      vertex 58.0892 5.6024 18.6
    endloop
  endfacet
  facet normal 0 0 1
    outer loop
      vertex 57.9784 5.65485 18.6
      vertex 57.9784 3.34515 18.6
      vertex 58.0892 3.3976 18.6
    endloop
  endfacet
  facet normal 0 0 1
    outer loop
      vertex 57.8629 5.69617 18.6
      vertex 57.9784 3.34515 18.6
      vertex 57.9784 5.65485 18.6
    endloop
  endfacet
  facet normal 0 0 1
    outer loop
      vertex 57.8629 5.69617 18.6
      vertex 57.8629 3.30382 18.6
      vertex 57.9784 3.34515 18.6
    endloop
  endfacet
  facet normal 0 0 1
    outer loop
      vertex 57.7439 5.72598 18.6
      vertex 57.8629 3.30382 18.6
      vertex 57.8629 5.69617 18.6
    endloop
  endfacet
  facet normal 0 0 1
    outer loop
      vertex 57.7439 5.72598 18.6
      vertex 57.7439 3.27402 18.6
      vertex 57.8629 3.30382 18.6
    endloop
  endfacet
  facet normal 0 0 1
    outer loop
      vertex 57.6225 5.74398 18.6
      vertex 57.7439 3.27402 18.6
      vertex 57.7439 5.72598 18.6
    endloop
  endfacet
  facet normal 0 0 1
    outer loop
      vertex 57.6225 5.74398 18.6
      vertex 57.6225 3.25602 18.6
      vertex 57.7439 3.27402 18.6
    endloop
  endfacet
  facet normal 0 0 1
    outer loop
      vertex 57.5 5.75 18.6
      vertex 57.6225 3.25602 18.6
      vertex 57.6225 5.74398 18.6
    endloop
  endfacet
  facet normal 0 0 1
    outer loop
      vertex 57.5 5.75 18.6
      vertex 57.5 3.25 18.6
      vertex 57.6225 3.25602 18.6
    endloop
  endfacet
  facet normal -0 0 1
    outer loop
      vertex 57.3775 5.74398 18.6
      vertex 57.5 3.25 18.6
      vertex 57.5 5.75 18.6
    endloop
  endfacet
  facet normal 0 0 1
    outer loop
      vertex 57.3775 5.74398 18.6
      vertex 57.3775 3.25602 18.6
      vertex 57.5 3.25 18.6
    endloop
  endfacet
  facet normal -0 0 1
    outer loop
      vertex 57.2561 5.72598 18.6
      vertex 57.3775 3.25602 18.6
      vertex 57.3775 5.74398 18.6
    endloop
  endfacet
  facet normal 0 0 1
    outer loop
      vertex 57.2561 5.72598 18.6
      vertex 57.2561 3.27402 18.6
      vertex 57.3775 3.25602 18.6
    endloop
  endfacet
  facet normal -0 0 1
    outer loop
      vertex 57.1371 5.69617 18.6
      vertex 57.2561 3.27402 18.6
      vertex 57.2561 5.72598 18.6
    endloop
  endfacet
  facet normal 0 0 1
    outer loop
      vertex 57.1371 5.69617 18.6
      vertex 57.1371 3.30382 18.6
      vertex 57.2561 3.27402 18.6
    endloop
  endfacet
  facet normal -0 0 1
    outer loop
      vertex 57.0216 5.65485 18.6
      vertex 57.1371 3.30382 18.6
      vertex 57.1371 5.69617 18.6
    endloop
  endfacet
  facet normal 0 0 1
    outer loop
      vertex 57.0216 5.65485 18.6
      vertex 57.0216 3.34515 18.6
      vertex 57.1371 3.30382 18.6
    endloop
  endfacet
  facet normal -0 0 1
    outer loop
      vertex 56.9108 5.6024 18.6
      vertex 57.0216 3.34515 18.6
      vertex 57.0216 5.65485 18.6
    endloop
  endfacet
  facet normal 0 0 1
    outer loop
      vertex 56.9108 5.6024 18.6
      vertex 56.9108 3.3976 18.6
      vertex 57.0216 3.34515 18.6
    endloop
  endfacet
  facet normal -0 0 1
    outer loop
      vertex 56.8055 5.53934 18.6
      vertex 56.9108 3.3976 18.6
      vertex 56.9108 5.6024 18.6
    endloop
  endfacet
  facet normal 0 0 1
    outer loop
      vertex 56.8055 5.53934 18.6
      vertex 56.8055 3.46066 18.6
      vertex 56.9108 3.3976 18.6
    endloop
  endfacet
  facet normal -0 0 1
    outer loop
      vertex 56.707 5.46626 18.6
      vertex 56.8055 3.46066 18.6
      vertex 56.8055 5.53934 18.6
    endloop
  endfacet
  facet normal 0 0 1
    outer loop
      vertex 56.707 5.46626 18.6
      vertex 56.707 3.53374 18.6
      vertex 56.8055 3.46066 18.6
    endloop
  endfacet
  facet normal -0 0 1
    outer loop
      vertex 56.6161 5.38388 18.6
      vertex 56.707 3.53374 18.6
      vertex 56.707 5.46626 18.6
    endloop
  endfacet
  facet normal 0 0 1
    outer loop
      vertex 56.6161 5.38388 18.6
      vertex 56.6161 3.61612 18.6
      vertex 56.707 3.53374 18.6
    endloop
  endfacet
  facet normal -0 0 1
    outer loop
      vertex 56.5337 5.29299 18.6
      vertex 56.6161 3.61612 18.6
      vertex 56.6161 5.38388 18.6
    endloop
  endfacet
  facet normal 0 0 1
    outer loop
      vertex 56.5337 5.29299 18.6
      vertex 56.5337 3.70701 18.6
      vertex 56.6161 3.61612 18.6
    endloop
  endfacet
  facet normal -0 0 1
    outer loop
      vertex 56.4607 5.19446 18.6
      vertex 56.5337 3.70701 18.6
      vertex 56.5337 5.29299 18.6
    endloop
  endfacet
  facet normal 0 0 1
    outer loop
      vertex 56.4607 5.19446 18.6
      vertex 56.4607 3.80554 18.6
      vertex 56.5337 3.70701 18.6
    endloop
  endfacet
  facet normal -0 0 1
    outer loop
      vertex 56.3976 5.08925 18.6
      vertex 56.4607 3.80554 18.6
      vertex 56.4607 5.19446 18.6
    endloop
  endfacet
  facet normal 0 0 1
    outer loop
      vertex 56.3976 5.08925 18.6
      vertex 56.3976 3.91075 18.6
      vertex 56.4607 3.80554 18.6
    endloop
  endfacet
  facet normal -0 0 1
    outer loop
      vertex 56.3451 4.97835 18.6
      vertex 56.3976 3.91075 18.6
      vertex 56.3976 5.08925 18.6
    endloop
  endfacet
  facet normal 0 0 1
    outer loop
      vertex 56.3451 4.97835 18.6
      vertex 56.3451 4.02165 18.6
      vertex 56.3976 3.91075 18.6
    endloop
  endfacet
  facet normal -0 0 1
    outer loop
      vertex 56.3038 4.86285 18.6
      vertex 56.3451 4.02165 18.6
      vertex 56.3451 4.97835 18.6
    endloop
  endfacet
  facet normal 0 0 1
    outer loop
      vertex 56.3038 4.86285 18.6
      vertex 56.3038 4.13714 18.6
      vertex 56.3451 4.02165 18.6
    endloop
  endfacet
  facet normal -0 0 1
    outer loop
      vertex 56.274 4.74386 18.6
      vertex 56.3038 4.13714 18.6
      vertex 56.3038 4.86285 18.6
    endloop
  endfacet
  facet normal 0 0 1
    outer loop
      vertex 56.274 4.74386 18.6
      vertex 56.274 4.25614 18.6
      vertex 56.3038 4.13714 18.6
    endloop
  endfacet
  facet normal -0 0 1
    outer loop
      vertex 56.256 4.62252 18.6
      vertex 56.274 4.25614 18.6
      vertex 56.274 4.74386 18.6
    endloop
  endfacet
  facet normal 0 0 1
    outer loop
      vertex 56.256 4.62252 18.6
      vertex 56.256 4.37748 18.6
      vertex 56.274 4.25614 18.6
    endloop
  endfacet
  facet normal 0 -0 1
    outer loop
      vertex 56.256 4.37748 18.6
      vertex 56.256 4.62252 18.6
      vertex 56.25 4.5 18.6
    endloop
  endfacet
  facet normal 0.857586 -0.51434 0
    outer loop
      vertex 56.3976 5.08925 30.6
      vertex 56.4607 5.19446 18.6
      vertex 56.4607 5.19446 30.6
    endloop
  endfacet
  facet normal 0.857586 -0.51434 0
    outer loop
      vertex 56.4607 5.19446 18.6
      vertex 56.3976 5.08925 30.6
      vertex 56.3976 5.08925 18.6
    endloop
  endfacet
  facet normal 0.803499 -0.595306 0
    outer loop
      vertex 56.4607 5.19446 30.6
      vertex 56.5337 5.29299 18.6
      vertex 56.5337 5.29299 30.6
    endloop
  endfacet
  facet normal 0.803499 -0.595306 0
    outer loop
      vertex 56.5337 5.29299 18.6
      vertex 56.4607 5.19446 30.6
      vertex 56.4607 5.19446 18.6
    endloop
  endfacet
  facet normal 0.903837 -0.427876 0
    outer loop
      vertex 56.3451 4.97835 30.6
      vertex 56.3976 5.08925 18.6
      vertex 56.3976 5.08925 30.6
    endloop
  endfacet
  facet normal 0.903837 -0.427876 0
    outer loop
      vertex 56.3976 5.08925 18.6
      vertex 56.3451 4.97835 30.6
      vertex 56.3451 4.97835 18.6
    endloop
  endfacet
  facet normal 0.970042 -0.242938 0
    outer loop
      vertex 56.274 4.74386 30.6
      vertex 56.3038 4.86285 18.6
      vertex 56.3038 4.86285 30.6
    endloop
  endfacet
  facet normal 0.970042 -0.242938 0
    outer loop
      vertex 56.3038 4.86285 18.6
      vertex 56.274 4.74386 30.6
      vertex 56.274 4.74386 18.6
    endloop
  endfacet
  facet normal 0.998803 -0.048913 0
    outer loop
      vertex 56.25 4.5 30.6
      vertex 56.256 4.62252 18.6
      vertex 56.256 4.62252 30.6
    endloop
  endfacet
  facet normal 0.998803 -0.048913 0
    outer loop
      vertex 56.256 4.62252 18.6
      vertex 56.25 4.5 30.6
      vertex 56.25 4.5 18.6
    endloop
  endfacet
  facet normal 0.595844 -0.803101 0
    outer loop
      vertex 56.707 5.46626 18.6
      vertex 56.8055 5.53934 30.6
      vertex 56.707 5.46626 30.6
    endloop
  endfacet
  facet normal 0.595844 -0.803101 0
    outer loop
      vertex 56.8055 5.53934 30.6
      vertex 56.707 5.46626 18.6
      vertex 56.8055 5.53934 18.6
    endloop
  endfacet
  facet normal 0.513777 -0.857924 0
    outer loop
      vertex 56.8055 5.53934 18.6
      vertex 56.9108 5.6024 30.6
      vertex 56.8055 5.53934 30.6
    endloop
  endfacet
  facet normal 0.513777 -0.857924 0
    outer loop
      vertex 56.9108 5.6024 30.6
      vertex 56.8055 5.53934 18.6
      vertex 56.9108 5.6024 18.6
    endloop
  endfacet
  facet normal 0.671528 -0.740979 0
    outer loop
      vertex 56.6161 5.38388 18.6
      vertex 56.707 5.46626 30.6
      vertex 56.6161 5.38388 30.6
    endloop
  endfacet
  facet normal 0.671528 -0.740979 0
    outer loop
      vertex 56.707 5.46626 30.6
      vertex 56.6161 5.38388 18.6
      vertex 56.707 5.46626 18.6
    endloop
  endfacet
  facet normal 0.336842 -0.941561 0
    outer loop
      vertex 57.0216 5.65485 18.6
      vertex 57.1371 5.69617 30.6
      vertex 57.0216 5.65485 30.6
    endloop
  endfacet
  facet normal 0.336842 -0.941561 0
    outer loop
      vertex 57.1371 5.69617 30.6
      vertex 57.0216 5.65485 18.6
      vertex 57.1371 5.69617 18.6
    endloop
  endfacet
  facet normal 0.146667 -0.989186 0
    outer loop
      vertex 57.2561 5.72598 18.6
      vertex 57.3775 5.74398 30.6
      vertex 57.2561 5.72598 30.6
    endloop
  endfacet
  facet normal 0.146667 -0.989186 0
    outer loop
      vertex 57.3775 5.74398 30.6
      vertex 57.2561 5.72598 18.6
      vertex 57.3775 5.74398 18.6
    endloop
  endfacet
  facet normal -0.146667 0.989186 0
    outer loop
      vertex 57.7439 3.27402 18.6
      vertex 57.6225 3.25602 30.6
      vertex 57.7439 3.27402 30.6
    endloop
  endfacet
  facet normal -0.146667 0.989186 0
    outer loop
      vertex 57.6225 3.25602 30.6
      vertex 57.7439 3.27402 18.6
      vertex 57.6225 3.25602 18.6
    endloop
  endfacet
  facet normal -0.336915 0.941535 0
    outer loop
      vertex 57.9784 3.34515 18.6
      vertex 57.8629 3.30382 30.6
      vertex 57.9784 3.34515 30.6
    endloop
  endfacet
  facet normal -0.336915 0.941535 0
    outer loop
      vertex 57.8629 3.30382 30.6
      vertex 57.9784 3.34515 18.6
      vertex 57.8629 3.30382 18.6
    endloop
  endfacet
  facet normal -0.671528 0.740979 0
    outer loop
      vertex 58.3839 3.61612 18.6
      vertex 58.293 3.53374 30.6
      vertex 58.3839 3.61612 30.6
    endloop
  endfacet
  facet normal -0.671528 0.740979 0
    outer loop
      vertex 58.293 3.53374 30.6
      vertex 58.3839 3.61612 18.6
      vertex 58.293 3.53374 18.6
    endloop
  endfacet
  facet normal -0.513777 0.857924 0
    outer loop
      vertex 58.1945 3.46066 18.6
      vertex 58.0892 3.3976 30.6
      vertex 58.1945 3.46066 30.6
    endloop
  endfacet
  facet normal -0.513777 0.857924 0
    outer loop
      vertex 58.0892 3.3976 30.6
      vertex 58.1945 3.46066 18.6
      vertex 58.0892 3.3976 18.6
    endloop
  endfacet
  facet normal -0.803499 0.595306 0
    outer loop
      vertex 58.4663 3.70701 18.6
      vertex 58.5393 3.80554 30.6
      vertex 58.5393 3.80554 18.6
    endloop
  endfacet
  facet normal -0.803499 0.595306 0
    outer loop
      vertex 58.5393 3.80554 30.6
      vertex 58.4663 3.70701 18.6
      vertex 58.4663 3.70701 30.6
    endloop
  endfacet
  facet normal -0.903837 0.427876 0
    outer loop
      vertex 58.6024 3.91075 18.6
      vertex 58.6549 4.02165 30.6
      vertex 58.6549 4.02165 18.6
    endloop
  endfacet
  facet normal -0.903837 0.427876 0
    outer loop
      vertex 58.6549 4.02165 30.6
      vertex 58.6024 3.91075 18.6
      vertex 58.6024 3.91075 30.6
    endloop
  endfacet
  facet normal 0.595844 0.803101 -0
    outer loop
      vertex 56.8055 3.46066 18.6
      vertex 56.707 3.53374 30.6
      vertex 56.8055 3.46066 30.6
    endloop
  endfacet
  facet normal 0.595844 0.803101 0
    outer loop
      vertex 56.707 3.53374 30.6
      vertex 56.8055 3.46066 18.6
      vertex 56.707 3.53374 18.6
    endloop
  endfacet
  facet normal 0.427858 0.903846 -0
    outer loop
      vertex 57.0216 3.34515 18.6
      vertex 56.9108 3.3976 30.6
      vertex 57.0216 3.34515 30.6
    endloop
  endfacet
  facet normal 0.427858 0.903846 0
    outer loop
      vertex 56.9108 3.3976 30.6
      vertex 57.0216 3.34515 18.6
      vertex 56.9108 3.3976 18.6
    endloop
  endfacet
  facet normal 0.242919 0.970047 -0
    outer loop
      vertex 57.2561 3.27402 18.6
      vertex 57.1371 3.30382 30.6
      vertex 57.2561 3.27402 30.6
    endloop
  endfacet
  facet normal 0.242919 0.970047 0
    outer loop
      vertex 57.1371 3.30382 30.6
      vertex 57.2561 3.27402 18.6
      vertex 57.1371 3.30382 18.6
    endloop
  endfacet
  facet normal 0.0490836 0.998795 -0
    outer loop
      vertex 57.5 3.25 18.6
      vertex 57.3775 3.25602 30.6
      vertex 57.5 3.25 30.6
    endloop
  endfacet
  facet normal 0.0490836 0.998795 0
    outer loop
      vertex 57.3775 3.25602 30.6
      vertex 57.5 3.25 18.6
      vertex 57.3775 3.25602 18.6
    endloop
  endfacet
  facet normal 0.803499 0.595306 0
    outer loop
      vertex 56.5337 3.70701 30.6
      vertex 56.4607 3.80554 18.6
      vertex 56.4607 3.80554 30.6
    endloop
  endfacet
  facet normal 0.803499 0.595306 0
    outer loop
      vertex 56.4607 3.80554 18.6
      vertex 56.5337 3.70701 30.6
      vertex 56.5337 3.70701 18.6
    endloop
  endfacet
  facet normal 0.857586 0.51434 0
    outer loop
      vertex 56.4607 3.80554 30.6
      vertex 56.3976 3.91075 18.6
      vertex 56.3976 3.91075 30.6
    endloop
  endfacet
  facet normal 0.857586 0.51434 0
    outer loop
      vertex 56.3976 3.91075 18.6
      vertex 56.4607 3.80554 30.6
      vertex 56.4607 3.80554 18.6
    endloop
  endfacet
  facet normal 0.740861 0.671658 0
    outer loop
      vertex 56.6161 3.61612 30.6
      vertex 56.5337 3.70701 18.6
      vertex 56.5337 3.70701 30.6
    endloop
  endfacet
  facet normal 0.740861 0.671658 0
    outer loop
      vertex 56.5337 3.70701 18.6
      vertex 56.6161 3.61612 30.6
      vertex 56.6161 3.61612 18.6
    endloop
  endfacet
  facet normal 0.941603 0.336724 0
    outer loop
      vertex 56.3451 4.02165 30.6
      vertex 56.3038 4.13714 18.6
      vertex 56.3038 4.13714 30.6
    endloop
  endfacet
  facet normal 0.941603 0.336724 0
    outer loop
      vertex 56.3038 4.13714 18.6
      vertex 56.3451 4.02165 30.6
      vertex 56.3451 4.02165 18.6
    endloop
  endfacet
  facet normal 0.903837 0.427876 0
    outer loop
      vertex 56.3976 3.91075 30.6
      vertex 56.3451 4.02165 18.6
      vertex 56.3451 4.02165 30.6
    endloop
  endfacet
  facet normal 0.903837 0.427876 0
    outer loop
      vertex 56.3451 4.02165 18.6
      vertex 56.3976 3.91075 30.6
      vertex 56.3976 3.91075 18.6
    endloop
  endfacet
  facet normal 0.989175 0.146738 0
    outer loop
      vertex 56.274 4.25614 30.6
      vertex 56.256 4.37748 18.6
      vertex 56.256 4.37748 30.6
    endloop
  endfacet
  facet normal 0.989175 0.146738 0
    outer loop
      vertex 56.256 4.37748 18.6
      vertex 56.274 4.25614 30.6
      vertex 56.274 4.25614 18.6
    endloop
  endfacet
  facet normal 0.998803 0.048913 0
    outer loop
      vertex 56.256 4.37748 30.6
      vertex 56.25 4.5 18.6
      vertex 56.25 4.5 30.6
    endloop
  endfacet
  facet normal 0.998803 0.048913 0
    outer loop
      vertex 56.25 4.5 18.6
      vertex 56.256 4.37748 30.6
      vertex 56.256 4.37748 18.6
    endloop
  endfacet
  facet normal -0.242919 0.970047 0
    outer loop
      vertex 57.8629 3.30382 18.6
      vertex 57.7439 3.27402 30.6
      vertex 57.8629 3.30382 30.6
    endloop
  endfacet
  facet normal -0.242919 0.970047 0
    outer loop
      vertex 57.7439 3.27402 30.6
      vertex 57.8629 3.30382 18.6
      vertex 57.7439 3.27402 18.6
    endloop
  endfacet
  facet normal -0.427858 0.903846 0
    outer loop
      vertex 58.0892 3.3976 18.6
      vertex 57.9784 3.34515 30.6
      vertex 58.0892 3.3976 30.6
    endloop
  endfacet
  facet normal -0.427858 0.903846 0
    outer loop
      vertex 57.9784 3.34515 30.6
      vertex 58.0892 3.3976 18.6
      vertex 57.9784 3.34515 18.6
    endloop
  endfacet
  facet normal -0.740861 0.671658 0
    outer loop
      vertex 58.3839 3.61612 18.6
      vertex 58.4663 3.70701 30.6
      vertex 58.4663 3.70701 18.6
    endloop
  endfacet
  facet normal -0.740861 0.671658 0
    outer loop
      vertex 58.4663 3.70701 30.6
      vertex 58.3839 3.61612 18.6
      vertex 58.3839 3.61612 30.6
    endloop
  endfacet
  facet normal -0.595844 0.803101 0
    outer loop
      vertex 58.293 3.53374 18.6
      vertex 58.1945 3.46066 30.6
      vertex 58.293 3.53374 30.6
    endloop
  endfacet
  facet normal -0.595844 0.803101 0
    outer loop
      vertex 58.1945 3.46066 30.6
      vertex 58.293 3.53374 18.6
      vertex 58.1945 3.46066 18.6
    endloop
  endfacet
  facet normal -0.857586 0.51434 0
    outer loop
      vertex 58.5393 3.80554 18.6
      vertex 58.6024 3.91075 30.6
      vertex 58.6024 3.91075 18.6
    endloop
  endfacet
  facet normal -0.857586 0.51434 0
    outer loop
      vertex 58.6024 3.91075 30.6
      vertex 58.5393 3.80554 18.6
      vertex 58.5393 3.80554 30.6
    endloop
  endfacet
  facet normal -0.941603 0.336724 0
    outer loop
      vertex 58.6549 4.02165 18.6
      vertex 58.6962 4.13714 30.6
      vertex 58.6962 4.13714 18.6
    endloop
  endfacet
  facet normal -0.941603 0.336724 0
    outer loop
      vertex 58.6962 4.13714 30.6
      vertex 58.6549 4.02165 18.6
      vertex 58.6549 4.02165 30.6
    endloop
  endfacet
  facet normal -0.989175 0.146738 0
    outer loop
      vertex 58.726 4.25614 18.6
      vertex 58.744 4.37748 30.6
      vertex 58.744 4.37748 18.6
    endloop
  endfacet
  facet normal -0.989175 0.146738 0
    outer loop
      vertex 58.744 4.37748 30.6
      vertex 58.726 4.25614 18.6
      vertex 58.726 4.25614 30.6
    endloop
  endfacet
  facet normal -0.998803 0.048913 0
    outer loop
      vertex 58.744 4.37748 18.6
      vertex 58.75 4.5 30.6
      vertex 58.75 4.5 18.6
    endloop
  endfacet
  facet normal -0.998803 0.048913 0
    outer loop
      vertex 58.75 4.5 30.6
      vertex 58.744 4.37748 18.6
      vertex 58.744 4.37748 30.6
    endloop
  endfacet
  facet normal 0.513777 0.857924 -0
    outer loop
      vertex 56.9108 3.3976 18.6
      vertex 56.8055 3.46066 30.6
      vertex 56.9108 3.3976 30.6
    endloop
  endfacet
  facet normal 0.513777 0.857924 0
    outer loop
      vertex 56.8055 3.46066 30.6
      vertex 56.9108 3.3976 18.6
      vertex 56.8055 3.46066 18.6
    endloop
  endfacet
  facet normal 0.336915 0.941535 -0
    outer loop
      vertex 57.1371 3.30382 18.6
      vertex 57.0216 3.34515 30.6
      vertex 57.1371 3.30382 30.6
    endloop
  endfacet
  facet normal 0.336915 0.941535 0
    outer loop
      vertex 57.0216 3.34515 30.6
      vertex 57.1371 3.30382 18.6
      vertex 57.0216 3.34515 18.6
    endloop
  endfacet
  facet normal 0.146667 0.989186 -0
    outer loop
      vertex 57.3775 3.25602 18.6
      vertex 57.2561 3.27402 30.6
      vertex 57.3775 3.25602 30.6
    endloop
  endfacet
  facet normal 0.146667 0.989186 0
    outer loop
      vertex 57.2561 3.27402 30.6
      vertex 57.3775 3.25602 18.6
      vertex 57.2561 3.27402 18.6
    endloop
  endfacet
  facet normal -0.0490836 0.998795 0
    outer loop
      vertex 57.6225 3.25602 18.6
      vertex 57.5 3.25 30.6
      vertex 57.6225 3.25602 30.6
    endloop
  endfacet
  facet normal -0.0490836 0.998795 0
    outer loop
      vertex 57.5 3.25 30.6
      vertex 57.6225 3.25602 18.6
      vertex 57.5 3.25 18.6
    endloop
  endfacet
  facet normal 0.970047 0.242919 0
    outer loop
      vertex 56.3038 4.13714 30.6
      vertex 56.274 4.25614 18.6
      vertex 56.274 4.25614 30.6
    endloop
  endfacet
  facet normal 0.970047 0.242919 0
    outer loop
      vertex 56.274 4.25614 18.6
      vertex 56.3038 4.13714 30.6
      vertex 56.3038 4.13714 18.6
    endloop
  endfacet
  facet normal -0.998795 -0.0490836 0
    outer loop
      vertex 5.75 47.5 18.6
      vertex 5.74398 47.6225 30.6
      vertex 5.74398 47.6225 18.6
    endloop
  endfacet
  facet normal -0.998795 -0.0490836 0
    outer loop
      vertex 5.74398 47.6225 30.6
      vertex 5.75 47.5 18.6
      vertex 5.75 47.5 30.6
    endloop
  endfacet
  facet normal 0.048913 -0.998803 0
    outer loop
      vertex 4.37748 48.744 18.6
      vertex 4.5 48.75 30.6
      vertex 4.37748 48.744 30.6
    endloop
  endfacet
  facet normal 0.048913 -0.998803 0
    outer loop
      vertex 4.5 48.75 30.6
      vertex 4.37748 48.744 18.6
      vertex 4.5 48.75 18.6
    endloop
  endfacet
  facet normal -0.671658 -0.740861 0
    outer loop
      vertex 5.29299 48.4663 18.6
      vertex 5.38388 48.3839 30.6
      vertex 5.29299 48.4663 30.6
    endloop
  endfacet
  facet normal -0.671658 -0.740861 -0
    outer loop
      vertex 5.38388 48.3839 30.6
      vertex 5.29299 48.4663 18.6
      vertex 5.38388 48.3839 18.6
    endloop
  endfacet
  facet normal 0.740979 -0.671528 0
    outer loop
      vertex 3.53374 48.293 30.6
      vertex 3.61612 48.3839 18.6
      vertex 3.61612 48.3839 30.6
    endloop
  endfacet
  facet normal 0.740979 -0.671528 0
    outer loop
      vertex 3.61612 48.3839 18.6
      vertex 3.53374 48.293 30.6
      vertex 3.53374 48.293 18.6
    endloop
  endfacet
  facet normal 0.427876 -0.903837 0
    outer loop
      vertex 3.91075 48.6024 18.6
      vertex 4.02165 48.6549 30.6
      vertex 3.91075 48.6024 30.6
    endloop
  endfacet
  facet normal 0.427876 -0.903837 0
    outer loop
      vertex 4.02165 48.6549 30.6
      vertex 3.91075 48.6024 18.6
      vertex 4.02165 48.6549 18.6
    endloop
  endfacet
  facet normal -0.903846 -0.427858 0
    outer loop
      vertex 5.65485 47.9784 18.6
      vertex 5.6024 48.0892 30.6
      vertex 5.6024 48.0892 18.6
    endloop
  endfacet
  facet normal -0.903846 -0.427858 0
    outer loop
      vertex 5.6024 48.0892 30.6
      vertex 5.65485 47.9784 18.6
      vertex 5.65485 47.9784 30.6
    endloop
  endfacet
  facet normal -0.336698 -0.941613 0
    outer loop
      vertex 4.86285 48.6962 18.6
      vertex 4.97835 48.6549 30.6
      vertex 4.86285 48.6962 30.6
    endloop
  endfacet
  facet normal -0.336698 -0.941613 -0
    outer loop
      vertex 4.97835 48.6549 30.6
      vertex 4.86285 48.6962 18.6
      vertex 4.97835 48.6549 18.6
    endloop
  endfacet
  facet normal -0.51434 -0.857586 0
    outer loop
      vertex 5.08925 48.6024 18.6
      vertex 5.19446 48.5393 30.6
      vertex 5.08925 48.6024 30.6
    endloop
  endfacet
  facet normal -0.51434 -0.857586 -0
    outer loop
      vertex 5.19446 48.5393 30.6
      vertex 5.08925 48.6024 18.6
      vertex 5.19446 48.5393 18.6
    endloop
  endfacet
  facet normal 0.941535 -0.336915 0
    outer loop
      vertex 3.30382 47.8629 30.6
      vertex 3.34515 47.9784 18.6
      vertex 3.34515 47.9784 30.6
    endloop
  endfacet
  facet normal 0.941535 -0.336915 0
    outer loop
      vertex 3.34515 47.9784 18.6
      vertex 3.30382 47.8629 30.6
      vertex 3.30382 47.8629 18.6
    endloop
  endfacet
  facet normal 0.242919 -0.970047 0
    outer loop
      vertex 4.13714 48.6962 18.6
      vertex 4.25614 48.726 30.6
      vertex 4.13714 48.6962 30.6
    endloop
  endfacet
  facet normal 0.242919 -0.970047 0
    outer loop
      vertex 4.25614 48.726 30.6
      vertex 4.13714 48.6962 18.6
      vertex 4.25614 48.726 18.6
    endloop
  endfacet
  facet normal -0.970027 0.242996 0
    outer loop
      vertex 5.69617 47.1371 18.6
      vertex 5.72598 47.2561 30.6
      vertex 5.72598 47.2561 18.6
    endloop
  endfacet
  facet normal -0.970027 0.242996 0
    outer loop
      vertex 5.72598 47.2561 30.6
      vertex 5.69617 47.1371 18.6
      vertex 5.69617 47.1371 30.6
    endloop
  endfacet
  facet normal 0.671658 0.740861 -0
    outer loop
      vertex 3.70701 46.5337 18.6
      vertex 3.61612 46.6161 30.6
      vertex 3.70701 46.5337 30.6
    endloop
  endfacet
  facet normal 0.671658 0.740861 0
    outer loop
      vertex 3.61612 46.6161 30.6
      vertex 3.70701 46.5337 18.6
      vertex 3.61612 46.6161 18.6
    endloop
  endfacet
  facet normal -0.970027 -0.242996 0
    outer loop
      vertex 5.72598 47.7439 18.6
      vertex 5.69617 47.8629 30.6
      vertex 5.69617 47.8629 18.6
    endloop
  endfacet
  facet normal -0.970027 -0.242996 0
    outer loop
      vertex 5.69617 47.8629 30.6
      vertex 5.72598 47.7439 18.6
      vertex 5.72598 47.7439 30.6
    endloop
  endfacet
  facet normal -0.989186 -0.146667 0
    outer loop
      vertex 5.74398 47.6225 18.6
      vertex 5.72598 47.7439 30.6
      vertex 5.72598 47.7439 18.6
    endloop
  endfacet
  facet normal -0.989186 -0.146667 0
    outer loop
      vertex 5.72598 47.7439 30.6
      vertex 5.74398 47.6225 18.6
      vertex 5.74398 47.6225 30.6
    endloop
  endfacet
  facet normal -0.941561 -0.336842 0
    outer loop
      vertex 5.69617 47.8629 18.6
      vertex 5.65485 47.9784 30.6
      vertex 5.65485 47.9784 18.6
    endloop
  endfacet
  facet normal -0.941561 -0.336842 0
    outer loop
      vertex 5.65485 47.9784 30.6
      vertex 5.69617 47.8629 18.6
      vertex 5.69617 47.8629 30.6
    endloop
  endfacet
  facet normal -0.803101 -0.595844 0
    outer loop
      vertex 5.53934 48.1945 18.6
      vertex 5.46626 48.293 30.6
      vertex 5.46626 48.293 18.6
    endloop
  endfacet
  facet normal -0.803101 -0.595844 0
    outer loop
      vertex 5.46626 48.293 30.6
      vertex 5.53934 48.1945 18.6
      vertex 5.53934 48.1945 30.6
    endloop
  endfacet
  facet normal -0.740979 -0.671528 0
    outer loop
      vertex 5.46626 48.293 18.6
      vertex 5.38388 48.3839 30.6
      vertex 5.38388 48.3839 18.6
    endloop
  endfacet
  facet normal -0.740979 -0.671528 0
    outer loop
      vertex 5.38388 48.3839 30.6
      vertex 5.46626 48.293 18.6
      vertex 5.46626 48.293 30.6
    endloop
  endfacet
  facet normal -0.857924 -0.513777 0
    outer loop
      vertex 5.6024 48.0892 18.6
      vertex 5.53934 48.1945 30.6
      vertex 5.53934 48.1945 18.6
    endloop
  endfacet
  facet normal -0.857924 -0.513777 0
    outer loop
      vertex 5.53934 48.1945 30.6
      vertex 5.6024 48.0892 18.6
      vertex 5.6024 48.0892 30.6
    endloop
  endfacet
  facet normal -0.146738 -0.989175 0
    outer loop
      vertex 4.62252 48.744 18.6
      vertex 4.74386 48.726 30.6
      vertex 4.62252 48.744 30.6
    endloop
  endfacet
  facet normal -0.146738 -0.989175 -0
    outer loop
      vertex 4.74386 48.726 30.6
      vertex 4.62252 48.744 18.6
      vertex 4.74386 48.726 18.6
    endloop
  endfacet
  facet normal -0.242938 -0.970042 0
    outer loop
      vertex 4.74386 48.726 18.6
      vertex 4.86285 48.6962 30.6
      vertex 4.74386 48.726 30.6
    endloop
  endfacet
  facet normal -0.242938 -0.970042 -0
    outer loop
      vertex 4.86285 48.6962 30.6
      vertex 4.74386 48.726 18.6
      vertex 4.86285 48.6962 18.6
    endloop
  endfacet
  facet normal -0.048913 -0.998803 0
    outer loop
      vertex 4.5 48.75 18.6
      vertex 4.62252 48.744 30.6
      vertex 4.5 48.75 30.6
    endloop
  endfacet
  facet normal -0.048913 -0.998803 -0
    outer loop
      vertex 4.62252 48.744 30.6
      vertex 4.5 48.75 18.6
      vertex 4.62252 48.744 18.6
    endloop
  endfacet
  facet normal -0.427876 -0.903837 0
    outer loop
      vertex 4.97835 48.6549 18.6
      vertex 5.08925 48.6024 30.6
      vertex 4.97835 48.6549 30.6
    endloop
  endfacet
  facet normal -0.427876 -0.903837 -0
    outer loop
      vertex 5.08925 48.6024 30.6
      vertex 4.97835 48.6549 18.6
      vertex 5.08925 48.6024 18.6
    endloop
  endfacet
  facet normal -0.595306 -0.803499 0
    outer loop
      vertex 5.19446 48.5393 18.6
      vertex 5.29299 48.4663 30.6
      vertex 5.19446 48.5393 30.6
    endloop
  endfacet
  facet normal -0.595306 -0.803499 -0
    outer loop
      vertex 5.29299 48.4663 30.6
      vertex 5.19446 48.5393 18.6
      vertex 5.29299 48.4663 18.6
    endloop
  endfacet
  facet normal 0.989186 -0.146667 0
    outer loop
      vertex 3.25602 47.6225 30.6
      vertex 3.27402 47.7439 18.6
      vertex 3.27402 47.7439 30.6
    endloop
  endfacet
  facet normal 0.989186 -0.146667 0
    outer loop
      vertex 3.27402 47.7439 18.6
      vertex 3.25602 47.6225 30.6
      vertex 3.25602 47.6225 18.6
    endloop
  endfacet
  facet normal 0 0 1
    outer loop
      vertex 5.74398 47.6225 18.6
      vertex 5.74398 47.3775 18.6
      vertex 5.75 47.5 18.6
    endloop
  endfacet
  facet normal 0 0 1
    outer loop
      vertex 5.72598 47.7439 18.6
      vertex 5.74398 47.3775 18.6
      vertex 5.74398 47.6225 18.6
    endloop
  endfacet
  facet normal 0 0 1
    outer loop
      vertex 5.72598 47.7439 18.6
      vertex 5.72598 47.2561 18.6
      vertex 5.74398 47.3775 18.6
    endloop
  endfacet
  facet normal 0 0 1
    outer loop
      vertex 5.69617 47.8629 18.6
      vertex 5.72598 47.2561 18.6
      vertex 5.72598 47.7439 18.6
    endloop
  endfacet
  facet normal 0 0 1
    outer loop
      vertex 5.69617 47.8629 18.6
      vertex 5.69617 47.1371 18.6
      vertex 5.72598 47.2561 18.6
    endloop
  endfacet
  facet normal 0 0 1
    outer loop
      vertex 5.65485 47.9784 18.6
      vertex 5.69617 47.1371 18.6
      vertex 5.69617 47.8629 18.6
    endloop
  endfacet
  facet normal 0 0 1
    outer loop
      vertex 5.65485 47.9784 18.6
      vertex 5.65485 47.0216 18.6
      vertex 5.69617 47.1371 18.6
    endloop
  endfacet
  facet normal 0 0 1
    outer loop
      vertex 5.6024 48.0892 18.6
      vertex 5.65485 47.0216 18.6
      vertex 5.65485 47.9784 18.6
    endloop
  endfacet
  facet normal 0 0 1
    outer loop
      vertex 5.6024 48.0892 18.6
      vertex 5.6024 46.9108 18.6
      vertex 5.65485 47.0216 18.6
    endloop
  endfacet
  facet normal 0 0 1
    outer loop
      vertex 5.53934 48.1945 18.6
      vertex 5.6024 46.9108 18.6
      vertex 5.6024 48.0892 18.6
    endloop
  endfacet
  facet normal 0 0 1
    outer loop
      vertex 5.53934 48.1945 18.6
      vertex 5.53934 46.8055 18.6
      vertex 5.6024 46.9108 18.6
    endloop
  endfacet
  facet normal 0 0 1
    outer loop
      vertex 5.46626 48.293 18.6
      vertex 5.53934 46.8055 18.6
      vertex 5.53934 48.1945 18.6
    endloop
  endfacet
  facet normal 0 0 1
    outer loop
      vertex 5.46626 48.293 18.6
      vertex 5.46626 46.707 18.6
      vertex 5.53934 46.8055 18.6
    endloop
  endfacet
  facet normal 0 0 1
    outer loop
      vertex 5.38388 48.3839 18.6
      vertex 5.46626 46.707 18.6
      vertex 5.46626 48.293 18.6
    endloop
  endfacet
  facet normal 0 0 1
    outer loop
      vertex 5.38388 48.3839 18.6
      vertex 5.38388 46.6161 18.6
      vertex 5.46626 46.707 18.6
    endloop
  endfacet
  facet normal 0 0 1
    outer loop
      vertex 5.29299 48.4663 18.6
      vertex 5.38388 46.6161 18.6
      vertex 5.38388 48.3839 18.6
    endloop
  endfacet
  facet normal 0 0 1
    outer loop
      vertex 5.29299 48.4663 18.6
      vertex 5.29299 46.5337 18.6
      vertex 5.38388 46.6161 18.6
    endloop
  endfacet
  facet normal 0 0 1
    outer loop
      vertex 5.19446 48.5393 18.6
      vertex 5.29299 46.5337 18.6
      vertex 5.29299 48.4663 18.6
    endloop
  endfacet
  facet normal 0 0 1
    outer loop
      vertex 5.19446 48.5393 18.6
      vertex 5.19446 46.4607 18.6
      vertex 5.29299 46.5337 18.6
    endloop
  endfacet
  facet normal 0 0 1
    outer loop
      vertex 5.08925 48.6024 18.6
      vertex 5.19446 46.4607 18.6
      vertex 5.19446 48.5393 18.6
    endloop
  endfacet
  facet normal 0 0 1
    outer loop
      vertex 5.08925 48.6024 18.6
      vertex 5.08925 46.3976 18.6
      vertex 5.19446 46.4607 18.6
    endloop
  endfacet
  facet normal 0 0 1
    outer loop
      vertex 4.97835 48.6549 18.6
      vertex 5.08925 46.3976 18.6
      vertex 5.08925 48.6024 18.6
    endloop
  endfacet
  facet normal 0 0 1
    outer loop
      vertex 4.97835 48.6549 18.6
      vertex 4.97835 46.3451 18.6
      vertex 5.08925 46.3976 18.6
    endloop
  endfacet
  facet normal 0 0 1
    outer loop
      vertex 4.86285 48.6962 18.6
      vertex 4.97835 46.3451 18.6
      vertex 4.97835 48.6549 18.6
    endloop
  endfacet
  facet normal 0 0 1
    outer loop
      vertex 4.86285 48.6962 18.6
      vertex 4.86285 46.3038 18.6
      vertex 4.97835 46.3451 18.6
    endloop
  endfacet
  facet normal 0 0 1
    outer loop
      vertex 4.74386 48.726 18.6
      vertex 4.86285 46.3038 18.6
      vertex 4.86285 48.6962 18.6
    endloop
  endfacet
  facet normal 0 0 1
    outer loop
      vertex 4.74386 48.726 18.6
      vertex 4.74386 46.274 18.6
      vertex 4.86285 46.3038 18.6
    endloop
  endfacet
  facet normal 0 0 1
    outer loop
      vertex 4.62252 48.744 18.6
      vertex 4.74386 46.274 18.6
      vertex 4.74386 48.726 18.6
    endloop
  endfacet
  facet normal 0 0 1
    outer loop
      vertex 4.62252 48.744 18.6
      vertex 4.62252 46.256 18.6
      vertex 4.74386 46.274 18.6
    endloop
  endfacet
  facet normal 0 0 1
    outer loop
      vertex 4.5 48.75 18.6
      vertex 4.62252 46.256 18.6
      vertex 4.62252 48.744 18.6
    endloop
  endfacet
  facet normal 0 0 1
    outer loop
      vertex 4.5 48.75 18.6
      vertex 4.5 46.25 18.6
      vertex 4.62252 46.256 18.6
    endloop
  endfacet
  facet normal -0 0 1
    outer loop
      vertex 4.37748 48.744 18.6
      vertex 4.5 46.25 18.6
      vertex 4.5 48.75 18.6
    endloop
  endfacet
  facet normal 0 0 1
    outer loop
      vertex 4.37748 48.744 18.6
      vertex 4.37748 46.256 18.6
      vertex 4.5 46.25 18.6
    endloop
  endfacet
  facet normal -0 0 1
    outer loop
      vertex 4.25614 48.726 18.6
      vertex 4.37748 46.256 18.6
      vertex 4.37748 48.744 18.6
    endloop
  endfacet
  facet normal 0 0 1
    outer loop
      vertex 4.25614 48.726 18.6
      vertex 4.25614 46.274 18.6
      vertex 4.37748 46.256 18.6
    endloop
  endfacet
  facet normal -0 0 1
    outer loop
      vertex 4.13714 48.6962 18.6
      vertex 4.25614 46.274 18.6
      vertex 4.25614 48.726 18.6
    endloop
  endfacet
  facet normal 0 0 1
    outer loop
      vertex 4.13714 48.6962 18.6
      vertex 4.13714 46.3038 18.6
      vertex 4.25614 46.274 18.6
    endloop
  endfacet
  facet normal -0 0 1
    outer loop
      vertex 4.02165 48.6549 18.6
      vertex 4.13714 46.3038 18.6
      vertex 4.13714 48.6962 18.6
    endloop
  endfacet
  facet normal 0 0 1
    outer loop
      vertex 4.02165 48.6549 18.6
      vertex 4.02165 46.3451 18.6
      vertex 4.13714 46.3038 18.6
    endloop
  endfacet
  facet normal -0 0 1
    outer loop
      vertex 3.91075 48.6024 18.6
      vertex 4.02165 46.3451 18.6
      vertex 4.02165 48.6549 18.6
    endloop
  endfacet
  facet normal 0 0 1
    outer loop
      vertex 3.91075 48.6024 18.6
      vertex 3.91075 46.3976 18.6
      vertex 4.02165 46.3451 18.6
    endloop
  endfacet
  facet normal -0 0 1
    outer loop
      vertex 3.80554 48.5393 18.6
      vertex 3.91075 46.3976 18.6
      vertex 3.91075 48.6024 18.6
    endloop
  endfacet
  facet normal 0 0 1
    outer loop
      vertex 3.80554 48.5393 18.6
      vertex 3.80554 46.4607 18.6
      vertex 3.91075 46.3976 18.6
    endloop
  endfacet
  facet normal -0 0 1
    outer loop
      vertex 3.70701 48.4663 18.6
      vertex 3.80554 46.4607 18.6
      vertex 3.80554 48.5393 18.6
    endloop
  endfacet
  facet normal 0 0 1
    outer loop
      vertex 3.70701 48.4663 18.6
      vertex 3.70701 46.5337 18.6
      vertex 3.80554 46.4607 18.6
    endloop
  endfacet
  facet normal -0 0 1
    outer loop
      vertex 3.61612 48.3839 18.6
      vertex 3.70701 46.5337 18.6
      vertex 3.70701 48.4663 18.6
    endloop
  endfacet
  facet normal 0 0 1
    outer loop
      vertex 3.61612 48.3839 18.6
      vertex 3.61612 46.6161 18.6
      vertex 3.70701 46.5337 18.6
    endloop
  endfacet
  facet normal -0 0 1
    outer loop
      vertex 3.53374 48.293 18.6
      vertex 3.61612 46.6161 18.6
      vertex 3.61612 48.3839 18.6
    endloop
  endfacet
  facet normal 0 0 1
    outer loop
      vertex 3.53374 48.293 18.6
      vertex 3.53374 46.707 18.6
      vertex 3.61612 46.6161 18.6
    endloop
  endfacet
  facet normal -0 0 1
    outer loop
      vertex 3.46066 48.1945 18.6
      vertex 3.53374 46.707 18.6
      vertex 3.53374 48.293 18.6
    endloop
  endfacet
  facet normal 0 0 1
    outer loop
      vertex 3.46066 48.1945 18.6
      vertex 3.46066 46.8055 18.6
      vertex 3.53374 46.707 18.6
    endloop
  endfacet
  facet normal -0 0 1
    outer loop
      vertex 3.3976 48.0892 18.6
      vertex 3.46066 46.8055 18.6
      vertex 3.46066 48.1945 18.6
    endloop
  endfacet
  facet normal 0 0 1
    outer loop
      vertex 3.3976 48.0892 18.6
      vertex 3.3976 46.9108 18.6
      vertex 3.46066 46.8055 18.6
    endloop
  endfacet
  facet normal -0 0 1
    outer loop
      vertex 3.34515 47.9784 18.6
      vertex 3.3976 46.9108 18.6
      vertex 3.3976 48.0892 18.6
    endloop
  endfacet
  facet normal 0 0 1
    outer loop
      vertex 3.34515 47.9784 18.6
      vertex 3.34515 47.0216 18.6
      vertex 3.3976 46.9108 18.6
    endloop
  endfacet
  facet normal -0 0 1
    outer loop
      vertex 3.30382 47.8629 18.6
      vertex 3.34515 47.0216 18.6
      vertex 3.34515 47.9784 18.6
    endloop
  endfacet
  facet normal 0 0 1
    outer loop
      vertex 3.30382 47.8629 18.6
      vertex 3.30382 47.1371 18.6
      vertex 3.34515 47.0216 18.6
    endloop
  endfacet
  facet normal -0 0 1
    outer loop
      vertex 3.27402 47.7439 18.6
      vertex 3.30382 47.1371 18.6
      vertex 3.30382 47.8629 18.6
    endloop
  endfacet
  facet normal 0 0 1
    outer loop
      vertex 3.27402 47.7439 18.6
      vertex 3.27402 47.2561 18.6
      vertex 3.30382 47.1371 18.6
    endloop
  endfacet
  facet normal -0 0 1
    outer loop
      vertex 3.25602 47.6225 18.6
      vertex 3.27402 47.2561 18.6
      vertex 3.27402 47.7439 18.6
    endloop
  endfacet
  facet normal 0 0 1
    outer loop
      vertex 3.25602 47.6225 18.6
      vertex 3.25602 47.3775 18.6
      vertex 3.27402 47.2561 18.6
    endloop
  endfacet
  facet normal 0 -0 1
    outer loop
      vertex 3.25602 47.3775 18.6
      vertex 3.25602 47.6225 18.6
      vertex 3.25 47.5 18.6
    endloop
  endfacet
  facet normal 0.857924 -0.513777 0
    outer loop
      vertex 3.3976 48.0892 30.6
      vertex 3.46066 48.1945 18.6
      vertex 3.46066 48.1945 30.6
    endloop
  endfacet
  facet normal 0.857924 -0.513777 0
    outer loop
      vertex 3.46066 48.1945 18.6
      vertex 3.3976 48.0892 30.6
      vertex 3.3976 48.0892 18.6
    endloop
  endfacet
  facet normal 0.803101 -0.595844 0
    outer loop
      vertex 3.46066 48.1945 30.6
      vertex 3.53374 48.293 18.6
      vertex 3.53374 48.293 30.6
    endloop
  endfacet
  facet normal 0.803101 -0.595844 0
    outer loop
      vertex 3.53374 48.293 18.6
      vertex 3.46066 48.1945 30.6
      vertex 3.46066 48.1945 18.6
    endloop
  endfacet
  facet normal 0.903846 -0.427858 0
    outer loop
      vertex 3.34515 47.9784 30.6
      vertex 3.3976 48.0892 18.6
      vertex 3.3976 48.0892 30.6
    endloop
  endfacet
  facet normal 0.903846 -0.427858 0
    outer loop
      vertex 3.3976 48.0892 18.6
      vertex 3.34515 47.9784 30.6
      vertex 3.34515 47.9784 18.6
    endloop
  endfacet
  facet normal 0.970047 -0.242919 0
    outer loop
      vertex 3.27402 47.7439 30.6
      vertex 3.30382 47.8629 18.6
      vertex 3.30382 47.8629 30.6
    endloop
  endfacet
  facet normal 0.970047 -0.242919 0
    outer loop
      vertex 3.30382 47.8629 18.6
      vertex 3.27402 47.7439 30.6
      vertex 3.27402 47.7439 18.6
    endloop
  endfacet
  facet normal 0.998795 -0.0490836 0
    outer loop
      vertex 3.25 47.5 30.6
      vertex 3.25602 47.6225 18.6
      vertex 3.25602 47.6225 30.6
    endloop
  endfacet
  facet normal 0.998795 -0.0490836 0
    outer loop
      vertex 3.25602 47.6225 18.6
      vertex 3.25 47.5 30.6
      vertex 3.25 47.5 18.6
    endloop
  endfacet
  facet normal 0.595306 -0.803499 0
    outer loop
      vertex 3.70701 48.4663 18.6
      vertex 3.80554 48.5393 30.6
      vertex 3.70701 48.4663 30.6
    endloop
  endfacet
  facet normal 0.595306 -0.803499 0
    outer loop
      vertex 3.80554 48.5393 30.6
      vertex 3.70701 48.4663 18.6
      vertex 3.80554 48.5393 18.6
    endloop
  endfacet
  facet normal 0.51434 -0.857586 0
    outer loop
      vertex 3.80554 48.5393 18.6
      vertex 3.91075 48.6024 30.6
      vertex 3.80554 48.5393 30.6
    endloop
  endfacet
  facet normal 0.51434 -0.857586 0
    outer loop
      vertex 3.91075 48.6024 30.6
      vertex 3.80554 48.5393 18.6
      vertex 3.91075 48.6024 18.6
    endloop
  endfacet
  facet normal 0.671658 -0.740861 0
    outer loop
      vertex 3.61612 48.3839 18.6
      vertex 3.70701 48.4663 30.6
      vertex 3.61612 48.3839 30.6
    endloop
  endfacet
  facet normal 0.671658 -0.740861 0
    outer loop
      vertex 3.70701 48.4663 30.6
      vertex 3.61612 48.3839 18.6
      vertex 3.70701 48.4663 18.6
    endloop
  endfacet
  facet normal 0.336724 -0.941603 0
    outer loop
      vertex 4.02165 48.6549 18.6
      vertex 4.13714 48.6962 30.6
      vertex 4.02165 48.6549 30.6
    endloop
  endfacet
  facet normal 0.336724 -0.941603 0
    outer loop
      vertex 4.13714 48.6962 30.6
      vertex 4.02165 48.6549 18.6
      vertex 4.13714 48.6962 18.6
    endloop
  endfacet
  facet normal 0.146738 -0.989175 0
    outer loop
      vertex 4.25614 48.726 18.6
      vertex 4.37748 48.744 30.6
      vertex 4.25614 48.726 30.6
    endloop
  endfacet
  facet normal 0.146738 -0.989175 0
    outer loop
      vertex 4.37748 48.744 30.6
      vertex 4.25614 48.726 18.6
      vertex 4.37748 48.744 18.6
    endloop
  endfacet
  facet normal -0.146738 0.989175 0
    outer loop
      vertex 4.74386 46.274 18.6
      vertex 4.62252 46.256 30.6
      vertex 4.74386 46.274 30.6
    endloop
  endfacet
  facet normal -0.146738 0.989175 0
    outer loop
      vertex 4.62252 46.256 30.6
      vertex 4.74386 46.274 18.6
      vertex 4.62252 46.256 18.6
    endloop
  endfacet
  facet normal -0.336698 0.941613 0
    outer loop
      vertex 4.97835 46.3451 18.6
      vertex 4.86285 46.3038 30.6
      vertex 4.97835 46.3451 30.6
    endloop
  endfacet
  facet normal -0.336698 0.941613 0
    outer loop
      vertex 4.86285 46.3038 30.6
      vertex 4.97835 46.3451 18.6
      vertex 4.86285 46.3038 18.6
    endloop
  endfacet
  facet normal -0.671658 0.740861 0
    outer loop
      vertex 5.38388 46.6161 18.6
      vertex 5.29299 46.5337 30.6
      vertex 5.38388 46.6161 30.6
    endloop
  endfacet
  facet normal -0.671658 0.740861 0
    outer loop
      vertex 5.29299 46.5337 30.6
      vertex 5.38388 46.6161 18.6
      vertex 5.29299 46.5337 18.6
    endloop
  endfacet
  facet normal -0.51434 0.857586 0
    outer loop
      vertex 5.19446 46.4607 18.6
      vertex 5.08925 46.3976 30.6
      vertex 5.19446 46.4607 30.6
    endloop
  endfacet
  facet normal -0.51434 0.857586 0
    outer loop
      vertex 5.08925 46.3976 30.6
      vertex 5.19446 46.4607 18.6
      vertex 5.08925 46.3976 18.6
    endloop
  endfacet
  facet normal -0.803101 0.595844 0
    outer loop
      vertex 5.46626 46.707 18.6
      vertex 5.53934 46.8055 30.6
      vertex 5.53934 46.8055 18.6
    endloop
  endfacet
  facet normal -0.803101 0.595844 0
    outer loop
      vertex 5.53934 46.8055 30.6
      vertex 5.46626 46.707 18.6
      vertex 5.46626 46.707 30.6
    endloop
  endfacet
  facet normal -0.903846 0.427858 0
    outer loop
      vertex 5.6024 46.9108 18.6
      vertex 5.65485 47.0216 30.6
      vertex 5.65485 47.0216 18.6
    endloop
  endfacet
  facet normal -0.903846 0.427858 0
    outer loop
      vertex 5.65485 47.0216 30.6
      vertex 5.6024 46.9108 18.6
      vertex 5.6024 46.9108 30.6
    endloop
  endfacet
  facet normal 0.595306 0.803499 -0
    outer loop
      vertex 3.80554 46.4607 18.6
      vertex 3.70701 46.5337 30.6
      vertex 3.80554 46.4607 30.6
    endloop
  endfacet
  facet normal 0.595306 0.803499 0
    outer loop
      vertex 3.70701 46.5337 30.6
      vertex 3.80554 46.4607 18.6
      vertex 3.70701 46.5337 18.6
    endloop
  endfacet
  facet normal 0.427876 0.903837 -0
    outer loop
      vertex 4.02165 46.3451 18.6
      vertex 3.91075 46.3976 30.6
      vertex 4.02165 46.3451 30.6
    endloop
  endfacet
  facet normal 0.427876 0.903837 0
    outer loop
      vertex 3.91075 46.3976 30.6
      vertex 4.02165 46.3451 18.6
      vertex 3.91075 46.3976 18.6
    endloop
  endfacet
  facet normal 0.242919 0.970047 -0
    outer loop
      vertex 4.25614 46.274 18.6
      vertex 4.13714 46.3038 30.6
      vertex 4.25614 46.274 30.6
    endloop
  endfacet
  facet normal 0.242919 0.970047 0
    outer loop
      vertex 4.13714 46.3038 30.6
      vertex 4.25614 46.274 18.6
      vertex 4.13714 46.3038 18.6
    endloop
  endfacet
  facet normal 0.048913 0.998803 -0
    outer loop
      vertex 4.5 46.25 18.6
      vertex 4.37748 46.256 30.6
      vertex 4.5 46.25 30.6
    endloop
  endfacet
  facet normal 0.048913 0.998803 0
    outer loop
      vertex 4.37748 46.256 30.6
      vertex 4.5 46.25 18.6
      vertex 4.37748 46.256 18.6
    endloop
  endfacet
  facet normal 0.803101 0.595844 0
    outer loop
      vertex 3.53374 46.707 30.6
      vertex 3.46066 46.8055 18.6
      vertex 3.46066 46.8055 30.6
    endloop
  endfacet
  facet normal 0.803101 0.595844 0
    outer loop
      vertex 3.46066 46.8055 18.6
      vertex 3.53374 46.707 30.6
      vertex 3.53374 46.707 18.6
    endloop
  endfacet
  facet normal 0.857924 0.513777 0
    outer loop
      vertex 3.46066 46.8055 30.6
      vertex 3.3976 46.9108 18.6
      vertex 3.3976 46.9108 30.6
    endloop
  endfacet
  facet normal 0.857924 0.513777 0
    outer loop
      vertex 3.3976 46.9108 18.6
      vertex 3.46066 46.8055 30.6
      vertex 3.46066 46.8055 18.6
    endloop
  endfacet
  facet normal 0.740979 0.671528 0
    outer loop
      vertex 3.61612 46.6161 30.6
      vertex 3.53374 46.707 18.6
      vertex 3.53374 46.707 30.6
    endloop
  endfacet
  facet normal 0.740979 0.671528 0
    outer loop
      vertex 3.53374 46.707 18.6
      vertex 3.61612 46.6161 30.6
      vertex 3.61612 46.6161 18.6
    endloop
  endfacet
  facet normal 0.941535 0.336915 0
    outer loop
      vertex 3.34515 47.0216 30.6
      vertex 3.30382 47.1371 18.6
      vertex 3.30382 47.1371 30.6
    endloop
  endfacet
  facet normal 0.941535 0.336915 0
    outer loop
      vertex 3.30382 47.1371 18.6
      vertex 3.34515 47.0216 30.6
      vertex 3.34515 47.0216 18.6
    endloop
  endfacet
  facet normal 0.903846 0.427858 0
    outer loop
      vertex 3.3976 46.9108 30.6
      vertex 3.34515 47.0216 18.6
      vertex 3.34515 47.0216 30.6
    endloop
  endfacet
  facet normal 0.903846 0.427858 0
    outer loop
      vertex 3.34515 47.0216 18.6
      vertex 3.3976 46.9108 30.6
      vertex 3.3976 46.9108 18.6
    endloop
  endfacet
  facet normal 0.989186 0.146667 0
    outer loop
      vertex 3.27402 47.2561 30.6
      vertex 3.25602 47.3775 18.6
      vertex 3.25602 47.3775 30.6
    endloop
  endfacet
  facet normal 0.989186 0.146667 0
    outer loop
      vertex 3.25602 47.3775 18.6
      vertex 3.27402 47.2561 30.6
      vertex 3.27402 47.2561 18.6
    endloop
  endfacet
  facet normal 0.998795 0.0490836 0
    outer loop
      vertex 3.25602 47.3775 30.6
      vertex 3.25 47.5 18.6
      vertex 3.25 47.5 30.6
    endloop
  endfacet
  facet normal 0.998795 0.0490836 0
    outer loop
      vertex 3.25 47.5 18.6
      vertex 3.25602 47.3775 30.6
      vertex 3.25602 47.3775 18.6
    endloop
  endfacet
  facet normal -0.242938 0.970042 0
    outer loop
      vertex 4.86285 46.3038 18.6
      vertex 4.74386 46.274 30.6
      vertex 4.86285 46.3038 30.6
    endloop
  endfacet
  facet normal -0.242938 0.970042 0
    outer loop
      vertex 4.74386 46.274 30.6
      vertex 4.86285 46.3038 18.6
      vertex 4.74386 46.274 18.6
    endloop
  endfacet
  facet normal -0.427876 0.903837 0
    outer loop
      vertex 5.08925 46.3976 18.6
      vertex 4.97835 46.3451 30.6
      vertex 5.08925 46.3976 30.6
    endloop
  endfacet
  facet normal -0.427876 0.903837 0
    outer loop
      vertex 4.97835 46.3451 30.6
      vertex 5.08925 46.3976 18.6
      vertex 4.97835 46.3451 18.6
    endloop
  endfacet
  facet normal -0.740979 0.671528 0
    outer loop
      vertex 5.38388 46.6161 18.6
      vertex 5.46626 46.707 30.6
      vertex 5.46626 46.707 18.6
    endloop
  endfacet
  facet normal -0.740979 0.671528 0
    outer loop
      vertex 5.46626 46.707 30.6
      vertex 5.38388 46.6161 18.6
      vertex 5.38388 46.6161 30.6
    endloop
  endfacet
  facet normal -0.595306 0.803499 0
    outer loop
      vertex 5.29299 46.5337 18.6
      vertex 5.19446 46.4607 30.6
      vertex 5.29299 46.5337 30.6
    endloop
  endfacet
  facet normal -0.595306 0.803499 0
    outer loop
      vertex 5.19446 46.4607 30.6
      vertex 5.29299 46.5337 18.6
      vertex 5.19446 46.4607 18.6
    endloop
  endfacet
  facet normal -0.857924 0.513777 0
    outer loop
      vertex 5.53934 46.8055 18.6
      vertex 5.6024 46.9108 30.6
      vertex 5.6024 46.9108 18.6
    endloop
  endfacet
  facet normal -0.857924 0.513777 0
    outer loop
      vertex 5.6024 46.9108 30.6
      vertex 5.53934 46.8055 18.6
      vertex 5.53934 46.8055 30.6
    endloop
  endfacet
  facet normal -0.941561 0.336842 0
    outer loop
      vertex 5.65485 47.0216 18.6
      vertex 5.69617 47.1371 30.6
      vertex 5.69617 47.1371 18.6
    endloop
  endfacet
  facet normal -0.941561 0.336842 0
    outer loop
      vertex 5.69617 47.1371 30.6
      vertex 5.65485 47.0216 18.6
      vertex 5.65485 47.0216 30.6
    endloop
  endfacet
  facet normal -0.989186 0.146667 0
    outer loop
      vertex 5.72598 47.2561 18.6
      vertex 5.74398 47.3775 30.6
      vertex 5.74398 47.3775 18.6
    endloop
  endfacet
  facet normal -0.989186 0.146667 0
    outer loop
      vertex 5.74398 47.3775 30.6
      vertex 5.72598 47.2561 18.6
      vertex 5.72598 47.2561 30.6
    endloop
  endfacet
  facet normal -0.998795 0.0490836 0
    outer loop
      vertex 5.74398 47.3775 18.6
      vertex 5.75 47.5 30.6
      vertex 5.75 47.5 18.6
    endloop
  endfacet
  facet normal -0.998795 0.0490836 0
    outer loop
      vertex 5.75 47.5 30.6
      vertex 5.74398 47.3775 18.6
      vertex 5.74398 47.3775 30.6
    endloop
  endfacet
  facet normal 0.51434 0.857586 -0
    outer loop
      vertex 3.91075 46.3976 18.6
      vertex 3.80554 46.4607 30.6
      vertex 3.91075 46.3976 30.6
    endloop
  endfacet
  facet normal 0.51434 0.857586 0
    outer loop
      vertex 3.80554 46.4607 30.6
      vertex 3.91075 46.3976 18.6
      vertex 3.80554 46.4607 18.6
    endloop
  endfacet
  facet normal 0.336724 0.941603 -0
    outer loop
      vertex 4.13714 46.3038 18.6
      vertex 4.02165 46.3451 30.6
      vertex 4.13714 46.3038 30.6
    endloop
  endfacet
  facet normal 0.336724 0.941603 0
    outer loop
      vertex 4.02165 46.3451 30.6
      vertex 4.13714 46.3038 18.6
      vertex 4.02165 46.3451 18.6
    endloop
  endfacet
  facet normal 0.146738 0.989175 -0
    outer loop
      vertex 4.37748 46.256 18.6
      vertex 4.25614 46.274 30.6
      vertex 4.37748 46.256 30.6
    endloop
  endfacet
  facet normal 0.146738 0.989175 0
    outer loop
      vertex 4.25614 46.274 30.6
      vertex 4.37748 46.256 18.6
      vertex 4.25614 46.274 18.6
    endloop
  endfacet
  facet normal -0.048913 0.998803 0
    outer loop
      vertex 4.62252 46.256 18.6
      vertex 4.5 46.25 30.6
      vertex 4.62252 46.256 30.6
    endloop
  endfacet
  facet normal -0.048913 0.998803 0
    outer loop
      vertex 4.5 46.25 30.6
      vertex 4.62252 46.256 18.6
      vertex 4.5 46.25 18.6
    endloop
  endfacet
  facet normal 0.970047 0.242919 0
    outer loop
      vertex 3.30382 47.1371 30.6
      vertex 3.27402 47.2561 18.6
      vertex 3.27402 47.2561 30.6
    endloop
  endfacet
  facet normal 0.970047 0.242919 0
    outer loop
      vertex 3.27402 47.2561 18.6
      vertex 3.30382 47.1371 30.6
      vertex 3.30382 47.1371 18.6
    endloop
  endfacet
  facet normal -0.970047 -0.242919 0
    outer loop
      vertex 58.726 47.7439 18.6
      vertex 58.6962 47.8629 30.6
      vertex 58.6962 47.8629 18.6
    endloop
  endfacet
  facet normal -0.970047 -0.242919 0
    outer loop
      vertex 58.6962 47.8629 30.6
      vertex 58.726 47.7439 18.6
      vertex 58.726 47.7439 30.6
    endloop
  endfacet
  facet normal -0.998803 -0.0489209 0
    outer loop
      vertex 58.75 47.5 18.6
      vertex 58.744 47.6225 30.6
      vertex 58.744 47.6225 18.6
    endloop
  endfacet
  facet normal -0.998803 -0.0489209 0
    outer loop
      vertex 58.744 47.6225 30.6
      vertex 58.75 47.5 18.6
      vertex 58.75 47.5 30.6
    endloop
  endfacet
  facet normal 0.0489209 -0.998803 0
    outer loop
      vertex 57.3775 48.744 18.6
      vertex 57.5 48.75 30.6
      vertex 57.3775 48.744 30.6
    endloop
  endfacet
  facet normal 0.0489209 -0.998803 0
    outer loop
      vertex 57.5 48.75 30.6
      vertex 57.3775 48.744 18.6
      vertex 57.5 48.75 18.6
    endloop
  endfacet
  facet normal -0.671617 -0.740898 0
    outer loop
      vertex 58.293 48.4663 18.6
      vertex 58.3839 48.3839 30.6
      vertex 58.293 48.4663 30.6
    endloop
  endfacet
  facet normal -0.671617 -0.740898 -0
    outer loop
      vertex 58.3839 48.3839 30.6
      vertex 58.293 48.4663 18.6
      vertex 58.3839 48.3839 18.6
    endloop
  endfacet
  facet normal 0.740898 -0.671617 0
    outer loop
      vertex 56.5337 48.293 30.6
      vertex 56.6161 48.3839 18.6
      vertex 56.6161 48.3839 30.6
    endloop
  endfacet
  facet normal 0.740898 -0.671617 0
    outer loop
      vertex 56.6161 48.3839 18.6
      vertex 56.5337 48.293 30.6
      vertex 56.5337 48.293 18.6
    endloop
  endfacet
  facet normal 0.428192 -0.903688 0
    outer loop
      vertex 56.9108 48.6024 18.6
      vertex 57.0216 48.6549 30.6
      vertex 56.9108 48.6024 30.6
    endloop
  endfacet
  facet normal 0.428192 -0.903688 0
    outer loop
      vertex 57.0216 48.6549 30.6
      vertex 56.9108 48.6024 18.6
      vertex 57.0216 48.6549 18.6
    endloop
  endfacet
  facet normal 0.740898 0.671617 0
    outer loop
      vertex 56.6161 46.6161 30.6
      vertex 56.5337 46.707 18.6
      vertex 56.5337 46.707 30.6
    endloop
  endfacet
  facet normal 0.740898 0.671617 0
    outer loop
      vertex 56.5337 46.707 18.6
      vertex 56.6161 46.6161 30.6
      vertex 56.6161 46.6161 18.6
    endloop
  endfacet
  facet normal -0.941613 -0.336698 0
    outer loop
      vertex 58.6962 47.8629 18.6
      vertex 58.6549 47.9784 30.6
      vertex 58.6549 47.9784 18.6
    endloop
  endfacet
  facet normal -0.941613 -0.336698 0
    outer loop
      vertex 58.6549 47.9784 30.6
      vertex 58.6962 47.8629 18.6
      vertex 58.6962 47.8629 30.6
    endloop
  endfacet
  facet normal -0.336698 -0.941613 0
    outer loop
      vertex 57.8629 48.6962 18.6
      vertex 57.9784 48.6549 30.6
      vertex 57.8629 48.6962 30.6
    endloop
  endfacet
  facet normal -0.336698 -0.941613 -0
    outer loop
      vertex 57.9784 48.6549 30.6
      vertex 57.8629 48.6962 18.6
      vertex 57.9784 48.6549 18.6
    endloop
  endfacet
  facet normal 0.903688 -0.428192 0
    outer loop
      vertex 56.3451 47.9784 30.6
      vertex 56.3976 48.0892 18.6
      vertex 56.3976 48.0892 30.6
    endloop
  endfacet
  facet normal 0.903688 -0.428192 0
    outer loop
      vertex 56.3976 48.0892 18.6
      vertex 56.3451 47.9784 30.6
      vertex 56.3451 47.9784 18.6
    endloop
  endfacet
  facet normal 0.85778 -0.514016 0
    outer loop
      vertex 56.3976 48.0892 30.6
      vertex 56.4607 48.1945 18.6
      vertex 56.4607 48.1945 30.6
    endloop
  endfacet
  facet normal 0.85778 -0.514016 0
    outer loop
      vertex 56.4607 48.1945 18.6
      vertex 56.3976 48.0892 30.6
      vertex 56.3976 48.0892 18.6
    endloop
  endfacet
  facet normal 0.998803 0.0489209 0
    outer loop
      vertex 56.256 47.3775 30.6
      vertex 56.25 47.5 18.6
      vertex 56.25 47.5 30.6
    endloop
  endfacet
  facet normal 0.998803 0.0489209 0
    outer loop
      vertex 56.25 47.5 18.6
      vertex 56.256 47.3775 30.6
      vertex 56.256 47.3775 18.6
    endloop
  endfacet
  facet normal -0.903688 0.428192 0
    outer loop
      vertex 58.6024 46.9108 18.6
      vertex 58.6549 47.0216 30.6
      vertex 58.6549 47.0216 18.6
    endloop
  endfacet
  facet normal -0.903688 0.428192 0
    outer loop
      vertex 58.6549 47.0216 30.6
      vertex 58.6024 46.9108 18.6
      vertex 58.6024 46.9108 30.6
    endloop
  endfacet
  facet normal -0.336698 0.941613 0
    outer loop
      vertex 57.9784 46.3451 18.6
      vertex 57.8629 46.3038 30.6
      vertex 57.9784 46.3451 30.6
    endloop
  endfacet
  facet normal -0.336698 0.941613 0
    outer loop
      vertex 57.8629 46.3038 30.6
      vertex 57.9784 46.3451 18.6
      vertex 57.8629 46.3038 18.6
    endloop
  endfacet
  facet normal -0.740898 0.671617 0
    outer loop
      vertex 58.3839 46.6161 18.6
      vertex 58.4663 46.707 30.6
      vertex 58.4663 46.707 18.6
    endloop
  endfacet
  facet normal -0.740898 0.671617 0
    outer loop
      vertex 58.4663 46.707 30.6
      vertex 58.3839 46.6161 18.6
      vertex 58.3839 46.6161 30.6
    endloop
  endfacet
  facet normal -0.970047 0.242919 0
    outer loop
      vertex 58.6962 47.1371 18.6
      vertex 58.726 47.2561 30.6
      vertex 58.726 47.2561 18.6
    endloop
  endfacet
  facet normal -0.970047 0.242919 0
    outer loop
      vertex 58.726 47.2561 30.6
      vertex 58.6962 47.1371 18.6
      vertex 58.6962 47.1371 30.6
    endloop
  endfacet
  facet normal 0.242919 0.970047 -0
    outer loop
      vertex 57.2561 46.274 18.6
      vertex 57.1371 46.3038 30.6
      vertex 57.2561 46.274 30.6
    endloop
  endfacet
  facet normal 0.242919 0.970047 0
    outer loop
      vertex 57.1371 46.3038 30.6
      vertex 57.2561 46.274 18.6
      vertex 57.1371 46.3038 18.6
    endloop
  endfacet
  facet normal 0.428192 0.903688 -0
    outer loop
      vertex 57.0216 46.3451 18.6
      vertex 56.9108 46.3976 30.6
      vertex 57.0216 46.3451 30.6
    endloop
  endfacet
  facet normal 0.428192 0.903688 0
    outer loop
      vertex 56.9108 46.3976 30.6
      vertex 57.0216 46.3451 18.6
      vertex 56.9108 46.3976 18.6
    endloop
  endfacet
  facet normal -0.989186 -0.146667 0
    outer loop
      vertex 58.744 47.6225 18.6
      vertex 58.726 47.7439 30.6
      vertex 58.726 47.7439 18.6
    endloop
  endfacet
  facet normal -0.989186 -0.146667 0
    outer loop
      vertex 58.726 47.7439 30.6
      vertex 58.744 47.6225 18.6
      vertex 58.744 47.6225 30.6
    endloop
  endfacet
  facet normal -0.903688 -0.428192 0
    outer loop
      vertex 58.6549 47.9784 18.6
      vertex 58.6024 48.0892 30.6
      vertex 58.6024 48.0892 18.6
    endloop
  endfacet
  facet normal -0.903688 -0.428192 0
    outer loop
      vertex 58.6024 48.0892 30.6
      vertex 58.6549 47.9784 18.6
      vertex 58.6549 47.9784 30.6
    endloop
  endfacet
  facet normal -0.85778 -0.514016 0
    outer loop
      vertex 58.6024 48.0892 18.6
      vertex 58.5393 48.1945 30.6
      vertex 58.5393 48.1945 18.6
    endloop
  endfacet
  facet normal -0.85778 -0.514016 0
    outer loop
      vertex 58.5393 48.1945 30.6
      vertex 58.6024 48.0892 18.6
      vertex 58.6024 48.0892 30.6
    endloop
  endfacet
  facet normal -0.803413 -0.595423 0
    outer loop
      vertex 58.5393 48.1945 18.6
      vertex 58.4663 48.293 30.6
      vertex 58.4663 48.293 18.6
    endloop
  endfacet
  facet normal -0.803413 -0.595423 0
    outer loop
      vertex 58.4663 48.293 30.6
      vertex 58.5393 48.1945 18.6
      vertex 58.5393 48.1945 30.6
    endloop
  endfacet
  facet normal -0.146667 -0.989186 0
    outer loop
      vertex 57.6225 48.744 18.6
      vertex 57.7439 48.726 30.6
      vertex 57.6225 48.744 30.6
    endloop
  endfacet
  facet normal -0.146667 -0.989186 -0
    outer loop
      vertex 57.7439 48.726 30.6
      vertex 57.6225 48.744 18.6
      vertex 57.7439 48.726 18.6
    endloop
  endfacet
  facet normal -0.0489209 -0.998803 0
    outer loop
      vertex 57.5 48.75 18.6
      vertex 57.6225 48.744 30.6
      vertex 57.5 48.75 30.6
    endloop
  endfacet
  facet normal -0.0489209 -0.998803 -0
    outer loop
      vertex 57.6225 48.744 30.6
      vertex 57.5 48.75 18.6
      vertex 57.6225 48.744 18.6
    endloop
  endfacet
  facet normal -0.595423 -0.803413 0
    outer loop
      vertex 58.1945 48.5393 18.6
      vertex 58.293 48.4663 30.6
      vertex 58.1945 48.5393 30.6
    endloop
  endfacet
  facet normal -0.595423 -0.803413 -0
    outer loop
      vertex 58.293 48.4663 30.6
      vertex 58.1945 48.5393 18.6
      vertex 58.293 48.4663 18.6
    endloop
  endfacet
  facet normal -0.514016 -0.85778 0
    outer loop
      vertex 58.0892 48.6024 18.6
      vertex 58.1945 48.5393 30.6
      vertex 58.0892 48.6024 30.6
    endloop
  endfacet
  facet normal -0.514016 -0.85778 -0
    outer loop
      vertex 58.1945 48.5393 30.6
      vertex 58.0892 48.6024 18.6
      vertex 58.1945 48.5393 18.6
    endloop
  endfacet
  facet normal 0 0 1
    outer loop
      vertex 58.744 47.6225 18.6
      vertex 58.744 47.3775 18.6
      vertex 58.75 47.5 18.6
    endloop
  endfacet
  facet normal 0 0 1
    outer loop
      vertex 58.726 47.7439 18.6
      vertex 58.744 47.3775 18.6
      vertex 58.744 47.6225 18.6
    endloop
  endfacet
  facet normal 0 0 1
    outer loop
      vertex 58.726 47.7439 18.6
      vertex 58.726 47.2561 18.6
      vertex 58.744 47.3775 18.6
    endloop
  endfacet
  facet normal 0 0 1
    outer loop
      vertex 58.6962 47.8629 18.6
      vertex 58.726 47.2561 18.6
      vertex 58.726 47.7439 18.6
    endloop
  endfacet
  facet normal 0 0 1
    outer loop
      vertex 58.6962 47.8629 18.6
      vertex 58.6962 47.1371 18.6
      vertex 58.726 47.2561 18.6
    endloop
  endfacet
  facet normal 0 0 1
    outer loop
      vertex 58.6549 47.9784 18.6
      vertex 58.6962 47.1371 18.6
      vertex 58.6962 47.8629 18.6
    endloop
  endfacet
  facet normal 0 0 1
    outer loop
      vertex 58.6549 47.9784 18.6
      vertex 58.6549 47.0216 18.6
      vertex 58.6962 47.1371 18.6
    endloop
  endfacet
  facet normal 0 0 1
    outer loop
      vertex 58.6024 48.0892 18.6
      vertex 58.6549 47.0216 18.6
      vertex 58.6549 47.9784 18.6
    endloop
  endfacet
  facet normal 0 0 1
    outer loop
      vertex 58.6024 48.0892 18.6
      vertex 58.6024 46.9108 18.6
      vertex 58.6549 47.0216 18.6
    endloop
  endfacet
  facet normal 0 0 1
    outer loop
      vertex 58.5393 48.1945 18.6
      vertex 58.6024 46.9108 18.6
      vertex 58.6024 48.0892 18.6
    endloop
  endfacet
  facet normal 0 0 1
    outer loop
      vertex 58.5393 48.1945 18.6
      vertex 58.5393 46.8055 18.6
      vertex 58.6024 46.9108 18.6
    endloop
  endfacet
  facet normal 0 0 1
    outer loop
      vertex 58.4663 48.293 18.6
      vertex 58.5393 46.8055 18.6
      vertex 58.5393 48.1945 18.6
    endloop
  endfacet
  facet normal 0 0 1
    outer loop
      vertex 58.4663 48.293 18.6
      vertex 58.4663 46.707 18.6
      vertex 58.5393 46.8055 18.6
    endloop
  endfacet
  facet normal 0 0 1
    outer loop
      vertex 58.3839 48.3839 18.6
      vertex 58.4663 46.707 18.6
      vertex 58.4663 48.293 18.6
    endloop
  endfacet
  facet normal 0 0 1
    outer loop
      vertex 58.3839 48.3839 18.6
      vertex 58.3839 46.6161 18.6
      vertex 58.4663 46.707 18.6
    endloop
  endfacet
  facet normal 0 0 1
    outer loop
      vertex 58.293 48.4663 18.6
      vertex 58.3839 46.6161 18.6
      vertex 58.3839 48.3839 18.6
    endloop
  endfacet
  facet normal 0 0 1
    outer loop
      vertex 58.293 48.4663 18.6
      vertex 58.293 46.5337 18.6
      vertex 58.3839 46.6161 18.6
    endloop
  endfacet
  facet normal 0 0 1
    outer loop
      vertex 58.1945 48.5393 18.6
      vertex 58.293 46.5337 18.6
      vertex 58.293 48.4663 18.6
    endloop
  endfacet
  facet normal 0 0 1
    outer loop
      vertex 58.1945 48.5393 18.6
      vertex 58.1945 46.4607 18.6
      vertex 58.293 46.5337 18.6
    endloop
  endfacet
  facet normal 0 0 1
    outer loop
      vertex 58.0892 48.6024 18.6
      vertex 58.1945 46.4607 18.6
      vertex 58.1945 48.5393 18.6
    endloop
  endfacet
  facet normal 0 0 1
    outer loop
      vertex 58.0892 48.6024 18.6
      vertex 58.0892 46.3976 18.6
      vertex 58.1945 46.4607 18.6
    endloop
  endfacet
  facet normal 0 0 1
    outer loop
      vertex 57.9784 48.6549 18.6
      vertex 58.0892 46.3976 18.6
      vertex 58.0892 48.6024 18.6
    endloop
  endfacet
  facet normal 0 0 1
    outer loop
      vertex 57.9784 48.6549 18.6
      vertex 57.9784 46.3451 18.6
      vertex 58.0892 46.3976 18.6
    endloop
  endfacet
  facet normal 0 0 1
    outer loop
      vertex 57.8629 48.6962 18.6
      vertex 57.9784 46.3451 18.6
      vertex 57.9784 48.6549 18.6
    endloop
  endfacet
  facet normal 0 0 1
    outer loop
      vertex 57.8629 48.6962 18.6
      vertex 57.8629 46.3038 18.6
      vertex 57.9784 46.3451 18.6
    endloop
  endfacet
  facet normal 0 0 1
    outer loop
      vertex 57.7439 48.726 18.6
      vertex 57.8629 46.3038 18.6
      vertex 57.8629 48.6962 18.6
    endloop
  endfacet
  facet normal 0 0 1
    outer loop
      vertex 57.7439 48.726 18.6
      vertex 57.7439 46.274 18.6
      vertex 57.8629 46.3038 18.6
    endloop
  endfacet
  facet normal 0 0 1
    outer loop
      vertex 57.6225 48.744 18.6
      vertex 57.7439 46.274 18.6
      vertex 57.7439 48.726 18.6
    endloop
  endfacet
  facet normal 0 0 1
    outer loop
      vertex 57.6225 48.744 18.6
      vertex 57.6225 46.256 18.6
      vertex 57.7439 46.274 18.6
    endloop
  endfacet
  facet normal 0 0 1
    outer loop
      vertex 57.5 48.75 18.6
      vertex 57.6225 46.256 18.6
      vertex 57.6225 48.744 18.6
    endloop
  endfacet
  facet normal 0 0 1
    outer loop
      vertex 57.5 48.75 18.6
      vertex 57.5 46.25 18.6
      vertex 57.6225 46.256 18.6
    endloop
  endfacet
  facet normal -0 0 1
    outer loop
      vertex 57.3775 48.744 18.6
      vertex 57.5 46.25 18.6
      vertex 57.5 48.75 18.6
    endloop
  endfacet
  facet normal 0 0 1
    outer loop
      vertex 57.3775 48.744 18.6
      vertex 57.3775 46.256 18.6
      vertex 57.5 46.25 18.6
    endloop
  endfacet
  facet normal -0 0 1
    outer loop
      vertex 57.2561 48.726 18.6
      vertex 57.3775 46.256 18.6
      vertex 57.3775 48.744 18.6
    endloop
  endfacet
  facet normal 0 0 1
    outer loop
      vertex 57.2561 48.726 18.6
      vertex 57.2561 46.274 18.6
      vertex 57.3775 46.256 18.6
    endloop
  endfacet
  facet normal -0 0 1
    outer loop
      vertex 57.1371 48.6962 18.6
      vertex 57.2561 46.274 18.6
      vertex 57.2561 48.726 18.6
    endloop
  endfacet
  facet normal 0 0 1
    outer loop
      vertex 57.1371 48.6962 18.6
      vertex 57.1371 46.3038 18.6
      vertex 57.2561 46.274 18.6
    endloop
  endfacet
  facet normal -0 0 1
    outer loop
      vertex 57.0216 48.6549 18.6
      vertex 57.1371 46.3038 18.6
      vertex 57.1371 48.6962 18.6
    endloop
  endfacet
  facet normal 0 0 1
    outer loop
      vertex 57.0216 48.6549 18.6
      vertex 57.0216 46.3451 18.6
      vertex 57.1371 46.3038 18.6
    endloop
  endfacet
  facet normal -0 0 1
    outer loop
      vertex 56.9108 48.6024 18.6
      vertex 57.0216 46.3451 18.6
      vertex 57.0216 48.6549 18.6
    endloop
  endfacet
  facet normal 0 0 1
    outer loop
      vertex 56.9108 48.6024 18.6
      vertex 56.9108 46.3976 18.6
      vertex 57.0216 46.3451 18.6
    endloop
  endfacet
  facet normal -0 0 1
    outer loop
      vertex 56.8055 48.5393 18.6
      vertex 56.9108 46.3976 18.6
      vertex 56.9108 48.6024 18.6
    endloop
  endfacet
  facet normal 0 0 1
    outer loop
      vertex 56.8055 48.5393 18.6
      vertex 56.8055 46.4607 18.6
      vertex 56.9108 46.3976 18.6
    endloop
  endfacet
  facet normal -0 0 1
    outer loop
      vertex 56.707 48.4663 18.6
      vertex 56.8055 46.4607 18.6
      vertex 56.8055 48.5393 18.6
    endloop
  endfacet
  facet normal 0 0 1
    outer loop
      vertex 56.707 48.4663 18.6
      vertex 56.707 46.5337 18.6
      vertex 56.8055 46.4607 18.6
    endloop
  endfacet
  facet normal -0 0 1
    outer loop
      vertex 56.6161 48.3839 18.6
      vertex 56.707 46.5337 18.6
      vertex 56.707 48.4663 18.6
    endloop
  endfacet
  facet normal 0 0 1
    outer loop
      vertex 56.6161 48.3839 18.6
      vertex 56.6161 46.6161 18.6
      vertex 56.707 46.5337 18.6
    endloop
  endfacet
  facet normal -0 0 1
    outer loop
      vertex 56.5337 48.293 18.6
      vertex 56.6161 46.6161 18.6
      vertex 56.6161 48.3839 18.6
    endloop
  endfacet
  facet normal 0 0 1
    outer loop
      vertex 56.5337 48.293 18.6
      vertex 56.5337 46.707 18.6
      vertex 56.6161 46.6161 18.6
    endloop
  endfacet
  facet normal -0 0 1
    outer loop
      vertex 56.4607 48.1945 18.6
      vertex 56.5337 46.707 18.6
      vertex 56.5337 48.293 18.6
    endloop
  endfacet
  facet normal 0 0 1
    outer loop
      vertex 56.4607 48.1945 18.6
      vertex 56.4607 46.8055 18.6
      vertex 56.5337 46.707 18.6
    endloop
  endfacet
  facet normal -0 0 1
    outer loop
      vertex 56.3976 48.0892 18.6
      vertex 56.4607 46.8055 18.6
      vertex 56.4607 48.1945 18.6
    endloop
  endfacet
  facet normal 0 0 1
    outer loop
      vertex 56.3976 48.0892 18.6
      vertex 56.3976 46.9108 18.6
      vertex 56.4607 46.8055 18.6
    endloop
  endfacet
  facet normal -0 0 1
    outer loop
      vertex 56.3451 47.9784 18.6
      vertex 56.3976 46.9108 18.6
      vertex 56.3976 48.0892 18.6
    endloop
  endfacet
  facet normal 0 0 1
    outer loop
      vertex 56.3451 47.9784 18.6
      vertex 56.3451 47.0216 18.6
      vertex 56.3976 46.9108 18.6
    endloop
  endfacet
  facet normal -0 0 1
    outer loop
      vertex 56.3038 47.8629 18.6
      vertex 56.3451 47.0216 18.6
      vertex 56.3451 47.9784 18.6
    endloop
  endfacet
  facet normal 0 0 1
    outer loop
      vertex 56.3038 47.8629 18.6
      vertex 56.3038 47.1371 18.6
      vertex 56.3451 47.0216 18.6
    endloop
  endfacet
  facet normal -0 0 1
    outer loop
      vertex 56.274 47.7439 18.6
      vertex 56.3038 47.1371 18.6
      vertex 56.3038 47.8629 18.6
    endloop
  endfacet
  facet normal 0 0 1
    outer loop
      vertex 56.274 47.7439 18.6
      vertex 56.274 47.2561 18.6
      vertex 56.3038 47.1371 18.6
    endloop
  endfacet
  facet normal -0 0 1
    outer loop
      vertex 56.256 47.6225 18.6
      vertex 56.274 47.2561 18.6
      vertex 56.274 47.7439 18.6
    endloop
  endfacet
  facet normal 0 0 1
    outer loop
      vertex 56.256 47.6225 18.6
      vertex 56.256 47.3775 18.6
      vertex 56.274 47.2561 18.6
    endloop
  endfacet
  facet normal 0 -0 1
    outer loop
      vertex 56.256 47.3775 18.6
      vertex 56.256 47.6225 18.6
      vertex 56.25 47.5 18.6
    endloop
  endfacet
  facet normal 0.941613 -0.336698 0
    outer loop
      vertex 56.3038 47.8629 30.6
      vertex 56.3451 47.9784 18.6
      vertex 56.3451 47.9784 30.6
    endloop
  endfacet
  facet normal 0.941613 -0.336698 0
    outer loop
      vertex 56.3451 47.9784 18.6
      vertex 56.3038 47.8629 30.6
      vertex 56.3038 47.8629 18.6
    endloop
  endfacet
  facet normal 0.989186 -0.146667 0
    outer loop
      vertex 56.256 47.6225 30.6
      vertex 56.274 47.7439 18.6
      vertex 56.274 47.7439 30.6
    endloop
  endfacet
  facet normal 0.989186 -0.146667 0
    outer loop
      vertex 56.274 47.7439 18.6
      vertex 56.256 47.6225 30.6
      vertex 56.256 47.6225 18.6
    endloop
  endfacet
  facet normal 0.595423 -0.803413 0
    outer loop
      vertex 56.707 48.4663 18.6
      vertex 56.8055 48.5393 30.6
      vertex 56.707 48.4663 30.6
    endloop
  endfacet
  facet normal 0.595423 -0.803413 0
    outer loop
      vertex 56.8055 48.5393 30.6
      vertex 56.707 48.4663 18.6
      vertex 56.8055 48.5393 18.6
    endloop
  endfacet
  facet normal 0.146667 -0.989186 0
    outer loop
      vertex 57.2561 48.726 18.6
      vertex 57.3775 48.744 30.6
      vertex 57.2561 48.726 30.6
    endloop
  endfacet
  facet normal 0.146667 -0.989186 0
    outer loop
      vertex 57.3775 48.744 30.6
      vertex 57.2561 48.726 18.6
      vertex 57.3775 48.744 18.6
    endloop
  endfacet
  facet normal 0.336698 -0.941613 0
    outer loop
      vertex 57.0216 48.6549 18.6
      vertex 57.1371 48.6962 30.6
      vertex 57.0216 48.6549 30.6
    endloop
  endfacet
  facet normal 0.336698 -0.941613 0
    outer loop
      vertex 57.1371 48.6962 30.6
      vertex 57.0216 48.6549 18.6
      vertex 57.1371 48.6962 18.6
    endloop
  endfacet
  facet normal 0.242919 -0.970047 0
    outer loop
      vertex 57.1371 48.6962 18.6
      vertex 57.2561 48.726 30.6
      vertex 57.1371 48.6962 30.6
    endloop
  endfacet
  facet normal 0.242919 -0.970047 0
    outer loop
      vertex 57.2561 48.726 30.6
      vertex 57.1371 48.6962 18.6
      vertex 57.2561 48.726 18.6
    endloop
  endfacet
  facet normal -0.146667 0.989186 0
    outer loop
      vertex 57.7439 46.274 18.6
      vertex 57.6225 46.256 30.6
      vertex 57.7439 46.274 30.6
    endloop
  endfacet
  facet normal -0.146667 0.989186 0
    outer loop
      vertex 57.6225 46.256 30.6
      vertex 57.7439 46.274 18.6
      vertex 57.6225 46.256 18.6
    endloop
  endfacet
  facet normal -0.242919 0.970047 0
    outer loop
      vertex 57.8629 46.3038 18.6
      vertex 57.7439 46.274 30.6
      vertex 57.8629 46.3038 30.6
    endloop
  endfacet
  facet normal -0.242919 0.970047 0
    outer loop
      vertex 57.7439 46.274 30.6
      vertex 57.8629 46.3038 18.6
      vertex 57.7439 46.274 18.6
    endloop
  endfacet
  facet normal -0.514016 0.85778 0
    outer loop
      vertex 58.1945 46.4607 18.6
      vertex 58.0892 46.3976 30.6
      vertex 58.1945 46.4607 30.6
    endloop
  endfacet
  facet normal -0.514016 0.85778 0
    outer loop
      vertex 58.0892 46.3976 30.6
      vertex 58.1945 46.4607 18.6
      vertex 58.0892 46.3976 18.6
    endloop
  endfacet
  facet normal -0.671617 0.740898 0
    outer loop
      vertex 58.3839 46.6161 18.6
      vertex 58.293 46.5337 30.6
      vertex 58.3839 46.6161 30.6
    endloop
  endfacet
  facet normal -0.671617 0.740898 0
    outer loop
      vertex 58.293 46.5337 30.6
      vertex 58.3839 46.6161 18.6
      vertex 58.293 46.5337 18.6
    endloop
  endfacet
  facet normal -0.595423 0.803413 0
    outer loop
      vertex 58.293 46.5337 18.6
      vertex 58.1945 46.4607 30.6
      vertex 58.293 46.5337 30.6
    endloop
  endfacet
  facet normal -0.595423 0.803413 0
    outer loop
      vertex 58.1945 46.4607 30.6
      vertex 58.293 46.5337 18.6
      vertex 58.1945 46.4607 18.6
    endloop
  endfacet
  facet normal -0.803413 0.595423 0
    outer loop
      vertex 58.4663 46.707 18.6
      vertex 58.5393 46.8055 30.6
      vertex 58.5393 46.8055 18.6
    endloop
  endfacet
  facet normal -0.803413 0.595423 0
    outer loop
      vertex 58.5393 46.8055 30.6
      vertex 58.4663 46.707 18.6
      vertex 58.4663 46.707 30.6
    endloop
  endfacet
  facet normal -0.85778 0.514016 0
    outer loop
      vertex 58.5393 46.8055 18.6
      vertex 58.6024 46.9108 30.6
      vertex 58.6024 46.9108 18.6
    endloop
  endfacet
  facet normal -0.85778 0.514016 0
    outer loop
      vertex 58.6024 46.9108 30.6
      vertex 58.5393 46.8055 18.6
      vertex 58.5393 46.8055 30.6
    endloop
  endfacet
  facet normal 0.0489209 0.998803 -0
    outer loop
      vertex 57.5 46.25 18.6
      vertex 57.3775 46.256 30.6
      vertex 57.5 46.25 30.6
    endloop
  endfacet
  facet normal 0.0489209 0.998803 0
    outer loop
      vertex 57.3775 46.256 30.6
      vertex 57.5 46.25 18.6
      vertex 57.3775 46.256 18.6
    endloop
  endfacet
  facet normal 0.595423 0.803413 -0
    outer loop
      vertex 56.8055 46.4607 18.6
      vertex 56.707 46.5337 30.6
      vertex 56.8055 46.4607 30.6
    endloop
  endfacet
  facet normal 0.595423 0.803413 0
    outer loop
      vertex 56.707 46.5337 30.6
      vertex 56.8055 46.4607 18.6
      vertex 56.707 46.5337 18.6
    endloop
  endfacet
  facet normal 0.336698 0.941613 -0
    outer loop
      vertex 57.1371 46.3038 18.6
      vertex 57.0216 46.3451 30.6
      vertex 57.1371 46.3038 30.6
    endloop
  endfacet
  facet normal 0.336698 0.941613 0
    outer loop
      vertex 57.0216 46.3451 30.6
      vertex 57.1371 46.3038 18.6
      vertex 57.0216 46.3451 18.6
    endloop
  endfacet
  facet normal -0.0489209 0.998803 0
    outer loop
      vertex 57.6225 46.256 18.6
      vertex 57.5 46.25 30.6
      vertex 57.6225 46.256 30.6
    endloop
  endfacet
  facet normal -0.0489209 0.998803 0
    outer loop
      vertex 57.5 46.25 30.6
      vertex 57.6225 46.256 18.6
      vertex 57.5 46.25 18.6
    endloop
  endfacet
  facet normal 0.514016 0.85778 -0
    outer loop
      vertex 56.9108 46.3976 18.6
      vertex 56.8055 46.4607 30.6
      vertex 56.9108 46.3976 30.6
    endloop
  endfacet
  facet normal 0.514016 0.85778 0
    outer loop
      vertex 56.8055 46.4607 30.6
      vertex 56.9108 46.3976 18.6
      vertex 56.8055 46.4607 18.6
    endloop
  endfacet
  facet normal 0.671617 0.740898 -0
    outer loop
      vertex 56.707 46.5337 18.6
      vertex 56.6161 46.6161 30.6
      vertex 56.707 46.5337 30.6
    endloop
  endfacet
  facet normal 0.671617 0.740898 0
    outer loop
      vertex 56.6161 46.6161 30.6
      vertex 56.707 46.5337 18.6
      vertex 56.6161 46.6161 18.6
    endloop
  endfacet
  facet normal 0.85778 0.514016 0
    outer loop
      vertex 56.4607 46.8055 30.6
      vertex 56.3976 46.9108 18.6
      vertex 56.3976 46.9108 30.6
    endloop
  endfacet
  facet normal 0.85778 0.514016 0
    outer loop
      vertex 56.3976 46.9108 18.6
      vertex 56.4607 46.8055 30.6
      vertex 56.4607 46.8055 18.6
    endloop
  endfacet
  facet normal 0.941613 0.336698 0
    outer loop
      vertex 56.3451 47.0216 30.6
      vertex 56.3038 47.1371 18.6
      vertex 56.3038 47.1371 30.6
    endloop
  endfacet
  facet normal 0.941613 0.336698 0
    outer loop
      vertex 56.3038 47.1371 18.6
      vertex 56.3451 47.0216 30.6
      vertex 56.3451 47.0216 18.6
    endloop
  endfacet
  facet normal 0.989186 0.146667 0
    outer loop
      vertex 56.274 47.2561 30.6
      vertex 56.256 47.3775 18.6
      vertex 56.256 47.3775 30.6
    endloop
  endfacet
  facet normal 0.989186 0.146667 0
    outer loop
      vertex 56.256 47.3775 18.6
      vertex 56.274 47.2561 30.6
      vertex 56.274 47.2561 18.6
    endloop
  endfacet
  facet normal 0.903688 0.428192 0
    outer loop
      vertex 56.3976 46.9108 30.6
      vertex 56.3451 47.0216 18.6
      vertex 56.3451 47.0216 30.6
    endloop
  endfacet
  facet normal 0.903688 0.428192 0
    outer loop
      vertex 56.3451 47.0216 18.6
      vertex 56.3976 46.9108 30.6
      vertex 56.3976 46.9108 18.6
    endloop
  endfacet
  facet normal -0.740898 -0.671617 0
    outer loop
      vertex 58.4663 48.293 18.6
      vertex 58.3839 48.3839 30.6
      vertex 58.3839 48.3839 18.6
    endloop
  endfacet
  facet normal -0.740898 -0.671617 0
    outer loop
      vertex 58.3839 48.3839 30.6
      vertex 58.4663 48.293 18.6
      vertex 58.4663 48.293 30.6
    endloop
  endfacet
  facet normal -0.242919 -0.970047 0
    outer loop
      vertex 57.7439 48.726 18.6
      vertex 57.8629 48.6962 30.6
      vertex 57.7439 48.726 30.6
    endloop
  endfacet
  facet normal -0.242919 -0.970047 -0
    outer loop
      vertex 57.8629 48.6962 30.6
      vertex 57.7439 48.726 18.6
      vertex 57.8629 48.6962 18.6
    endloop
  endfacet
  facet normal -0.428192 -0.903688 0
    outer loop
      vertex 57.9784 48.6549 18.6
      vertex 58.0892 48.6024 30.6
      vertex 57.9784 48.6549 30.6
    endloop
  endfacet
  facet normal -0.428192 -0.903688 -0
    outer loop
      vertex 58.0892 48.6024 30.6
      vertex 57.9784 48.6549 18.6
      vertex 58.0892 48.6024 18.6
    endloop
  endfacet
  facet normal 0.803413 -0.595423 0
    outer loop
      vertex 56.4607 48.1945 30.6
      vertex 56.5337 48.293 18.6
      vertex 56.5337 48.293 30.6
    endloop
  endfacet
  facet normal 0.803413 -0.595423 0
    outer loop
      vertex 56.5337 48.293 18.6
      vertex 56.4607 48.1945 30.6
      vertex 56.4607 48.1945 18.6
    endloop
  endfacet
  facet normal 0.998803 -0.0489209 0
    outer loop
      vertex 56.25 47.5 30.6
      vertex 56.256 47.6225 18.6
      vertex 56.256 47.6225 30.6
    endloop
  endfacet
  facet normal 0.998803 -0.0489209 0
    outer loop
      vertex 56.256 47.6225 18.6
      vertex 56.25 47.5 30.6
      vertex 56.25 47.5 18.6
    endloop
  endfacet
  facet normal 0.970047 -0.242919 0
    outer loop
      vertex 56.274 47.7439 30.6
      vertex 56.3038 47.8629 18.6
      vertex 56.3038 47.8629 30.6
    endloop
  endfacet
  facet normal 0.970047 -0.242919 0
    outer loop
      vertex 56.3038 47.8629 18.6
      vertex 56.274 47.7439 30.6
      vertex 56.274 47.7439 18.6
    endloop
  endfacet
  facet normal 0.671617 -0.740898 0
    outer loop
      vertex 56.6161 48.3839 18.6
      vertex 56.707 48.4663 30.6
      vertex 56.6161 48.3839 30.6
    endloop
  endfacet
  facet normal 0.671617 -0.740898 0
    outer loop
      vertex 56.707 48.4663 30.6
      vertex 56.6161 48.3839 18.6
      vertex 56.707 48.4663 18.6
    endloop
  endfacet
  facet normal 0.514016 -0.85778 0
    outer loop
      vertex 56.8055 48.5393 18.6
      vertex 56.9108 48.6024 30.6
      vertex 56.8055 48.5393 30.6
    endloop
  endfacet
  facet normal 0.514016 -0.85778 0
    outer loop
      vertex 56.9108 48.6024 30.6
      vertex 56.8055 48.5393 18.6
      vertex 56.9108 48.6024 18.6
    endloop
  endfacet
  facet normal -0.428192 0.903688 0
    outer loop
      vertex 58.0892 46.3976 18.6
      vertex 57.9784 46.3451 30.6
      vertex 58.0892 46.3976 30.6
    endloop
  endfacet
  facet normal -0.428192 0.903688 0
    outer loop
      vertex 57.9784 46.3451 30.6
      vertex 58.0892 46.3976 18.6
      vertex 57.9784 46.3451 18.6
    endloop
  endfacet
  facet normal -0.941613 0.336698 0
    outer loop
      vertex 58.6549 47.0216 18.6
      vertex 58.6962 47.1371 30.6
      vertex 58.6962 47.1371 18.6
    endloop
  endfacet
  facet normal -0.941613 0.336698 0
    outer loop
      vertex 58.6962 47.1371 30.6
      vertex 58.6549 47.0216 18.6
      vertex 58.6549 47.0216 30.6
    endloop
  endfacet
  facet normal -0.989186 0.146667 0
    outer loop
      vertex 58.726 47.2561 18.6
      vertex 58.744 47.3775 30.6
      vertex 58.744 47.3775 18.6
    endloop
  endfacet
  facet normal -0.989186 0.146667 0
    outer loop
      vertex 58.744 47.3775 30.6
      vertex 58.726 47.2561 18.6
      vertex 58.726 47.2561 30.6
    endloop
  endfacet
  facet normal -0.998803 0.0489209 0
    outer loop
      vertex 58.744 47.3775 18.6
      vertex 58.75 47.5 30.6
      vertex 58.75 47.5 18.6
    endloop
  endfacet
  facet normal -0.998803 0.0489209 0
    outer loop
      vertex 58.75 47.5 30.6
      vertex 58.744 47.3775 18.6
      vertex 58.744 47.3775 30.6
    endloop
  endfacet
  facet normal 0.146667 0.989186 -0
    outer loop
      vertex 57.3775 46.256 18.6
      vertex 57.2561 46.274 30.6
      vertex 57.3775 46.256 30.6
    endloop
  endfacet
  facet normal 0.146667 0.989186 0
    outer loop
      vertex 57.2561 46.274 30.6
      vertex 57.3775 46.256 18.6
      vertex 57.2561 46.274 18.6
    endloop
  endfacet
  facet normal 0.803413 0.595423 0
    outer loop
      vertex 56.5337 46.707 30.6
      vertex 56.4607 46.8055 18.6
      vertex 56.4607 46.8055 30.6
    endloop
  endfacet
  facet normal 0.803413 0.595423 0
    outer loop
      vertex 56.4607 46.8055 18.6
      vertex 56.5337 46.707 30.6
      vertex 56.5337 46.707 18.6
    endloop
  endfacet
  facet normal 0.970047 0.242919 0
    outer loop
      vertex 56.3038 47.1371 30.6
      vertex 56.274 47.2561 18.6
      vertex 56.274 47.2561 30.6
    endloop
  endfacet
  facet normal 0.970047 0.242919 0
    outer loop
      vertex 56.274 47.2561 18.6
      vertex 56.3038 47.1371 30.6
      vertex 56.3038 47.1371 18.6
    endloop
  endfacet
  facet normal -0.858278 -0.513184 0
    outer loop
      vertex 21.7055 10.1771 1
      vertex 21.6652 10.2445 7
      vertex 21.6652 10.2445 1
    endloop
  endfacet
  facet normal -0.858278 -0.513184 0
    outer loop
      vertex 21.6652 10.2445 7
      vertex 21.7055 10.1771 1
      vertex 21.7055 10.1771 7
    endloop
  endfacet
  facet normal -0.337546 -0.941309 0
    outer loop
      vertex 21.2322 10.5656 1
      vertex 21.3061 10.5391 7
      vertex 21.2322 10.5656 7
    endloop
  endfacet
  facet normal -0.337546 -0.941309 -0
    outer loop
      vertex 21.3061 10.5391 7
      vertex 21.2322 10.5656 1
      vertex 21.3061 10.5391 1
    endloop
  endfacet
  facet normal 0.427758 -0.903893 0
    outer loop
      vertex 20.6229 10.5055 1
      vertex 20.6939 10.5391 7
      vertex 20.6229 10.5055 7
    endloop
  endfacet
  facet normal 0.427758 -0.903893 0
    outer loop
      vertex 20.6939 10.5391 7
      vertex 20.6229 10.5055 1
      vertex 20.6939 10.5391 1
    endloop
  endfacet
  facet normal 0.903893 -0.427758 0
    outer loop
      vertex 20.2609 10.1061 7
      vertex 20.2945 10.1771 1
      vertex 20.2945 10.1771 7
    endloop
  endfacet
  facet normal 0.903893 -0.427758 0
    outer loop
      vertex 20.2945 10.1771 1
      vertex 20.2609 10.1061 7
      vertex 20.2609 10.1061 1
    endloop
  endfacet
  facet normal -0.998765 0.0496771 0
    outer loop
      vertex 21.7961 9.72159 1
      vertex 21.8 9.8 7
      vertex 21.8 9.8 1
    endloop
  endfacet
  facet normal -0.998765 0.0496771 0
    outer loop
      vertex 21.8 9.8 7
      vertex 21.7961 9.72159 1
      vertex 21.7961 9.72159 7
    endloop
  endfacet
  facet normal -0.0496835 -0.998765 0
    outer loop
      vertex 21 10.6 1
      vertex 21.0784 10.5961 7
      vertex 21 10.6 7
    endloop
  endfacet
  facet normal -0.0496835 -0.998765 -0
    outer loop
      vertex 21.0784 10.5961 7
      vertex 21 10.6 1
      vertex 21.0784 10.5961 1
    endloop
  endfacet
  facet normal -0.513184 -0.858278 0
    outer loop
      vertex 21.3771 10.5055 1
      vertex 21.4445 10.4652 7
      vertex 21.3771 10.5055 7
    endloop
  endfacet
  facet normal -0.513184 -0.858278 -0
    outer loop
      vertex 21.4445 10.4652 7
      vertex 21.3771 10.5055 1
      vertex 21.4445 10.4652 1
    endloop
  endfacet
  facet normal 0.989213 -0.146484 0
    outer loop
      vertex 20.2039 9.87841 7
      vertex 20.2154 9.95607 1
      vertex 20.2154 9.95607 7
    endloop
  endfacet
  facet normal 0.989213 -0.146484 0
    outer loop
      vertex 20.2154 9.95607 1
      vertex 20.2039 9.87841 7
      vertex 20.2039 9.87841 1
    endloop
  endfacet
  facet normal 0.802744 -0.596324 0
    outer loop
      vertex 20.3348 10.2445 7
      vertex 20.3816 10.3075 1
      vertex 20.3816 10.3075 7
    endloop
  endfacet
  facet normal 0.802744 -0.596324 0
    outer loop
      vertex 20.3816 10.3075 1
      vertex 20.3348 10.2445 7
      vertex 20.3348 10.2445 1
    endloop
  endfacet
  facet normal 0.242236 -0.970217 0
    outer loop
      vertex 20.7678 10.5656 1
      vertex 20.8439 10.5846 7
      vertex 20.7678 10.5656 7
    endloop
  endfacet
  facet normal 0.242236 -0.970217 0
    outer loop
      vertex 20.8439 10.5846 7
      vertex 20.7678 10.5656 1
      vertex 20.8439 10.5846 1
    endloop
  endfacet
  facet normal -0.513747 0.857942 0
    outer loop
      vertex 21.4445 9.13482 1
      vertex 21.3771 9.09446 7
      vertex 21.4445 9.13482 7
    endloop
  endfacet
  facet normal -0.513747 0.857942 0
    outer loop
      vertex 21.3771 9.09446 7
      vertex 21.4445 9.13482 1
      vertex 21.3771 9.09446 1
    endloop
  endfacet
  facet normal 0.903823 0.427906 0
    outer loop
      vertex 20.2945 9.42288 7
      vertex 20.2609 9.49385 1
      vertex 20.2609 9.49385 7
    endloop
  endfacet
  facet normal 0.903823 0.427906 0
    outer loop
      vertex 20.2609 9.49385 1
      vertex 20.2945 9.42288 7
      vertex 20.2945 9.42288 1
    endloop
  endfacet
  facet normal -0.989213 -0.146484 0
    outer loop
      vertex 21.7961 9.87841 1
      vertex 21.7846 9.95607 7
      vertex 21.7846 9.95607 1
    endloop
  endfacet
  facet normal -0.989213 -0.146484 0
    outer loop
      vertex 21.7846 9.95607 7
      vertex 21.7961 9.87841 1
      vertex 21.7961 9.87841 7
    endloop
  endfacet
  facet normal -0.802744 -0.596324 0
    outer loop
      vertex 21.6652 10.2445 1
      vertex 21.6184 10.3075 7
      vertex 21.6184 10.3075 1
    endloop
  endfacet
  facet normal -0.802744 -0.596324 0
    outer loop
      vertex 21.6184 10.3075 7
      vertex 21.6652 10.2445 1
      vertex 21.6652 10.2445 7
    endloop
  endfacet
  facet normal -0.671213 -0.741264 0
    outer loop
      vertex 21.5075 10.4184 1
      vertex 21.5657 10.3657 7
      vertex 21.5075 10.4184 7
    endloop
  endfacet
  facet normal -0.671213 -0.741264 -0
    outer loop
      vertex 21.5657 10.3657 7
      vertex 21.5075 10.4184 1
      vertex 21.5657 10.3657 1
    endloop
  endfacet
  facet normal -0.741264 -0.671213 0
    outer loop
      vertex 21.6184 10.3075 1
      vertex 21.5657 10.3657 7
      vertex 21.5657 10.3657 1
    endloop
  endfacet
  facet normal -0.741264 -0.671213 0
    outer loop
      vertex 21.5657 10.3657 7
      vertex 21.6184 10.3075 1
      vertex 21.6184 10.3075 7
    endloop
  endfacet
  facet normal 0.0496835 -0.998765 0
    outer loop
      vertex 20.9216 10.5961 1
      vertex 21 10.6 7
      vertex 20.9216 10.5961 7
    endloop
  endfacet
  facet normal 0.0496835 -0.998765 0
    outer loop
      vertex 21 10.6 7
      vertex 20.9216 10.5961 1
      vertex 21 10.6 1
    endloop
  endfacet
  facet normal -0.242236 -0.970217 0
    outer loop
      vertex 21.1561 10.5846 1
      vertex 21.2322 10.5656 7
      vertex 21.1561 10.5846 7
    endloop
  endfacet
  facet normal -0.242236 -0.970217 -0
    outer loop
      vertex 21.2322 10.5656 7
      vertex 21.1561 10.5846 1
      vertex 21.2322 10.5656 1
    endloop
  endfacet
  facet normal -0.14641 -0.989224 0
    outer loop
      vertex 21.0784 10.5961 1
      vertex 21.1561 10.5846 7
      vertex 21.0784 10.5961 7
    endloop
  endfacet
  facet normal -0.14641 -0.989224 -0
    outer loop
      vertex 21.1561 10.5846 7
      vertex 21.0784 10.5961 1
      vertex 21.1561 10.5846 1
    endloop
  endfacet
  facet normal -0.427758 -0.903893 0
    outer loop
      vertex 21.3061 10.5391 1
      vertex 21.3771 10.5055 7
      vertex 21.3061 10.5391 7
    endloop
  endfacet
  facet normal -0.427758 -0.903893 -0
    outer loop
      vertex 21.3771 10.5055 7
      vertex 21.3061 10.5391 1
      vertex 21.3771 10.5055 1
    endloop
  endfacet
  facet normal -0.596324 -0.802744 0
    outer loop
      vertex 21.4445 10.4652 1
      vertex 21.5075 10.4184 7
      vertex 21.4445 10.4652 7
    endloop
  endfacet
  facet normal -0.596324 -0.802744 -0
    outer loop
      vertex 21.5075 10.4184 7
      vertex 21.4445 10.4652 1
      vertex 21.5075 10.4184 1
    endloop
  endfacet
  facet normal 0.998765 -0.0496771 0
    outer loop
      vertex 20.2 9.8 7
      vertex 20.2039 9.87841 1
      vertex 20.2039 9.87841 7
    endloop
  endfacet
  facet normal 0.998765 -0.0496771 0
    outer loop
      vertex 20.2039 9.87841 1
      vertex 20.2 9.8 7
      vertex 20.2 9.8 1
    endloop
  endfacet
  facet normal 0.941309 -0.337546 0
    outer loop
      vertex 20.2344 10.0322 7
      vertex 20.2609 10.1061 1
      vertex 20.2609 10.1061 7
    endloop
  endfacet
  facet normal 0.941309 -0.337546 0
    outer loop
      vertex 20.2609 10.1061 1
      vertex 20.2344 10.0322 7
      vertex 20.2344 10.0322 1
    endloop
  endfacet
  facet normal 0.97024 -0.242146 0
    outer loop
      vertex 20.2154 9.95607 7
      vertex 20.2344 10.0322 1
      vertex 20.2344 10.0322 7
    endloop
  endfacet
  facet normal 0.97024 -0.242146 0
    outer loop
      vertex 20.2344 10.0322 1
      vertex 20.2154 9.95607 7
      vertex 20.2154 9.95607 1
    endloop
  endfacet
  facet normal 0.858278 -0.513184 0
    outer loop
      vertex 20.2945 10.1771 7
      vertex 20.3348 10.2445 1
      vertex 20.3348 10.2445 7
    endloop
  endfacet
  facet normal 0.858278 -0.513184 0
    outer loop
      vertex 20.3348 10.2445 1
      vertex 20.2945 10.1771 7
      vertex 20.2945 10.1771 1
    endloop
  endfacet
  facet normal 0.337546 -0.941309 0
    outer loop
      vertex 20.6939 10.5391 1
      vertex 20.7678 10.5656 7
      vertex 20.6939 10.5391 7
    endloop
  endfacet
  facet normal 0.337546 -0.941309 0
    outer loop
      vertex 20.7678 10.5656 7
      vertex 20.6939 10.5391 1
      vertex 20.7678 10.5656 1
    endloop
  endfacet
  facet normal 0.14641 -0.989224 0
    outer loop
      vertex 20.8439 10.5846 1
      vertex 20.9216 10.5961 7
      vertex 20.8439 10.5846 7
    endloop
  endfacet
  facet normal 0.14641 -0.989224 0
    outer loop
      vertex 20.9216 10.5961 7
      vertex 20.8439 10.5846 1
      vertex 20.9216 10.5961 1
    endloop
  endfacet
  facet normal 0.596324 -0.802744 0
    outer loop
      vertex 20.4925 10.4184 1
      vertex 20.5555 10.4652 7
      vertex 20.4925 10.4184 7
    endloop
  endfacet
  facet normal 0.596324 -0.802744 0
    outer loop
      vertex 20.5555 10.4652 7
      vertex 20.4925 10.4184 1
      vertex 20.5555 10.4652 1
    endloop
  endfacet
  facet normal 0.671213 -0.741264 0
    outer loop
      vertex 20.4343 10.3657 1
      vertex 20.4925 10.4184 7
      vertex 20.4343 10.3657 7
    endloop
  endfacet
  facet normal 0.671213 -0.741264 0
    outer loop
      vertex 20.4925 10.4184 7
      vertex 20.4343 10.3657 1
      vertex 20.4925 10.4184 1
    endloop
  endfacet
  facet normal 0.513184 -0.858278 0
    outer loop
      vertex 20.5555 10.4652 1
      vertex 20.6229 10.5055 7
      vertex 20.5555 10.4652 7
    endloop
  endfacet
  facet normal 0.513184 -0.858278 0
    outer loop
      vertex 20.6229 10.5055 7
      vertex 20.5555 10.4652 1
      vertex 20.6229 10.5055 1
    endloop
  endfacet
  facet normal 0.741264 -0.671213 0
    outer loop
      vertex 20.3816 10.3075 7
      vertex 20.4343 10.3657 1
      vertex 20.4343 10.3657 7
    endloop
  endfacet
  facet normal 0.741264 -0.671213 0
    outer loop
      vertex 20.4343 10.3657 1
      vertex 20.3816 10.3075 7
      vertex 20.3816 10.3075 1
    endloop
  endfacet
  facet normal -0.998765 -0.0496771 0
    outer loop
      vertex 21.8 9.8 1
      vertex 21.7961 9.87841 7
      vertex 21.7961 9.87841 1
    endloop
  endfacet
  facet normal -0.998765 -0.0496771 0
    outer loop
      vertex 21.7961 9.87841 7
      vertex 21.8 9.8 1
      vertex 21.8 9.8 7
    endloop
  endfacet
  facet normal -0.970262 0.242056 0
    outer loop
      vertex 21.7656 9.56777 1
      vertex 21.7846 9.64393 7
      vertex 21.7846 9.64393 1
    endloop
  endfacet
  facet normal -0.970262 0.242056 0
    outer loop
      vertex 21.7846 9.64393 7
      vertex 21.7656 9.56777 1
      vertex 21.7656 9.56777 7
    endloop
  endfacet
  facet normal -0.146659 0.989187 0
    outer loop
      vertex 21.1561 9.01537 1
      vertex 21.0784 9.00385 7
      vertex 21.1561 9.01537 7
    endloop
  endfacet
  facet normal -0.146659 0.989187 0
    outer loop
      vertex 21.0784 9.00385 7
      vertex 21.1561 9.01537 1
      vertex 21.0784 9.00385 1
    endloop
  endfacet
  facet normal -0.427342 0.90409 0
    outer loop
      vertex 21.3771 9.09446 1
      vertex 21.3061 9.0609 7
      vertex 21.3771 9.09446 7
    endloop
  endfacet
  facet normal -0.427342 0.90409 0
    outer loop
      vertex 21.3061 9.0609 7
      vertex 21.3771 9.09446 1
      vertex 21.3061 9.0609 1
    endloop
  endfacet
  facet normal -0.903893 -0.427758 0
    outer loop
      vertex 21.7391 10.1061 1
      vertex 21.7055 10.1771 7
      vertex 21.7055 10.1771 1
    endloop
  endfacet
  facet normal -0.903893 -0.427758 0
    outer loop
      vertex 21.7055 10.1771 7
      vertex 21.7391 10.1061 1
      vertex 21.7391 10.1061 7
    endloop
  endfacet
  facet normal -0.941309 -0.337546 0
    outer loop
      vertex 21.7656 10.0322 1
      vertex 21.7391 10.1061 7
      vertex 21.7391 10.1061 1
    endloop
  endfacet
  facet normal -0.941309 -0.337546 0
    outer loop
      vertex 21.7391 10.1061 7
      vertex 21.7656 10.0322 1
      vertex 21.7656 10.0322 7
    endloop
  endfacet
  facet normal -0.97024 -0.242146 0
    outer loop
      vertex 21.7846 9.95607 1
      vertex 21.7656 10.0322 7
      vertex 21.7656 10.0322 1
    endloop
  endfacet
  facet normal -0.97024 -0.242146 0
    outer loop
      vertex 21.7656 10.0322 7
      vertex 21.7846 9.95607 1
      vertex 21.7846 9.95607 7
    endloop
  endfacet
  facet normal -0.989213 0.146484 0
    outer loop
      vertex 21.7846 9.64393 1
      vertex 21.7961 9.72159 7
      vertex 21.7961 9.72159 1
    endloop
  endfacet
  facet normal -0.989213 0.146484 0
    outer loop
      vertex 21.7961 9.72159 7
      vertex 21.7846 9.64393 1
      vertex 21.7846 9.64393 7
    endloop
  endfacet
  facet normal -0.903823 0.427906 0
    outer loop
      vertex 21.7055 9.42288 1
      vertex 21.7391 9.49385 7
      vertex 21.7391 9.49385 1
    endloop
  endfacet
  facet normal -0.903823 0.427906 0
    outer loop
      vertex 21.7391 9.49385 7
      vertex 21.7055 9.42288 1
      vertex 21.7055 9.42288 7
    endloop
  endfacet
  facet normal -0.941338 0.337466 0
    outer loop
      vertex 21.7391 9.49385 1
      vertex 21.7656 9.56777 7
      vertex 21.7656 9.56777 1
    endloop
  endfacet
  facet normal -0.941338 0.337466 0
    outer loop
      vertex 21.7656 9.56777 7
      vertex 21.7391 9.49385 1
      vertex 21.7391 9.49385 7
    endloop
  endfacet
  facet normal -0.741149 0.67134 0
    outer loop
      vertex 21.5657 9.23431 1
      vertex 21.6184 9.29249 7
      vertex 21.6184 9.29249 1
    endloop
  endfacet
  facet normal -0.741149 0.67134 0
    outer loop
      vertex 21.6184 9.29249 7
      vertex 21.5657 9.23431 1
      vertex 21.5657 9.23431 7
    endloop
  endfacet
  facet normal -0.671353 0.741137 0
    outer loop
      vertex 21.5657 9.23431 1
      vertex 21.5075 9.18159 7
      vertex 21.5657 9.23431 7
    endloop
  endfacet
  facet normal -0.671353 0.741137 0
    outer loop
      vertex 21.5075 9.18159 7
      vertex 21.5657 9.23431 1
      vertex 21.5075 9.18159 1
    endloop
  endfacet
  facet normal 0.049048 0.998796 -0
    outer loop
      vertex 21 9 1
      vertex 20.9216 9.00385 7
      vertex 21 9 7
    endloop
  endfacet
  facet normal 0.049048 0.998796 0
    outer loop
      vertex 20.9216 9.00385 7
      vertex 21 9 1
      vertex 20.9216 9.00385 1
    endloop
  endfacet
  facet normal 0.146659 0.989187 -0
    outer loop
      vertex 20.9216 9.00385 1
      vertex 20.8439 9.01537 7
      vertex 20.9216 9.00385 7
    endloop
  endfacet
  facet normal 0.146659 0.989187 0
    outer loop
      vertex 20.8439 9.01537 7
      vertex 20.9216 9.00385 1
      vertex 20.8439 9.01537 1
    endloop
  endfacet
  facet normal 0.513747 0.857942 -0
    outer loop
      vertex 20.6229 9.09446 1
      vertex 20.5555 9.13482 7
      vertex 20.6229 9.09446 7
    endloop
  endfacet
  facet normal 0.513747 0.857942 0
    outer loop
      vertex 20.5555 9.13482 7
      vertex 20.6229 9.09446 1
      vertex 20.5555 9.13482 1
    endloop
  endfacet
  facet normal 0.998765 0.0496771 0
    outer loop
      vertex 20.2039 9.72159 7
      vertex 20.2 9.8 1
      vertex 20.2 9.8 7
    endloop
  endfacet
  facet normal 0.998765 0.0496771 0
    outer loop
      vertex 20.2 9.8 1
      vertex 20.2039 9.72159 7
      vertex 20.2039 9.72159 1
    endloop
  endfacet
  facet normal 0.970262 0.242056 0
    outer loop
      vertex 20.2344 9.56777 7
      vertex 20.2154 9.64393 1
      vertex 20.2154 9.64393 7
    endloop
  endfacet
  facet normal 0.970262 0.242056 0
    outer loop
      vertex 20.2154 9.64393 1
      vertex 20.2344 9.56777 7
      vertex 20.2344 9.56777 1
    endloop
  endfacet
  facet normal 0.80297 0.596019 0
    outer loop
      vertex 20.3816 9.29249 7
      vertex 20.3348 9.35554 1
      vertex 20.3348 9.35554 7
    endloop
  endfacet
  facet normal 0.80297 0.596019 0
    outer loop
      vertex 20.3348 9.35554 1
      vertex 20.3816 9.29249 7
      vertex 20.3816 9.29249 1
    endloop
  endfacet
  facet normal -0.596078 0.802927 0
    outer loop
      vertex 21.5075 9.18159 1
      vertex 21.4445 9.13482 7
      vertex 21.5075 9.18159 7
    endloop
  endfacet
  facet normal -0.596078 0.802927 0
    outer loop
      vertex 21.4445 9.13482 7
      vertex 21.5075 9.18159 1
      vertex 21.4445 9.13482 1
    endloop
  endfacet
  facet normal -0.80297 0.596019 0
    outer loop
      vertex 21.6184 9.29249 1
      vertex 21.6652 9.35554 7
      vertex 21.6652 9.35554 1
    endloop
  endfacet
  facet normal -0.80297 0.596019 0
    outer loop
      vertex 21.6652 9.35554 7
      vertex 21.6184 9.29249 1
      vertex 21.6184 9.29249 7
    endloop
  endfacet
  facet normal -0.858077 0.513521 0
    outer loop
      vertex 21.6652 9.35554 1
      vertex 21.7055 9.42288 7
      vertex 21.7055 9.42288 1
    endloop
  endfacet
  facet normal -0.858077 0.513521 0
    outer loop
      vertex 21.7055 9.42288 7
      vertex 21.6652 9.35554 1
      vertex 21.6652 9.35554 7
    endloop
  endfacet
  facet normal 0.671353 0.741137 -0
    outer loop
      vertex 20.4925 9.18159 1
      vertex 20.4343 9.23431 7
      vertex 20.4925 9.18159 7
    endloop
  endfacet
  facet normal 0.671353 0.741137 0
    outer loop
      vertex 20.4343 9.23431 7
      vertex 20.4925 9.18159 1
      vertex 20.4343 9.23431 1
    endloop
  endfacet
  facet normal 0.427342 0.90409 -0
    outer loop
      vertex 20.6939 9.0609 1
      vertex 20.6229 9.09446 7
      vertex 20.6939 9.0609 7
    endloop
  endfacet
  facet normal 0.427342 0.90409 0
    outer loop
      vertex 20.6229 9.09446 7
      vertex 20.6939 9.0609 1
      vertex 20.6229 9.09446 1
    endloop
  endfacet
  facet normal 0.336982 0.941511 -0
    outer loop
      vertex 20.7678 9.03445 1
      vertex 20.6939 9.0609 7
      vertex 20.7678 9.03445 7
    endloop
  endfacet
  facet normal 0.336982 0.941511 0
    outer loop
      vertex 20.6939 9.0609 7
      vertex 20.7678 9.03445 1
      vertex 20.6939 9.0609 1
    endloop
  endfacet
  facet normal 0.596078 0.802927 -0
    outer loop
      vertex 20.5555 9.13482 1
      vertex 20.4925 9.18159 7
      vertex 20.5555 9.13482 7
    endloop
  endfacet
  facet normal 0.596078 0.802927 0
    outer loop
      vertex 20.4925 9.18159 7
      vertex 20.5555 9.13482 1
      vertex 20.4925 9.18159 1
    endloop
  endfacet
  facet normal 0 0 1
    outer loop
      vertex 21.7961 9.87841 1
      vertex 21.7961 9.72159 1
      vertex 21.8 9.8 1
    endloop
  endfacet
  facet normal 0 0 1
    outer loop
      vertex 21.7846 9.95607 1
      vertex 21.7961 9.72159 1
      vertex 21.7961 9.87841 1
    endloop
  endfacet
  facet normal 0 0 1
    outer loop
      vertex 21.7846 9.95607 1
      vertex 21.7846 9.64393 1
      vertex 21.7961 9.72159 1
    endloop
  endfacet
  facet normal 0 0 1
    outer loop
      vertex 21.7656 10.0322 1
      vertex 21.7846 9.64393 1
      vertex 21.7846 9.95607 1
    endloop
  endfacet
  facet normal 0 0 1
    outer loop
      vertex 21.7656 10.0322 1
      vertex 21.7656 9.56777 1
      vertex 21.7846 9.64393 1
    endloop
  endfacet
  facet normal 0 0 1
    outer loop
      vertex 21.7391 10.1061 1
      vertex 21.7656 9.56777 1
      vertex 21.7656 10.0322 1
    endloop
  endfacet
  facet normal 0 0 1
    outer loop
      vertex 21.7391 10.1061 1
      vertex 21.7391 9.49385 1
      vertex 21.7656 9.56777 1
    endloop
  endfacet
  facet normal 0 0 1
    outer loop
      vertex 21.7055 10.1771 1
      vertex 21.7391 9.49385 1
      vertex 21.7391 10.1061 1
    endloop
  endfacet
  facet normal 0 0 1
    outer loop
      vertex 21.7055 10.1771 1
      vertex 21.7055 9.42288 1
      vertex 21.7391 9.49385 1
    endloop
  endfacet
  facet normal 0 0 1
    outer loop
      vertex 21.6652 10.2445 1
      vertex 21.7055 9.42288 1
      vertex 21.7055 10.1771 1
    endloop
  endfacet
  facet normal 0 0 1
    outer loop
      vertex 21.6652 10.2445 1
      vertex 21.6652 9.35554 1
      vertex 21.7055 9.42288 1
    endloop
  endfacet
  facet normal 0 0 1
    outer loop
      vertex 21.6184 10.3075 1
      vertex 21.6652 9.35554 1
      vertex 21.6652 10.2445 1
    endloop
  endfacet
  facet normal 0 0 1
    outer loop
      vertex 21.6184 10.3075 1
      vertex 21.6184 9.29249 1
      vertex 21.6652 9.35554 1
    endloop
  endfacet
  facet normal 0 0 1
    outer loop
      vertex 21.5657 10.3657 1
      vertex 21.6184 9.29249 1
      vertex 21.6184 10.3075 1
    endloop
  endfacet
  facet normal 0 0 1
    outer loop
      vertex 21.5657 10.3657 1
      vertex 21.5657 9.23431 1
      vertex 21.6184 9.29249 1
    endloop
  endfacet
  facet normal 0 0 1
    outer loop
      vertex 21.5075 10.4184 1
      vertex 21.5657 9.23431 1
      vertex 21.5657 10.3657 1
    endloop
  endfacet
  facet normal 0 0 1
    outer loop
      vertex 21.5075 10.4184 1
      vertex 21.5075 9.18159 1
      vertex 21.5657 9.23431 1
    endloop
  endfacet
  facet normal 0 0 1
    outer loop
      vertex 21.4445 10.4652 1
      vertex 21.5075 9.18159 1
      vertex 21.5075 10.4184 1
    endloop
  endfacet
  facet normal 0 0 1
    outer loop
      vertex 21.4445 10.4652 1
      vertex 21.4445 9.13482 1
      vertex 21.5075 9.18159 1
    endloop
  endfacet
  facet normal 0 0 1
    outer loop
      vertex 21.3771 10.5055 1
      vertex 21.4445 9.13482 1
      vertex 21.4445 10.4652 1
    endloop
  endfacet
  facet normal 0 0 1
    outer loop
      vertex 21.3771 10.5055 1
      vertex 21.3771 9.09446 1
      vertex 21.4445 9.13482 1
    endloop
  endfacet
  facet normal 0 0 1
    outer loop
      vertex 21.3061 10.5391 1
      vertex 21.3771 9.09446 1
      vertex 21.3771 10.5055 1
    endloop
  endfacet
  facet normal 0 0 1
    outer loop
      vertex 21.3061 10.5391 1
      vertex 21.3061 9.0609 1
      vertex 21.3771 9.09446 1
    endloop
  endfacet
  facet normal 0 0 1
    outer loop
      vertex 21.2322 10.5656 1
      vertex 21.3061 9.0609 1
      vertex 21.3061 10.5391 1
    endloop
  endfacet
  facet normal 0 0 1
    outer loop
      vertex 21.2322 10.5656 1
      vertex 21.2322 9.03445 1
      vertex 21.3061 9.0609 1
    endloop
  endfacet
  facet normal 0 0 1
    outer loop
      vertex 21.1561 10.5846 1
      vertex 21.2322 9.03445 1
      vertex 21.2322 10.5656 1
    endloop
  endfacet
  facet normal 0 0 1
    outer loop
      vertex 21.1561 10.5846 1
      vertex 21.1561 9.01537 1
      vertex 21.2322 9.03445 1
    endloop
  endfacet
  facet normal 0 0 1
    outer loop
      vertex 21.0784 10.5961 1
      vertex 21.1561 9.01537 1
      vertex 21.1561 10.5846 1
    endloop
  endfacet
  facet normal 0 0 1
    outer loop
      vertex 21.0784 10.5961 1
      vertex 21.0784 9.00385 1
      vertex 21.1561 9.01537 1
    endloop
  endfacet
  facet normal 0 0 1
    outer loop
      vertex 21 10.6 1
      vertex 21.0784 9.00385 1
      vertex 21.0784 10.5961 1
    endloop
  endfacet
  facet normal 0 0 1
    outer loop
      vertex 21 10.6 1
      vertex 21 9 1
      vertex 21.0784 9.00385 1
    endloop
  endfacet
  facet normal -0 0 1
    outer loop
      vertex 20.9216 10.5961 1
      vertex 21 9 1
      vertex 21 10.6 1
    endloop
  endfacet
  facet normal 0 0 1
    outer loop
      vertex 20.9216 10.5961 1
      vertex 20.9216 9.00385 1
      vertex 21 9 1
    endloop
  endfacet
  facet normal -0 0 1
    outer loop
      vertex 20.8439 10.5846 1
      vertex 20.9216 9.00385 1
      vertex 20.9216 10.5961 1
    endloop
  endfacet
  facet normal 0 0 1
    outer loop
      vertex 20.8439 10.5846 1
      vertex 20.8439 9.01537 1
      vertex 20.9216 9.00385 1
    endloop
  endfacet
  facet normal -0 0 1
    outer loop
      vertex 20.7678 10.5656 1
      vertex 20.8439 9.01537 1
      vertex 20.8439 10.5846 1
    endloop
  endfacet
  facet normal 0 0 1
    outer loop
      vertex 20.7678 10.5656 1
      vertex 20.7678 9.03445 1
      vertex 20.8439 9.01537 1
    endloop
  endfacet
  facet normal -0 0 1
    outer loop
      vertex 20.6939 10.5391 1
      vertex 20.7678 9.03445 1
      vertex 20.7678 10.5656 1
    endloop
  endfacet
  facet normal 0 0 1
    outer loop
      vertex 20.6939 10.5391 1
      vertex 20.6939 9.0609 1
      vertex 20.7678 9.03445 1
    endloop
  endfacet
  facet normal -0 0 1
    outer loop
      vertex 20.6229 10.5055 1
      vertex 20.6939 9.0609 1
      vertex 20.6939 10.5391 1
    endloop
  endfacet
  facet normal 0 0 1
    outer loop
      vertex 20.6229 10.5055 1
      vertex 20.6229 9.09446 1
      vertex 20.6939 9.0609 1
    endloop
  endfacet
  facet normal -0 0 1
    outer loop
      vertex 20.5555 10.4652 1
      vertex 20.6229 9.09446 1
      vertex 20.6229 10.5055 1
    endloop
  endfacet
  facet normal 0 0 1
    outer loop
      vertex 20.5555 10.4652 1
      vertex 20.5555 9.13482 1
      vertex 20.6229 9.09446 1
    endloop
  endfacet
  facet normal -0 0 1
    outer loop
      vertex 20.4925 10.4184 1
      vertex 20.5555 9.13482 1
      vertex 20.5555 10.4652 1
    endloop
  endfacet
  facet normal 0 0 1
    outer loop
      vertex 20.4925 10.4184 1
      vertex 20.4925 9.18159 1
      vertex 20.5555 9.13482 1
    endloop
  endfacet
  facet normal -0 0 1
    outer loop
      vertex 20.4343 10.3657 1
      vertex 20.4925 9.18159 1
      vertex 20.4925 10.4184 1
    endloop
  endfacet
  facet normal 0 0 1
    outer loop
      vertex 20.4343 10.3657 1
      vertex 20.4343 9.23431 1
      vertex 20.4925 9.18159 1
    endloop
  endfacet
  facet normal -0 0 1
    outer loop
      vertex 20.3816 10.3075 1
      vertex 20.4343 9.23431 1
      vertex 20.4343 10.3657 1
    endloop
  endfacet
  facet normal 0 0 1
    outer loop
      vertex 20.3816 10.3075 1
      vertex 20.3816 9.29249 1
      vertex 20.4343 9.23431 1
    endloop
  endfacet
  facet normal -0 0 1
    outer loop
      vertex 20.3348 10.2445 1
      vertex 20.3816 9.29249 1
      vertex 20.3816 10.3075 1
    endloop
  endfacet
  facet normal 0 0 1
    outer loop
      vertex 20.3348 10.2445 1
      vertex 20.3348 9.35554 1
      vertex 20.3816 9.29249 1
    endloop
  endfacet
  facet normal -0 0 1
    outer loop
      vertex 20.2945 10.1771 1
      vertex 20.3348 9.35554 1
      vertex 20.3348 10.2445 1
    endloop
  endfacet
  facet normal 0 0 1
    outer loop
      vertex 20.2945 10.1771 1
      vertex 20.2945 9.42288 1
      vertex 20.3348 9.35554 1
    endloop
  endfacet
  facet normal -0 0 1
    outer loop
      vertex 20.2609 10.1061 1
      vertex 20.2945 9.42288 1
      vertex 20.2945 10.1771 1
    endloop
  endfacet
  facet normal 0 0 1
    outer loop
      vertex 20.2609 10.1061 1
      vertex 20.2609 9.49385 1
      vertex 20.2945 9.42288 1
    endloop
  endfacet
  facet normal -0 0 1
    outer loop
      vertex 20.2344 10.0322 1
      vertex 20.2609 9.49385 1
      vertex 20.2609 10.1061 1
    endloop
  endfacet
  facet normal 0 0 1
    outer loop
      vertex 20.2344 10.0322 1
      vertex 20.2344 9.56777 1
      vertex 20.2609 9.49385 1
    endloop
  endfacet
  facet normal -0 0 1
    outer loop
      vertex 20.2154 9.95607 1
      vertex 20.2344 9.56777 1
      vertex 20.2344 10.0322 1
    endloop
  endfacet
  facet normal 0 0 1
    outer loop
      vertex 20.2154 9.95607 1
      vertex 20.2154 9.64393 1
      vertex 20.2344 9.56777 1
    endloop
  endfacet
  facet normal -0 0 1
    outer loop
      vertex 20.2039 9.87841 1
      vertex 20.2154 9.64393 1
      vertex 20.2154 9.95607 1
    endloop
  endfacet
  facet normal 0 0 1
    outer loop
      vertex 20.2039 9.87841 1
      vertex 20.2039 9.72159 1
      vertex 20.2154 9.64393 1
    endloop
  endfacet
  facet normal 0 -0 1
    outer loop
      vertex 20.2039 9.72159 1
      vertex 20.2039 9.87841 1
      vertex 20.2 9.8 1
    endloop
  endfacet
  facet normal 0.989213 0.146484 0
    outer loop
      vertex 20.2154 9.64393 7
      vertex 20.2039 9.72159 1
      vertex 20.2039 9.72159 7
    endloop
  endfacet
  facet normal 0.989213 0.146484 0
    outer loop
      vertex 20.2039 9.72159 1
      vertex 20.2154 9.64393 7
      vertex 20.2154 9.64393 1
    endloop
  endfacet
  facet normal 0.941338 0.337466 0
    outer loop
      vertex 20.2609 9.49385 7
      vertex 20.2344 9.56777 1
      vertex 20.2344 9.56777 7
    endloop
  endfacet
  facet normal 0.941338 0.337466 0
    outer loop
      vertex 20.2344 9.56777 1
      vertex 20.2609 9.49385 7
      vertex 20.2609 9.49385 1
    endloop
  endfacet
  facet normal 0.858077 0.513521 0
    outer loop
      vertex 20.3348 9.35554 7
      vertex 20.2945 9.42288 1
      vertex 20.2945 9.42288 7
    endloop
  endfacet
  facet normal 0.858077 0.513521 0
    outer loop
      vertex 20.2945 9.42288 1
      vertex 20.3348 9.35554 7
      vertex 20.3348 9.35554 1
    endloop
  endfacet
  facet normal 0.741149 0.67134 0
    outer loop
      vertex 20.4343 9.23431 7
      vertex 20.3816 9.29249 1
      vertex 20.3816 9.29249 7
    endloop
  endfacet
  facet normal 0.741149 0.67134 0
    outer loop
      vertex 20.3816 9.29249 1
      vertex 20.4343 9.23431 7
      vertex 20.4343 9.23431 1
    endloop
  endfacet
  facet normal -0.049048 0.998796 0
    outer loop
      vertex 21.0784 9.00385 1
      vertex 21 9 7
      vertex 21.0784 9.00385 7
    endloop
  endfacet
  facet normal -0.049048 0.998796 0
    outer loop
      vertex 21 9 7
      vertex 21.0784 9.00385 1
      vertex 21 9 1
    endloop
  endfacet
  facet normal 0.243195 0.969977 -0
    outer loop
      vertex 20.8439 9.01537 1
      vertex 20.7678 9.03445 7
      vertex 20.8439 9.01537 7
    endloop
  endfacet
  facet normal 0.243195 0.969977 0
    outer loop
      vertex 20.7678 9.03445 7
      vertex 20.8439 9.01537 1
      vertex 20.7678 9.03445 1
    endloop
  endfacet
  facet normal -0.336982 0.941511 0
    outer loop
      vertex 21.3061 9.0609 1
      vertex 21.2322 9.03445 7
      vertex 21.3061 9.0609 7
    endloop
  endfacet
  facet normal -0.336982 0.941511 0
    outer loop
      vertex 21.2322 9.03445 7
      vertex 21.3061 9.0609 1
      vertex 21.2322 9.03445 1
    endloop
  endfacet
  facet normal -0.243195 0.969977 0
    outer loop
      vertex 21.2322 9.03445 1
      vertex 21.1561 9.01537 7
      vertex 21.2322 9.03445 7
    endloop
  endfacet
  facet normal -0.243195 0.969977 0
    outer loop
      vertex 21.1561 9.01537 7
      vertex 21.2322 9.03445 1
      vertex 21.1561 9.01537 1
    endloop
  endfacet
  facet normal -0.596324 -0.802744 0
    outer loop
      vertex 21.4445 42.8652 1
      vertex 21.5075 42.8184 7
      vertex 21.4445 42.8652 7
    endloop
  endfacet
  facet normal -0.596324 -0.802744 -0
    outer loop
      vertex 21.5075 42.8184 7
      vertex 21.4445 42.8652 1
      vertex 21.5075 42.8184 1
    endloop
  endfacet
  facet normal 0.427758 -0.903893 0
    outer loop
      vertex 20.6229 42.9055 1
      vertex 20.6939 42.9391 7
      vertex 20.6229 42.9055 7
    endloop
  endfacet
  facet normal 0.427758 -0.903893 0
    outer loop
      vertex 20.6939 42.9391 7
      vertex 20.6229 42.9055 1
      vertex 20.6939 42.9391 1
    endloop
  endfacet
  facet normal 0.941309 -0.337546 0
    outer loop
      vertex 20.2344 42.4322 7
      vertex 20.2609 42.5061 1
      vertex 20.2609 42.5061 7
    endloop
  endfacet
  facet normal 0.941309 -0.337546 0
    outer loop
      vertex 20.2609 42.5061 1
      vertex 20.2344 42.4322 7
      vertex 20.2344 42.4322 1
    endloop
  endfacet
  facet normal -0.998765 0.0496835 0
    outer loop
      vertex 21.7961 42.1216 1
      vertex 21.8 42.2 7
      vertex 21.8 42.2 1
    endloop
  endfacet
  facet normal -0.998765 0.0496835 0
    outer loop
      vertex 21.8 42.2 7
      vertex 21.7961 42.1216 1
      vertex 21.7961 42.1216 7
    endloop
  endfacet
  facet normal 0.337546 0.941309 -0
    outer loop
      vertex 20.7678 41.4344 1
      vertex 20.6939 41.4609 7
      vertex 20.7678 41.4344 7
    endloop
  endfacet
  facet normal 0.337546 0.941309 0
    outer loop
      vertex 20.6939 41.4609 7
      vertex 20.7678 41.4344 1
      vertex 20.6939 41.4609 1
    endloop
  endfacet
  facet normal -0.903893 -0.427758 0
    outer loop
      vertex 21.7391 42.5061 1
      vertex 21.7055 42.5771 7
      vertex 21.7055 42.5771 1
    endloop
  endfacet
  facet normal -0.903893 -0.427758 0
    outer loop
      vertex 21.7055 42.5771 7
      vertex 21.7391 42.5061 1
      vertex 21.7391 42.5061 7
    endloop
  endfacet
  facet normal -0.858278 -0.513184 0
    outer loop
      vertex 21.7055 42.5771 1
      vertex 21.6652 42.6445 7
      vertex 21.6652 42.6445 1
    endloop
  endfacet
  facet normal -0.858278 -0.513184 0
    outer loop
      vertex 21.6652 42.6445 7
      vertex 21.7055 42.5771 1
      vertex 21.7055 42.5771 7
    endloop
  endfacet
  facet normal -0.337546 -0.941309 0
    outer loop
      vertex 21.2322 42.9656 1
      vertex 21.3061 42.9391 7
      vertex 21.2322 42.9656 7
    endloop
  endfacet
  facet normal -0.337546 -0.941309 -0
    outer loop
      vertex 21.3061 42.9391 7
      vertex 21.2322 42.9656 1
      vertex 21.3061 42.9391 1
    endloop
  endfacet
  facet normal -0.0496835 -0.998765 0
    outer loop
      vertex 21 43 1
      vertex 21.0784 42.9961 7
      vertex 21 43 7
    endloop
  endfacet
  facet normal -0.0496835 -0.998765 -0
    outer loop
      vertex 21.0784 42.9961 7
      vertex 21 43 1
      vertex 21.0784 42.9961 1
    endloop
  endfacet
  facet normal 0 0 1
    outer loop
      vertex 21.7961 42.2784 1
      vertex 21.7961 42.1216 1
      vertex 21.8 42.2 1
    endloop
  endfacet
  facet normal 0 0 1
    outer loop
      vertex 21.7846 42.3561 1
      vertex 21.7961 42.1216 1
      vertex 21.7961 42.2784 1
    endloop
  endfacet
  facet normal 0 0 1
    outer loop
      vertex 21.7846 42.3561 1
      vertex 21.7846 42.0439 1
      vertex 21.7961 42.1216 1
    endloop
  endfacet
  facet normal 0 0 1
    outer loop
      vertex 21.7656 42.4322 1
      vertex 21.7846 42.0439 1
      vertex 21.7846 42.3561 1
    endloop
  endfacet
  facet normal 0 0 1
    outer loop
      vertex 21.7656 42.4322 1
      vertex 21.7656 41.9678 1
      vertex 21.7846 42.0439 1
    endloop
  endfacet
  facet normal 0 0 1
    outer loop
      vertex 21.7391 42.5061 1
      vertex 21.7656 41.9678 1
      vertex 21.7656 42.4322 1
    endloop
  endfacet
  facet normal 0 0 1
    outer loop
      vertex 21.7391 42.5061 1
      vertex 21.7391 41.8939 1
      vertex 21.7656 41.9678 1
    endloop
  endfacet
  facet normal 0 0 1
    outer loop
      vertex 21.7055 42.5771 1
      vertex 21.7391 41.8939 1
      vertex 21.7391 42.5061 1
    endloop
  endfacet
  facet normal 0 0 1
    outer loop
      vertex 21.7055 42.5771 1
      vertex 21.7055 41.8229 1
      vertex 21.7391 41.8939 1
    endloop
  endfacet
  facet normal 0 0 1
    outer loop
      vertex 21.6652 42.6445 1
      vertex 21.7055 41.8229 1
      vertex 21.7055 42.5771 1
    endloop
  endfacet
  facet normal 0 0 1
    outer loop
      vertex 21.6652 42.6445 1
      vertex 21.6652 41.7555 1
      vertex 21.7055 41.8229 1
    endloop
  endfacet
  facet normal 0 0 1
    outer loop
      vertex 21.6184 42.7075 1
      vertex 21.6652 41.7555 1
      vertex 21.6652 42.6445 1
    endloop
  endfacet
  facet normal 0 0 1
    outer loop
      vertex 21.6184 42.7075 1
      vertex 21.6184 41.6925 1
      vertex 21.6652 41.7555 1
    endloop
  endfacet
  facet normal 0 0 1
    outer loop
      vertex 21.5657 42.7657 1
      vertex 21.6184 41.6925 1
      vertex 21.6184 42.7075 1
    endloop
  endfacet
  facet normal 0 0 1
    outer loop
      vertex 21.5657 42.7657 1
      vertex 21.5657 41.6343 1
      vertex 21.6184 41.6925 1
    endloop
  endfacet
  facet normal 0 0 1
    outer loop
      vertex 21.5075 42.8184 1
      vertex 21.5657 41.6343 1
      vertex 21.5657 42.7657 1
    endloop
  endfacet
  facet normal 0 0 1
    outer loop
      vertex 21.5075 42.8184 1
      vertex 21.5075 41.5816 1
      vertex 21.5657 41.6343 1
    endloop
  endfacet
  facet normal 0 0 1
    outer loop
      vertex 21.4445 42.8652 1
      vertex 21.5075 41.5816 1
      vertex 21.5075 42.8184 1
    endloop
  endfacet
  facet normal 0 0 1
    outer loop
      vertex 21.4445 42.8652 1
      vertex 21.4445 41.5348 1
      vertex 21.5075 41.5816 1
    endloop
  endfacet
  facet normal 0 0 1
    outer loop
      vertex 21.3771 42.9055 1
      vertex 21.4445 41.5348 1
      vertex 21.4445 42.8652 1
    endloop
  endfacet
  facet normal 0 0 1
    outer loop
      vertex 21.3771 42.9055 1
      vertex 21.3771 41.4945 1
      vertex 21.4445 41.5348 1
    endloop
  endfacet
  facet normal 0 0 1
    outer loop
      vertex 21.3061 42.9391 1
      vertex 21.3771 41.4945 1
      vertex 21.3771 42.9055 1
    endloop
  endfacet
  facet normal 0 0 1
    outer loop
      vertex 21.3061 42.9391 1
      vertex 21.3061 41.4609 1
      vertex 21.3771 41.4945 1
    endloop
  endfacet
  facet normal 0 0 1
    outer loop
      vertex 21.2322 42.9656 1
      vertex 21.3061 41.4609 1
      vertex 21.3061 42.9391 1
    endloop
  endfacet
  facet normal 0 0 1
    outer loop
      vertex 21.2322 42.9656 1
      vertex 21.2322 41.4344 1
      vertex 21.3061 41.4609 1
    endloop
  endfacet
  facet normal 0 0 1
    outer loop
      vertex 21.1561 42.9846 1
      vertex 21.2322 41.4344 1
      vertex 21.2322 42.9656 1
    endloop
  endfacet
  facet normal 0 0 1
    outer loop
      vertex 21.1561 42.9846 1
      vertex 21.1561 41.4154 1
      vertex 21.2322 41.4344 1
    endloop
  endfacet
  facet normal 0 0 1
    outer loop
      vertex 21.0784 42.9961 1
      vertex 21.1561 41.4154 1
      vertex 21.1561 42.9846 1
    endloop
  endfacet
  facet normal 0 0 1
    outer loop
      vertex 21.0784 42.9961 1
      vertex 21.0784 41.4039 1
      vertex 21.1561 41.4154 1
    endloop
  endfacet
  facet normal 0 0 1
    outer loop
      vertex 21 43 1
      vertex 21.0784 41.4039 1
      vertex 21.0784 42.9961 1
    endloop
  endfacet
  facet normal 0 0 1
    outer loop
      vertex 21 43 1
      vertex 21 41.4 1
      vertex 21.0784 41.4039 1
    endloop
  endfacet
  facet normal -0 0 1
    outer loop
      vertex 20.9216 42.9961 1
      vertex 21 41.4 1
      vertex 21 43 1
    endloop
  endfacet
  facet normal 0 0 1
    outer loop
      vertex 20.9216 42.9961 1
      vertex 20.9216 41.4039 1
      vertex 21 41.4 1
    endloop
  endfacet
  facet normal -0 0 1
    outer loop
      vertex 20.8439 42.9846 1
      vertex 20.9216 41.4039 1
      vertex 20.9216 42.9961 1
    endloop
  endfacet
  facet normal 0 0 1
    outer loop
      vertex 20.8439 42.9846 1
      vertex 20.8439 41.4154 1
      vertex 20.9216 41.4039 1
    endloop
  endfacet
  facet normal -0 0 1
    outer loop
      vertex 20.7678 42.9656 1
      vertex 20.8439 41.4154 1
      vertex 20.8439 42.9846 1
    endloop
  endfacet
  facet normal 0 0 1
    outer loop
      vertex 20.7678 42.9656 1
      vertex 20.7678 41.4344 1
      vertex 20.8439 41.4154 1
    endloop
  endfacet
  facet normal -0 0 1
    outer loop
      vertex 20.6939 42.9391 1
      vertex 20.7678 41.4344 1
      vertex 20.7678 42.9656 1
    endloop
  endfacet
  facet normal 0 0 1
    outer loop
      vertex 20.6939 42.9391 1
      vertex 20.6939 41.4609 1
      vertex 20.7678 41.4344 1
    endloop
  endfacet
  facet normal -0 0 1
    outer loop
      vertex 20.6229 42.9055 1
      vertex 20.6939 41.4609 1
      vertex 20.6939 42.9391 1
    endloop
  endfacet
  facet normal 0 0 1
    outer loop
      vertex 20.6229 42.9055 1
      vertex 20.6229 41.4945 1
      vertex 20.6939 41.4609 1
    endloop
  endfacet
  facet normal -0 0 1
    outer loop
      vertex 20.5555 42.8652 1
      vertex 20.6229 41.4945 1
      vertex 20.6229 42.9055 1
    endloop
  endfacet
  facet normal 0 0 1
    outer loop
      vertex 20.5555 42.8652 1
      vertex 20.5555 41.5348 1
      vertex 20.6229 41.4945 1
    endloop
  endfacet
  facet normal -0 0 1
    outer loop
      vertex 20.4925 42.8184 1
      vertex 20.5555 41.5348 1
      vertex 20.5555 42.8652 1
    endloop
  endfacet
  facet normal 0 0 1
    outer loop
      vertex 20.4925 42.8184 1
      vertex 20.4925 41.5816 1
      vertex 20.5555 41.5348 1
    endloop
  endfacet
  facet normal -0 0 1
    outer loop
      vertex 20.4343 42.7657 1
      vertex 20.4925 41.5816 1
      vertex 20.4925 42.8184 1
    endloop
  endfacet
  facet normal 0 0 1
    outer loop
      vertex 20.4343 42.7657 1
      vertex 20.4343 41.6343 1
      vertex 20.4925 41.5816 1
    endloop
  endfacet
  facet normal -0 0 1
    outer loop
      vertex 20.3816 42.7075 1
      vertex 20.4343 41.6343 1
      vertex 20.4343 42.7657 1
    endloop
  endfacet
  facet normal 0 0 1
    outer loop
      vertex 20.3816 42.7075 1
      vertex 20.3816 41.6925 1
      vertex 20.4343 41.6343 1
    endloop
  endfacet
  facet normal -0 0 1
    outer loop
      vertex 20.3348 42.6445 1
      vertex 20.3816 41.6925 1
      vertex 20.3816 42.7075 1
    endloop
  endfacet
  facet normal 0 0 1
    outer loop
      vertex 20.3348 42.6445 1
      vertex 20.3348 41.7555 1
      vertex 20.3816 41.6925 1
    endloop
  endfacet
  facet normal -0 0 1
    outer loop
      vertex 20.2945 42.5771 1
      vertex 20.3348 41.7555 1
      vertex 20.3348 42.6445 1
    endloop
  endfacet
  facet normal 0 0 1
    outer loop
      vertex 20.2945 42.5771 1
      vertex 20.2945 41.8229 1
      vertex 20.3348 41.7555 1
    endloop
  endfacet
  facet normal -0 0 1
    outer loop
      vertex 20.2609 42.5061 1
      vertex 20.2945 41.8229 1
      vertex 20.2945 42.5771 1
    endloop
  endfacet
  facet normal 0 0 1
    outer loop
      vertex 20.2609 42.5061 1
      vertex 20.2609 41.8939 1
      vertex 20.2945 41.8229 1
    endloop
  endfacet
  facet normal -0 0 1
    outer loop
      vertex 20.2344 42.4322 1
      vertex 20.2609 41.8939 1
      vertex 20.2609 42.5061 1
    endloop
  endfacet
  facet normal 0 0 1
    outer loop
      vertex 20.2344 42.4322 1
      vertex 20.2344 41.9678 1
      vertex 20.2609 41.8939 1
    endloop
  endfacet
  facet normal -0 0 1
    outer loop
      vertex 20.2154 42.3561 1
      vertex 20.2344 41.9678 1
      vertex 20.2344 42.4322 1
    endloop
  endfacet
  facet normal 0 0 1
    outer loop
      vertex 20.2154 42.3561 1
      vertex 20.2154 42.0439 1
      vertex 20.2344 41.9678 1
    endloop
  endfacet
  facet normal -0 0 1
    outer loop
      vertex 20.2039 42.2784 1
      vertex 20.2154 42.0439 1
      vertex 20.2154 42.3561 1
    endloop
  endfacet
  facet normal 0 0 1
    outer loop
      vertex 20.2039 42.2784 1
      vertex 20.2039 42.1216 1
      vertex 20.2154 42.0439 1
    endloop
  endfacet
  facet normal 0 -0 1
    outer loop
      vertex 20.2039 42.1216 1
      vertex 20.2039 42.2784 1
      vertex 20.2 42.2 1
    endloop
  endfacet
  facet normal 0.998765 -0.0496835 0
    outer loop
      vertex 20.2 42.2 7
      vertex 20.2039 42.2784 1
      vertex 20.2039 42.2784 7
    endloop
  endfacet
  facet normal 0.998765 -0.0496835 0
    outer loop
      vertex 20.2039 42.2784 1
      vertex 20.2 42.2 7
      vertex 20.2 42.2 1
    endloop
  endfacet
  facet normal 0.802744 -0.596324 0
    outer loop
      vertex 20.3348 42.6445 7
      vertex 20.3816 42.7075 1
      vertex 20.3816 42.7075 7
    endloop
  endfacet
  facet normal 0.802744 -0.596324 0
    outer loop
      vertex 20.3816 42.7075 1
      vertex 20.3348 42.6445 7
      vertex 20.3348 42.6445 1
    endloop
  endfacet
  facet normal 0.242236 -0.970217 0
    outer loop
      vertex 20.7678 42.9656 1
      vertex 20.8439 42.9846 7
      vertex 20.7678 42.9656 7
    endloop
  endfacet
  facet normal 0.242236 -0.970217 0
    outer loop
      vertex 20.8439 42.9846 7
      vertex 20.7678 42.9656 1
      vertex 20.8439 42.9846 1
    endloop
  endfacet
  facet normal -0.941309 0.337546 0
    outer loop
      vertex 21.7391 41.8939 1
      vertex 21.7656 41.9678 7
      vertex 21.7656 41.9678 1
    endloop
  endfacet
  facet normal -0.941309 0.337546 0
    outer loop
      vertex 21.7656 41.9678 7
      vertex 21.7391 41.8939 1
      vertex 21.7391 41.8939 7
    endloop
  endfacet
  facet normal 0.0496835 0.998765 -0
    outer loop
      vertex 21 41.4 1
      vertex 20.9216 41.4039 7
      vertex 21 41.4 7
    endloop
  endfacet
  facet normal 0.0496835 0.998765 0
    outer loop
      vertex 20.9216 41.4039 7
      vertex 21 41.4 1
      vertex 20.9216 41.4039 1
    endloop
  endfacet
  facet normal 0.596324 0.802744 -0
    outer loop
      vertex 20.5555 41.5348 1
      vertex 20.4925 41.5816 7
      vertex 20.5555 41.5348 7
    endloop
  endfacet
  facet normal 0.596324 0.802744 0
    outer loop
      vertex 20.4925 41.5816 7
      vertex 20.5555 41.5348 1
      vertex 20.4925 41.5816 1
    endloop
  endfacet
  facet normal -0.989224 -0.14641 0
    outer loop
      vertex 21.7961 42.2784 1
      vertex 21.7846 42.3561 7
      vertex 21.7846 42.3561 1
    endloop
  endfacet
  facet normal -0.989224 -0.14641 0
    outer loop
      vertex 21.7846 42.3561 7
      vertex 21.7961 42.2784 1
      vertex 21.7961 42.2784 7
    endloop
  endfacet
  facet normal -0.970217 -0.242236 0
    outer loop
      vertex 21.7846 42.3561 1
      vertex 21.7656 42.4322 7
      vertex 21.7656 42.4322 1
    endloop
  endfacet
  facet normal -0.970217 -0.242236 0
    outer loop
      vertex 21.7656 42.4322 7
      vertex 21.7846 42.3561 1
      vertex 21.7846 42.3561 7
    endloop
  endfacet
  facet normal -0.941309 -0.337546 0
    outer loop
      vertex 21.7656 42.4322 1
      vertex 21.7391 42.5061 7
      vertex 21.7391 42.5061 1
    endloop
  endfacet
  facet normal -0.941309 -0.337546 0
    outer loop
      vertex 21.7391 42.5061 7
      vertex 21.7656 42.4322 1
      vertex 21.7656 42.4322 7
    endloop
  endfacet
  facet normal -0.741264 -0.671213 0
    outer loop
      vertex 21.6184 42.7075 1
      vertex 21.5657 42.7657 7
      vertex 21.5657 42.7657 1
    endloop
  endfacet
  facet normal -0.741264 -0.671213 0
    outer loop
      vertex 21.5657 42.7657 7
      vertex 21.6184 42.7075 1
      vertex 21.6184 42.7075 7
    endloop
  endfacet
  facet normal -0.802744 -0.596324 0
    outer loop
      vertex 21.6652 42.6445 1
      vertex 21.6184 42.7075 7
      vertex 21.6184 42.7075 1
    endloop
  endfacet
  facet normal -0.802744 -0.596324 0
    outer loop
      vertex 21.6184 42.7075 7
      vertex 21.6652 42.6445 1
      vertex 21.6652 42.6445 7
    endloop
  endfacet
  facet normal -0.671213 -0.741264 0
    outer loop
      vertex 21.5075 42.8184 1
      vertex 21.5657 42.7657 7
      vertex 21.5075 42.8184 7
    endloop
  endfacet
  facet normal -0.671213 -0.741264 -0
    outer loop
      vertex 21.5657 42.7657 7
      vertex 21.5075 42.8184 1
      vertex 21.5657 42.7657 1
    endloop
  endfacet
  facet normal -0.513184 -0.858278 0
    outer loop
      vertex 21.3771 42.9055 1
      vertex 21.4445 42.8652 7
      vertex 21.3771 42.9055 7
    endloop
  endfacet
  facet normal -0.513184 -0.858278 -0
    outer loop
      vertex 21.4445 42.8652 7
      vertex 21.3771 42.9055 1
      vertex 21.4445 42.8652 1
    endloop
  endfacet
  facet normal 0.0496835 -0.998765 0
    outer loop
      vertex 20.9216 42.9961 1
      vertex 21 43 7
      vertex 20.9216 42.9961 7
    endloop
  endfacet
  facet normal 0.0496835 -0.998765 0
    outer loop
      vertex 21 43 7
      vertex 20.9216 42.9961 1
      vertex 21 43 1
    endloop
  endfacet
  facet normal -0.427758 -0.903893 0
    outer loop
      vertex 21.3061 42.9391 1
      vertex 21.3771 42.9055 7
      vertex 21.3061 42.9391 7
    endloop
  endfacet
  facet normal -0.427758 -0.903893 -0
    outer loop
      vertex 21.3771 42.9055 7
      vertex 21.3061 42.9391 1
      vertex 21.3771 42.9055 1
    endloop
  endfacet
  facet normal -0.242236 -0.970217 0
    outer loop
      vertex 21.1561 42.9846 1
      vertex 21.2322 42.9656 7
      vertex 21.1561 42.9846 7
    endloop
  endfacet
  facet normal -0.242236 -0.970217 -0
    outer loop
      vertex 21.2322 42.9656 7
      vertex 21.1561 42.9846 1
      vertex 21.2322 42.9656 1
    endloop
  endfacet
  facet normal -0.14641 -0.989224 0
    outer loop
      vertex 21.0784 42.9961 1
      vertex 21.1561 42.9846 7
      vertex 21.0784 42.9961 7
    endloop
  endfacet
  facet normal -0.14641 -0.989224 -0
    outer loop
      vertex 21.1561 42.9846 7
      vertex 21.0784 42.9961 1
      vertex 21.1561 42.9846 1
    endloop
  endfacet
  facet normal 0.970217 -0.242236 0
    outer loop
      vertex 20.2154 42.3561 7
      vertex 20.2344 42.4322 1
      vertex 20.2344 42.4322 7
    endloop
  endfacet
  facet normal 0.970217 -0.242236 0
    outer loop
      vertex 20.2344 42.4322 1
      vertex 20.2154 42.3561 7
      vertex 20.2154 42.3561 1
    endloop
  endfacet
  facet normal 0.989224 -0.14641 0
    outer loop
      vertex 20.2039 42.2784 7
      vertex 20.2154 42.3561 1
      vertex 20.2154 42.3561 7
    endloop
  endfacet
  facet normal 0.989224 -0.14641 0
    outer loop
      vertex 20.2154 42.3561 1
      vertex 20.2039 42.2784 7
      vertex 20.2039 42.2784 1
    endloop
  endfacet
  facet normal 0.903893 -0.427758 0
    outer loop
      vertex 20.2609 42.5061 7
      vertex 20.2945 42.5771 1
      vertex 20.2945 42.5771 7
    endloop
  endfacet
  facet normal 0.903893 -0.427758 0
    outer loop
      vertex 20.2945 42.5771 1
      vertex 20.2609 42.5061 7
      vertex 20.2609 42.5061 1
    endloop
  endfacet
  facet normal 0.858278 -0.513184 0
    outer loop
      vertex 20.2945 42.5771 7
      vertex 20.3348 42.6445 1
      vertex 20.3348 42.6445 7
    endloop
  endfacet
  facet normal 0.858278 -0.513184 0
    outer loop
      vertex 20.3348 42.6445 1
      vertex 20.2945 42.5771 7
      vertex 20.2945 42.5771 1
    endloop
  endfacet
  facet normal 0.337546 -0.941309 0
    outer loop
      vertex 20.6939 42.9391 1
      vertex 20.7678 42.9656 7
      vertex 20.6939 42.9391 7
    endloop
  endfacet
  facet normal 0.337546 -0.941309 0
    outer loop
      vertex 20.7678 42.9656 7
      vertex 20.6939 42.9391 1
      vertex 20.7678 42.9656 1
    endloop
  endfacet
  facet normal 0.14641 -0.989224 0
    outer loop
      vertex 20.8439 42.9846 1
      vertex 20.9216 42.9961 7
      vertex 20.8439 42.9846 7
    endloop
  endfacet
  facet normal 0.14641 -0.989224 0
    outer loop
      vertex 20.9216 42.9961 7
      vertex 20.8439 42.9846 1
      vertex 20.9216 42.9961 1
    endloop
  endfacet
  facet normal 0.596324 -0.802744 0
    outer loop
      vertex 20.4925 42.8184 1
      vertex 20.5555 42.8652 7
      vertex 20.4925 42.8184 7
    endloop
  endfacet
  facet normal 0.596324 -0.802744 0
    outer loop
      vertex 20.5555 42.8652 7
      vertex 20.4925 42.8184 1
      vertex 20.5555 42.8652 1
    endloop
  endfacet
  facet normal 0.671213 -0.741264 0
    outer loop
      vertex 20.4343 42.7657 1
      vertex 20.4925 42.8184 7
      vertex 20.4343 42.7657 7
    endloop
  endfacet
  facet normal 0.671213 -0.741264 0
    outer loop
      vertex 20.4925 42.8184 7
      vertex 20.4343 42.7657 1
      vertex 20.4925 42.8184 1
    endloop
  endfacet
  facet normal 0.513184 -0.858278 0
    outer loop
      vertex 20.5555 42.8652 1
      vertex 20.6229 42.9055 7
      vertex 20.5555 42.8652 7
    endloop
  endfacet
  facet normal 0.513184 -0.858278 0
    outer loop
      vertex 20.6229 42.9055 7
      vertex 20.5555 42.8652 1
      vertex 20.6229 42.9055 1
    endloop
  endfacet
  facet normal 0.741264 -0.671213 0
    outer loop
      vertex 20.3816 42.7075 7
      vertex 20.4343 42.7657 1
      vertex 20.4343 42.7657 7
    endloop
  endfacet
  facet normal 0.741264 -0.671213 0
    outer loop
      vertex 20.4343 42.7657 1
      vertex 20.3816 42.7075 7
      vertex 20.3816 42.7075 1
    endloop
  endfacet
  facet normal -0.998765 -0.0496835 0
    outer loop
      vertex 21.8 42.2 1
      vertex 21.7961 42.2784 7
      vertex 21.7961 42.2784 1
    endloop
  endfacet
  facet normal -0.998765 -0.0496835 0
    outer loop
      vertex 21.7961 42.2784 7
      vertex 21.8 42.2 1
      vertex 21.8 42.2 7
    endloop
  endfacet
  facet normal -0.14641 0.989224 0
    outer loop
      vertex 21.1561 41.4154 1
      vertex 21.0784 41.4039 7
      vertex 21.1561 41.4154 7
    endloop
  endfacet
  facet normal -0.14641 0.989224 0
    outer loop
      vertex 21.0784 41.4039 7
      vertex 21.1561 41.4154 1
      vertex 21.0784 41.4039 1
    endloop
  endfacet
  facet normal -0.970217 0.242236 0
    outer loop
      vertex 21.7656 41.9678 1
      vertex 21.7846 42.0439 7
      vertex 21.7846 42.0439 1
    endloop
  endfacet
  facet normal -0.970217 0.242236 0
    outer loop
      vertex 21.7846 42.0439 7
      vertex 21.7656 41.9678 1
      vertex 21.7656 41.9678 7
    endloop
  endfacet
  facet normal -0.802744 0.596324 0
    outer loop
      vertex 21.6184 41.6925 1
      vertex 21.6652 41.7555 7
      vertex 21.6652 41.7555 1
    endloop
  endfacet
  facet normal -0.802744 0.596324 0
    outer loop
      vertex 21.6652 41.7555 7
      vertex 21.6184 41.6925 1
      vertex 21.6184 41.6925 7
    endloop
  endfacet
  facet normal -0.903893 0.427758 0
    outer loop
      vertex 21.7055 41.8229 1
      vertex 21.7391 41.8939 7
      vertex 21.7391 41.8939 1
    endloop
  endfacet
  facet normal -0.903893 0.427758 0
    outer loop
      vertex 21.7391 41.8939 7
      vertex 21.7055 41.8229 1
      vertex 21.7055 41.8229 7
    endloop
  endfacet
  facet normal -0.337546 0.941309 0
    outer loop
      vertex 21.3061 41.4609 1
      vertex 21.2322 41.4344 7
      vertex 21.3061 41.4609 7
    endloop
  endfacet
  facet normal -0.337546 0.941309 0
    outer loop
      vertex 21.2322 41.4344 7
      vertex 21.3061 41.4609 1
      vertex 21.2322 41.4344 1
    endloop
  endfacet
  facet normal -0.671213 0.741264 0
    outer loop
      vertex 21.5657 41.6343 1
      vertex 21.5075 41.5816 7
      vertex 21.5657 41.6343 7
    endloop
  endfacet
  facet normal -0.671213 0.741264 0
    outer loop
      vertex 21.5075 41.5816 7
      vertex 21.5657 41.6343 1
      vertex 21.5075 41.5816 1
    endloop
  endfacet
  facet normal -0.513184 0.858278 0
    outer loop
      vertex 21.4445 41.5348 1
      vertex 21.3771 41.4945 7
      vertex 21.4445 41.5348 7
    endloop
  endfacet
  facet normal -0.513184 0.858278 0
    outer loop
      vertex 21.3771 41.4945 7
      vertex 21.4445 41.5348 1
      vertex 21.3771 41.4945 1
    endloop
  endfacet
  facet normal -0.0496835 0.998765 0
    outer loop
      vertex 21.0784 41.4039 1
      vertex 21 41.4 7
      vertex 21.0784 41.4039 7
    endloop
  endfacet
  facet normal -0.0496835 0.998765 0
    outer loop
      vertex 21 41.4 7
      vertex 21.0784 41.4039 1
      vertex 21 41.4 1
    endloop
  endfacet
  facet normal 0.242236 0.970217 -0
    outer loop
      vertex 20.8439 41.4154 1
      vertex 20.7678 41.4344 7
      vertex 20.8439 41.4154 7
    endloop
  endfacet
  facet normal 0.242236 0.970217 0
    outer loop
      vertex 20.7678 41.4344 7
      vertex 20.8439 41.4154 1
      vertex 20.7678 41.4344 1
    endloop
  endfacet
  facet normal 0.427758 0.903893 -0
    outer loop
      vertex 20.6939 41.4609 1
      vertex 20.6229 41.4945 7
      vertex 20.6939 41.4609 7
    endloop
  endfacet
  facet normal 0.427758 0.903893 0
    outer loop
      vertex 20.6229 41.4945 7
      vertex 20.6939 41.4609 1
      vertex 20.6229 41.4945 1
    endloop
  endfacet
  facet normal 0.941309 0.337546 0
    outer loop
      vertex 20.2609 41.8939 7
      vertex 20.2344 41.9678 1
      vertex 20.2344 41.9678 7
    endloop
  endfacet
  facet normal 0.941309 0.337546 0
    outer loop
      vertex 20.2344 41.9678 1
      vertex 20.2609 41.8939 7
      vertex 20.2609 41.8939 1
    endloop
  endfacet
  facet normal 0.989224 0.14641 0
    outer loop
      vertex 20.2154 42.0439 7
      vertex 20.2039 42.1216 1
      vertex 20.2039 42.1216 7
    endloop
  endfacet
  facet normal 0.989224 0.14641 0
    outer loop
      vertex 20.2039 42.1216 1
      vertex 20.2154 42.0439 7
      vertex 20.2154 42.0439 1
    endloop
  endfacet
  facet normal 0.741264 0.671213 0
    outer loop
      vertex 20.4343 41.6343 7
      vertex 20.3816 41.6925 1
      vertex 20.3816 41.6925 7
    endloop
  endfacet
  facet normal 0.741264 0.671213 0
    outer loop
      vertex 20.3816 41.6925 1
      vertex 20.4343 41.6343 7
      vertex 20.4343 41.6343 1
    endloop
  endfacet
  facet normal 0.858278 0.513184 0
    outer loop
      vertex 20.3348 41.7555 7
      vertex 20.2945 41.8229 1
      vertex 20.2945 41.8229 7
    endloop
  endfacet
  facet normal 0.858278 0.513184 0
    outer loop
      vertex 20.2945 41.8229 1
      vertex 20.3348 41.7555 7
      vertex 20.3348 41.7555 1
    endloop
  endfacet
  facet normal 0.671213 0.741264 -0
    outer loop
      vertex 20.4925 41.5816 1
      vertex 20.4343 41.6343 7
      vertex 20.4925 41.5816 7
    endloop
  endfacet
  facet normal 0.671213 0.741264 0
    outer loop
      vertex 20.4343 41.6343 7
      vertex 20.4925 41.5816 1
      vertex 20.4343 41.6343 1
    endloop
  endfacet
  facet normal 0.998765 0.0496835 0
    outer loop
      vertex 20.2039 42.1216 7
      vertex 20.2 42.2 1
      vertex 20.2 42.2 7
    endloop
  endfacet
  facet normal 0.998765 0.0496835 0
    outer loop
      vertex 20.2 42.2 1
      vertex 20.2039 42.1216 7
      vertex 20.2039 42.1216 1
    endloop
  endfacet
  facet normal -0.989224 0.14641 0
    outer loop
      vertex 21.7846 42.0439 1
      vertex 21.7961 42.1216 7
      vertex 21.7961 42.1216 1
    endloop
  endfacet
  facet normal -0.989224 0.14641 0
    outer loop
      vertex 21.7961 42.1216 7
      vertex 21.7846 42.0439 1
      vertex 21.7846 42.0439 7
    endloop
  endfacet
  facet normal -0.858278 0.513184 0
    outer loop
      vertex 21.6652 41.7555 1
      vertex 21.7055 41.8229 7
      vertex 21.7055 41.8229 1
    endloop
  endfacet
  facet normal -0.858278 0.513184 0
    outer loop
      vertex 21.7055 41.8229 7
      vertex 21.6652 41.7555 1
      vertex 21.6652 41.7555 7
    endloop
  endfacet
  facet normal -0.242236 0.970217 0
    outer loop
      vertex 21.2322 41.4344 1
      vertex 21.1561 41.4154 7
      vertex 21.2322 41.4344 7
    endloop
  endfacet
  facet normal -0.242236 0.970217 0
    outer loop
      vertex 21.1561 41.4154 7
      vertex 21.2322 41.4344 1
      vertex 21.1561 41.4154 1
    endloop
  endfacet
  facet normal -0.427758 0.903893 0
    outer loop
      vertex 21.3771 41.4945 1
      vertex 21.3061 41.4609 7
      vertex 21.3771 41.4945 7
    endloop
  endfacet
  facet normal -0.427758 0.903893 0
    outer loop
      vertex 21.3061 41.4609 7
      vertex 21.3771 41.4945 1
      vertex 21.3061 41.4609 1
    endloop
  endfacet
  facet normal -0.741264 0.671213 0
    outer loop
      vertex 21.5657 41.6343 1
      vertex 21.6184 41.6925 7
      vertex 21.6184 41.6925 1
    endloop
  endfacet
  facet normal -0.741264 0.671213 0
    outer loop
      vertex 21.6184 41.6925 7
      vertex 21.5657 41.6343 1
      vertex 21.5657 41.6343 7
    endloop
  endfacet
  facet normal -0.596324 0.802744 0
    outer loop
      vertex 21.5075 41.5816 1
      vertex 21.4445 41.5348 7
      vertex 21.5075 41.5816 7
    endloop
  endfacet
  facet normal -0.596324 0.802744 0
    outer loop
      vertex 21.4445 41.5348 7
      vertex 21.5075 41.5816 1
      vertex 21.4445 41.5348 1
    endloop
  endfacet
  facet normal 0.14641 0.989224 -0
    outer loop
      vertex 20.9216 41.4039 1
      vertex 20.8439 41.4154 7
      vertex 20.9216 41.4039 7
    endloop
  endfacet
  facet normal 0.14641 0.989224 0
    outer loop
      vertex 20.8439 41.4154 7
      vertex 20.9216 41.4039 1
      vertex 20.8439 41.4154 1
    endloop
  endfacet
  facet normal 0.513184 0.858278 -0
    outer loop
      vertex 20.6229 41.4945 1
      vertex 20.5555 41.5348 7
      vertex 20.6229 41.4945 7
    endloop
  endfacet
  facet normal 0.513184 0.858278 0
    outer loop
      vertex 20.5555 41.5348 7
      vertex 20.6229 41.4945 1
      vertex 20.5555 41.5348 1
    endloop
  endfacet
  facet normal 0.903893 0.427758 0
    outer loop
      vertex 20.2945 41.8229 7
      vertex 20.2609 41.8939 1
      vertex 20.2609 41.8939 7
    endloop
  endfacet
  facet normal 0.903893 0.427758 0
    outer loop
      vertex 20.2609 41.8939 1
      vertex 20.2945 41.8229 7
      vertex 20.2945 41.8229 1
    endloop
  endfacet
  facet normal 0.970217 0.242236 0
    outer loop
      vertex 20.2344 41.9678 7
      vertex 20.2154 42.0439 1
      vertex 20.2154 42.0439 7
    endloop
  endfacet
  facet normal 0.970217 0.242236 0
    outer loop
      vertex 20.2154 42.0439 1
      vertex 20.2344 41.9678 7
      vertex 20.2344 41.9678 1
    endloop
  endfacet
  facet normal 0.802744 0.596324 0
    outer loop
      vertex 20.3816 41.6925 7
      vertex 20.3348 41.7555 1
      vertex 20.3348 41.7555 7
    endloop
  endfacet
  facet normal 0.802744 0.596324 0
    outer loop
      vertex 20.3348 41.7555 1
      vertex 20.3816 41.6925 7
      vertex 20.3816 41.6925 1
    endloop
  endfacet
  facet normal -0.858278 -0.513184 0
    outer loop
      vertex 45.7055 10.1771 1
      vertex 45.6652 10.2445 7
      vertex 45.6652 10.2445 1
    endloop
  endfacet
  facet normal -0.858278 -0.513184 0
    outer loop
      vertex 45.6652 10.2445 7
      vertex 45.7055 10.1771 1
      vertex 45.7055 10.1771 7
    endloop
  endfacet
  facet normal -0.337546 -0.941309 0
    outer loop
      vertex 45.2322 10.5656 1
      vertex 45.3061 10.5391 7
      vertex 45.2322 10.5656 7
    endloop
  endfacet
  facet normal -0.337546 -0.941309 -0
    outer loop
      vertex 45.3061 10.5391 7
      vertex 45.2322 10.5656 1
      vertex 45.3061 10.5391 1
    endloop
  endfacet
  facet normal 0.427758 -0.903893 0
    outer loop
      vertex 44.6229 10.5055 1
      vertex 44.6939 10.5391 7
      vertex 44.6229 10.5055 7
    endloop
  endfacet
  facet normal 0.427758 -0.903893 0
    outer loop
      vertex 44.6939 10.5391 7
      vertex 44.6229 10.5055 1
      vertex 44.6939 10.5391 1
    endloop
  endfacet
  facet normal 0.903893 -0.427758 0
    outer loop
      vertex 44.2609 10.1061 7
      vertex 44.2945 10.1771 1
      vertex 44.2945 10.1771 7
    endloop
  endfacet
  facet normal 0.903893 -0.427758 0
    outer loop
      vertex 44.2945 10.1771 1
      vertex 44.2609 10.1061 7
      vertex 44.2609 10.1061 1
    endloop
  endfacet
  facet normal -0.998765 0.0496771 0
    outer loop
      vertex 45.7961 9.72159 1
      vertex 45.8 9.8 7
      vertex 45.8 9.8 1
    endloop
  endfacet
  facet normal -0.998765 0.0496771 0
    outer loop
      vertex 45.8 9.8 7
      vertex 45.7961 9.72159 1
      vertex 45.7961 9.72159 7
    endloop
  endfacet
  facet normal -0.0496835 -0.998765 0
    outer loop
      vertex 45 10.6 1
      vertex 45.0784 10.5961 7
      vertex 45 10.6 7
    endloop
  endfacet
  facet normal -0.0496835 -0.998765 -0
    outer loop
      vertex 45.0784 10.5961 7
      vertex 45 10.6 1
      vertex 45.0784 10.5961 1
    endloop
  endfacet
  facet normal -0.513184 -0.858278 0
    outer loop
      vertex 45.3771 10.5055 1
      vertex 45.4445 10.4652 7
      vertex 45.3771 10.5055 7
    endloop
  endfacet
  facet normal -0.513184 -0.858278 -0
    outer loop
      vertex 45.4445 10.4652 7
      vertex 45.3771 10.5055 1
      vertex 45.4445 10.4652 1
    endloop
  endfacet
  facet normal 0.989028 -0.14773 0
    outer loop
      vertex 44.2038 9.87841 7
      vertex 44.2154 9.95607 1
      vertex 44.2154 9.95607 7
    endloop
  endfacet
  facet normal 0.989028 -0.14773 0
    outer loop
      vertex 44.2154 9.95607 1
      vertex 44.2038 9.87841 7
      vertex 44.2038 9.87841 1
    endloop
  endfacet
  facet normal 0.802744 -0.596324 0
    outer loop
      vertex 44.3348 10.2445 7
      vertex 44.3816 10.3075 1
      vertex 44.3816 10.3075 7
    endloop
  endfacet
  facet normal 0.802744 -0.596324 0
    outer loop
      vertex 44.3816 10.3075 1
      vertex 44.3348 10.2445 7
      vertex 44.3348 10.2445 1
    endloop
  endfacet
  facet normal 0.242236 -0.970217 0
    outer loop
      vertex 44.7678 10.5656 1
      vertex 44.8439 10.5846 7
      vertex 44.7678 10.5656 7
    endloop
  endfacet
  facet normal 0.242236 -0.970217 0
    outer loop
      vertex 44.8439 10.5846 7
      vertex 44.7678 10.5656 1
      vertex 44.8439 10.5846 1
    endloop
  endfacet
  facet normal 0.671353 0.741137 -0
    outer loop
      vertex 44.4925 9.18159 1
      vertex 44.4343 9.23431 7
      vertex 44.4925 9.18159 7
    endloop
  endfacet
  facet normal 0.671353 0.741137 0
    outer loop
      vertex 44.4343 9.23431 7
      vertex 44.4925 9.18159 1
      vertex 44.4343 9.23431 1
    endloop
  endfacet
  facet normal 0.903823 0.427906 0
    outer loop
      vertex 44.2945 9.42288 7
      vertex 44.2609 9.49385 1
      vertex 44.2609 9.49385 7
    endloop
  endfacet
  facet normal 0.903823 0.427906 0
    outer loop
      vertex 44.2609 9.49385 1
      vertex 44.2945 9.42288 7
      vertex 44.2945 9.42288 1
    endloop
  endfacet
  facet normal -0.989213 -0.146484 0
    outer loop
      vertex 45.7961 9.87841 1
      vertex 45.7846 9.95607 7
      vertex 45.7846 9.95607 1
    endloop
  endfacet
  facet normal -0.989213 -0.146484 0
    outer loop
      vertex 45.7846 9.95607 7
      vertex 45.7961 9.87841 1
      vertex 45.7961 9.87841 7
    endloop
  endfacet
  facet normal -0.802744 -0.596324 0
    outer loop
      vertex 45.6652 10.2445 1
      vertex 45.6184 10.3075 7
      vertex 45.6184 10.3075 1
    endloop
  endfacet
  facet normal -0.802744 -0.596324 0
    outer loop
      vertex 45.6184 10.3075 7
      vertex 45.6652 10.2445 1
      vertex 45.6652 10.2445 7
    endloop
  endfacet
  facet normal -0.671213 -0.741264 0
    outer loop
      vertex 45.5075 10.4184 1
      vertex 45.5657 10.3657 7
      vertex 45.5075 10.4184 7
    endloop
  endfacet
  facet normal -0.671213 -0.741264 -0
    outer loop
      vertex 45.5657 10.3657 7
      vertex 45.5075 10.4184 1
      vertex 45.5657 10.3657 1
    endloop
  endfacet
  facet normal -0.741264 -0.671213 0
    outer loop
      vertex 45.6184 10.3075 1
      vertex 45.5657 10.3657 7
      vertex 45.5657 10.3657 1
    endloop
  endfacet
  facet normal -0.741264 -0.671213 0
    outer loop
      vertex 45.5657 10.3657 7
      vertex 45.6184 10.3075 1
      vertex 45.6184 10.3075 7
    endloop
  endfacet
  facet normal 0.0496835 -0.998765 0
    outer loop
      vertex 44.9216 10.5961 1
      vertex 45 10.6 7
      vertex 44.9216 10.5961 7
    endloop
  endfacet
  facet normal 0.0496835 -0.998765 0
    outer loop
      vertex 45 10.6 7
      vertex 44.9216 10.5961 1
      vertex 45 10.6 1
    endloop
  endfacet
  facet normal -0.242236 -0.970217 0
    outer loop
      vertex 45.1561 10.5846 1
      vertex 45.2322 10.5656 7
      vertex 45.1561 10.5846 7
    endloop
  endfacet
  facet normal -0.242236 -0.970217 -0
    outer loop
      vertex 45.2322 10.5656 7
      vertex 45.1561 10.5846 1
      vertex 45.2322 10.5656 1
    endloop
  endfacet
  facet normal -0.14641 -0.989224 0
    outer loop
      vertex 45.0784 10.5961 1
      vertex 45.1561 10.5846 7
      vertex 45.0784 10.5961 7
    endloop
  endfacet
  facet normal -0.14641 -0.989224 -0
    outer loop
      vertex 45.1561 10.5846 7
      vertex 45.0784 10.5961 1
      vertex 45.1561 10.5846 1
    endloop
  endfacet
  facet normal -0.427758 -0.903893 0
    outer loop
      vertex 45.3061 10.5391 1
      vertex 45.3771 10.5055 7
      vertex 45.3061 10.5391 7
    endloop
  endfacet
  facet normal -0.427758 -0.903893 -0
    outer loop
      vertex 45.3771 10.5055 7
      vertex 45.3061 10.5391 1
      vertex 45.3771 10.5055 1
    endloop
  endfacet
  facet normal -0.596324 -0.802744 0
    outer loop
      vertex 45.4445 10.4652 1
      vertex 45.5075 10.4184 7
      vertex 45.4445 10.4652 7
    endloop
  endfacet
  facet normal -0.596324 -0.802744 -0
    outer loop
      vertex 45.5075 10.4184 7
      vertex 45.4445 10.4652 1
      vertex 45.5075 10.4184 1
    endloop
  endfacet
  facet normal 0.998828 -0.0484064 0
    outer loop
      vertex 44.2 9.8 7
      vertex 44.2038 9.87841 1
      vertex 44.2038 9.87841 7
    endloop
  endfacet
  facet normal 0.998828 -0.0484064 0
    outer loop
      vertex 44.2038 9.87841 1
      vertex 44.2 9.8 7
      vertex 44.2 9.8 1
    endloop
  endfacet
  facet normal 0.941309 -0.337546 0
    outer loop
      vertex 44.2344 10.0322 7
      vertex 44.2609 10.1061 1
      vertex 44.2609 10.1061 7
    endloop
  endfacet
  facet normal 0.941309 -0.337546 0
    outer loop
      vertex 44.2609 10.1061 1
      vertex 44.2344 10.0322 7
      vertex 44.2344 10.0322 1
    endloop
  endfacet
  facet normal 0.97024 -0.242146 0
    outer loop
      vertex 44.2154 9.95607 7
      vertex 44.2344 10.0322 1
      vertex 44.2344 10.0322 7
    endloop
  endfacet
  facet normal 0.97024 -0.242146 0
    outer loop
      vertex 44.2344 10.0322 1
      vertex 44.2154 9.95607 7
      vertex 44.2154 9.95607 1
    endloop
  endfacet
  facet normal 0.858278 -0.513184 0
    outer loop
      vertex 44.2945 10.1771 7
      vertex 44.3348 10.2445 1
      vertex 44.3348 10.2445 7
    endloop
  endfacet
  facet normal 0.858278 -0.513184 0
    outer loop
      vertex 44.3348 10.2445 1
      vertex 44.2945 10.1771 7
      vertex 44.2945 10.1771 1
    endloop
  endfacet
  facet normal 0.337546 -0.941309 0
    outer loop
      vertex 44.6939 10.5391 1
      vertex 44.7678 10.5656 7
      vertex 44.6939 10.5391 7
    endloop
  endfacet
  facet normal 0.337546 -0.941309 0
    outer loop
      vertex 44.7678 10.5656 7
      vertex 44.6939 10.5391 1
      vertex 44.7678 10.5656 1
    endloop
  endfacet
  facet normal 0.14641 -0.989224 0
    outer loop
      vertex 44.8439 10.5846 1
      vertex 44.9216 10.5961 7
      vertex 44.8439 10.5846 7
    endloop
  endfacet
  facet normal 0.14641 -0.989224 0
    outer loop
      vertex 44.9216 10.5961 7
      vertex 44.8439 10.5846 1
      vertex 44.9216 10.5961 1
    endloop
  endfacet
  facet normal 0.596324 -0.802744 0
    outer loop
      vertex 44.4925 10.4184 1
      vertex 44.5555 10.4652 7
      vertex 44.4925 10.4184 7
    endloop
  endfacet
  facet normal 0.596324 -0.802744 0
    outer loop
      vertex 44.5555 10.4652 7
      vertex 44.4925 10.4184 1
      vertex 44.5555 10.4652 1
    endloop
  endfacet
  facet normal 0.671213 -0.741264 0
    outer loop
      vertex 44.4343 10.3657 1
      vertex 44.4925 10.4184 7
      vertex 44.4343 10.3657 7
    endloop
  endfacet
  facet normal 0.671213 -0.741264 0
    outer loop
      vertex 44.4925 10.4184 7
      vertex 44.4343 10.3657 1
      vertex 44.4925 10.4184 1
    endloop
  endfacet
  facet normal 0.513184 -0.858278 0
    outer loop
      vertex 44.5555 10.4652 1
      vertex 44.6229 10.5055 7
      vertex 44.5555 10.4652 7
    endloop
  endfacet
  facet normal 0.513184 -0.858278 0
    outer loop
      vertex 44.6229 10.5055 7
      vertex 44.5555 10.4652 1
      vertex 44.6229 10.5055 1
    endloop
  endfacet
  facet normal 0.741264 -0.671213 0
    outer loop
      vertex 44.3816 10.3075 7
      vertex 44.4343 10.3657 1
      vertex 44.4343 10.3657 7
    endloop
  endfacet
  facet normal 0.741264 -0.671213 0
    outer loop
      vertex 44.4343 10.3657 1
      vertex 44.3816 10.3075 7
      vertex 44.3816 10.3075 1
    endloop
  endfacet
  facet normal -0.998765 -0.0496771 0
    outer loop
      vertex 45.8 9.8 1
      vertex 45.7961 9.87841 7
      vertex 45.7961 9.87841 1
    endloop
  endfacet
  facet normal -0.998765 -0.0496771 0
    outer loop
      vertex 45.7961 9.87841 7
      vertex 45.8 9.8 1
      vertex 45.8 9.8 7
    endloop
  endfacet
  facet normal -0.970262 0.242056 0
    outer loop
      vertex 45.7656 9.56777 1
      vertex 45.7846 9.64393 7
      vertex 45.7846 9.64393 1
    endloop
  endfacet
  facet normal -0.970262 0.242056 0
    outer loop
      vertex 45.7846 9.64393 7
      vertex 45.7656 9.56777 1
      vertex 45.7656 9.56777 7
    endloop
  endfacet
  facet normal 0.80297 0.596019 0
    outer loop
      vertex 44.3816 9.29249 7
      vertex 44.3348 9.35554 1
      vertex 44.3348 9.35554 7
    endloop
  endfacet
  facet normal 0.80297 0.596019 0
    outer loop
      vertex 44.3348 9.35554 1
      vertex 44.3816 9.29249 7
      vertex 44.3816 9.29249 1
    endloop
  endfacet
  facet normal -0.146659 0.989187 0
    outer loop
      vertex 45.1561 9.01537 1
      vertex 45.0784 9.00385 7
      vertex 45.1561 9.01537 7
    endloop
  endfacet
  facet normal -0.146659 0.989187 0
    outer loop
      vertex 45.0784 9.00385 7
      vertex 45.1561 9.01537 1
      vertex 45.0784 9.00385 1
    endloop
  endfacet
  facet normal -0.903893 -0.427758 0
    outer loop
      vertex 45.7391 10.1061 1
      vertex 45.7055 10.1771 7
      vertex 45.7055 10.1771 1
    endloop
  endfacet
  facet normal -0.903893 -0.427758 0
    outer loop
      vertex 45.7055 10.1771 7
      vertex 45.7391 10.1061 1
      vertex 45.7391 10.1061 7
    endloop
  endfacet
  facet normal -0.941309 -0.337546 0
    outer loop
      vertex 45.7656 10.0322 1
      vertex 45.7391 10.1061 7
      vertex 45.7391 10.1061 1
    endloop
  endfacet
  facet normal -0.941309 -0.337546 0
    outer loop
      vertex 45.7391 10.1061 7
      vertex 45.7656 10.0322 1
      vertex 45.7656 10.0322 7
    endloop
  endfacet
  facet normal -0.97024 -0.242146 0
    outer loop
      vertex 45.7846 9.95607 1
      vertex 45.7656 10.0322 7
      vertex 45.7656 10.0322 1
    endloop
  endfacet
  facet normal -0.97024 -0.242146 0
    outer loop
      vertex 45.7656 10.0322 7
      vertex 45.7846 9.95607 1
      vertex 45.7846 9.95607 7
    endloop
  endfacet
  facet normal -0.989213 0.146484 0
    outer loop
      vertex 45.7846 9.64393 1
      vertex 45.7961 9.72159 7
      vertex 45.7961 9.72159 1
    endloop
  endfacet
  facet normal -0.989213 0.146484 0
    outer loop
      vertex 45.7961 9.72159 7
      vertex 45.7846 9.64393 1
      vertex 45.7846 9.64393 7
    endloop
  endfacet
  facet normal -0.903823 0.427906 0
    outer loop
      vertex 45.7055 9.42288 1
      vertex 45.7391 9.49385 7
      vertex 45.7391 9.49385 1
    endloop
  endfacet
  facet normal -0.903823 0.427906 0
    outer loop
      vertex 45.7391 9.49385 7
      vertex 45.7055 9.42288 1
      vertex 45.7055 9.42288 7
    endloop
  endfacet
  facet normal -0.941338 0.337466 0
    outer loop
      vertex 45.7391 9.49385 1
      vertex 45.7656 9.56777 7
      vertex 45.7656 9.56777 1
    endloop
  endfacet
  facet normal -0.941338 0.337466 0
    outer loop
      vertex 45.7656 9.56777 7
      vertex 45.7391 9.49385 1
      vertex 45.7391 9.49385 7
    endloop
  endfacet
  facet normal -0.741149 0.67134 0
    outer loop
      vertex 45.5657 9.23431 1
      vertex 45.6184 9.29249 7
      vertex 45.6184 9.29249 1
    endloop
  endfacet
  facet normal -0.741149 0.67134 0
    outer loop
      vertex 45.6184 9.29249 7
      vertex 45.5657 9.23431 1
      vertex 45.5657 9.23431 7
    endloop
  endfacet
  facet normal 0.049048 0.998796 -0
    outer loop
      vertex 45 9 1
      vertex 44.9216 9.00385 7
      vertex 45 9 7
    endloop
  endfacet
  facet normal 0.049048 0.998796 0
    outer loop
      vertex 44.9216 9.00385 7
      vertex 45 9 1
      vertex 44.9216 9.00385 1
    endloop
  endfacet
  facet normal 0.146659 0.989187 -0
    outer loop
      vertex 44.9216 9.00385 1
      vertex 44.8439 9.01537 7
      vertex 44.9216 9.00385 7
    endloop
  endfacet
  facet normal 0.146659 0.989187 0
    outer loop
      vertex 44.8439 9.01537 7
      vertex 44.9216 9.00385 1
      vertex 44.8439 9.01537 1
    endloop
  endfacet
  facet normal 0.998828 0.0484064 0
    outer loop
      vertex 44.2038 9.72159 7
      vertex 44.2 9.8 1
      vertex 44.2 9.8 7
    endloop
  endfacet
  facet normal 0.998828 0.0484064 0
    outer loop
      vertex 44.2 9.8 1
      vertex 44.2038 9.72159 7
      vertex 44.2038 9.72159 1
    endloop
  endfacet
  facet normal 0.970262 0.242056 0
    outer loop
      vertex 44.2344 9.56777 7
      vertex 44.2154 9.64393 1
      vertex 44.2154 9.64393 7
    endloop
  endfacet
  facet normal 0.970262 0.242056 0
    outer loop
      vertex 44.2154 9.64393 1
      vertex 44.2344 9.56777 7
      vertex 44.2344 9.56777 1
    endloop
  endfacet
  facet normal 0.741149 0.67134 0
    outer loop
      vertex 44.4343 9.23431 7
      vertex 44.3816 9.29249 1
      vertex 44.3816 9.29249 7
    endloop
  endfacet
  facet normal 0.741149 0.67134 0
    outer loop
      vertex 44.3816 9.29249 1
      vertex 44.4343 9.23431 7
      vertex 44.4343 9.23431 1
    endloop
  endfacet
  facet normal -0.243195 0.969977 0
    outer loop
      vertex 45.2322 9.03445 1
      vertex 45.1561 9.01537 7
      vertex 45.2322 9.03445 7
    endloop
  endfacet
  facet normal -0.243195 0.969977 0
    outer loop
      vertex 45.1561 9.01537 7
      vertex 45.2322 9.03445 1
      vertex 45.1561 9.01537 1
    endloop
  endfacet
  facet normal -0.427342 0.90409 0
    outer loop
      vertex 45.3771 9.09446 1
      vertex 45.3061 9.0609 7
      vertex 45.3771 9.09446 7
    endloop
  endfacet
  facet normal -0.427342 0.90409 0
    outer loop
      vertex 45.3061 9.0609 7
      vertex 45.3771 9.09446 1
      vertex 45.3061 9.0609 1
    endloop
  endfacet
  facet normal -0.671353 0.741137 0
    outer loop
      vertex 45.5657 9.23431 1
      vertex 45.5075 9.18159 7
      vertex 45.5657 9.23431 7
    endloop
  endfacet
  facet normal -0.671353 0.741137 0
    outer loop
      vertex 45.5075 9.18159 7
      vertex 45.5657 9.23431 1
      vertex 45.5075 9.18159 1
    endloop
  endfacet
  facet normal -0.596078 0.802927 0
    outer loop
      vertex 45.5075 9.18159 1
      vertex 45.4445 9.13482 7
      vertex 45.5075 9.18159 7
    endloop
  endfacet
  facet normal -0.596078 0.802927 0
    outer loop
      vertex 45.4445 9.13482 7
      vertex 45.5075 9.18159 1
      vertex 45.4445 9.13482 1
    endloop
  endfacet
  facet normal -0.513747 0.857942 0
    outer loop
      vertex 45.4445 9.13482 1
      vertex 45.3771 9.09446 7
      vertex 45.4445 9.13482 7
    endloop
  endfacet
  facet normal -0.513747 0.857942 0
    outer loop
      vertex 45.3771 9.09446 7
      vertex 45.4445 9.13482 1
      vertex 45.3771 9.09446 1
    endloop
  endfacet
  facet normal -0.80297 0.596019 0
    outer loop
      vertex 45.6184 9.29249 1
      vertex 45.6652 9.35554 7
      vertex 45.6652 9.35554 1
    endloop
  endfacet
  facet normal -0.80297 0.596019 0
    outer loop
      vertex 45.6652 9.35554 7
      vertex 45.6184 9.29249 1
      vertex 45.6184 9.29249 7
    endloop
  endfacet
  facet normal -0.858077 0.513521 0
    outer loop
      vertex 45.6652 9.35554 1
      vertex 45.7055 9.42288 7
      vertex 45.7055 9.42288 1
    endloop
  endfacet
  facet normal -0.858077 0.513521 0
    outer loop
      vertex 45.7055 9.42288 7
      vertex 45.6652 9.35554 1
      vertex 45.6652 9.35554 7
    endloop
  endfacet
  facet normal 0.513747 0.857942 -0
    outer loop
      vertex 44.6229 9.09446 1
      vertex 44.5555 9.13482 7
      vertex 44.6229 9.09446 7
    endloop
  endfacet
  facet normal 0.513747 0.857942 0
    outer loop
      vertex 44.5555 9.13482 7
      vertex 44.6229 9.09446 1
      vertex 44.5555 9.13482 1
    endloop
  endfacet
  facet normal 0.336982 0.941511 -0
    outer loop
      vertex 44.7678 9.03445 1
      vertex 44.6939 9.0609 7
      vertex 44.7678 9.03445 7
    endloop
  endfacet
  facet normal 0.336982 0.941511 0
    outer loop
      vertex 44.6939 9.0609 7
      vertex 44.7678 9.03445 1
      vertex 44.6939 9.0609 1
    endloop
  endfacet
  facet normal 0 0 1
    outer loop
      vertex 45.7961 9.87841 1
      vertex 45.7961 9.72159 1
      vertex 45.8 9.8 1
    endloop
  endfacet
  facet normal 0 0 1
    outer loop
      vertex 45.7846 9.95607 1
      vertex 45.7961 9.72159 1
      vertex 45.7961 9.87841 1
    endloop
  endfacet
  facet normal 0 0 1
    outer loop
      vertex 45.7846 9.95607 1
      vertex 45.7846 9.64393 1
      vertex 45.7961 9.72159 1
    endloop
  endfacet
  facet normal 0 0 1
    outer loop
      vertex 45.7656 10.0322 1
      vertex 45.7846 9.64393 1
      vertex 45.7846 9.95607 1
    endloop
  endfacet
  facet normal 0 0 1
    outer loop
      vertex 45.7656 10.0322 1
      vertex 45.7656 9.56777 1
      vertex 45.7846 9.64393 1
    endloop
  endfacet
  facet normal 0 0 1
    outer loop
      vertex 45.7391 10.1061 1
      vertex 45.7656 9.56777 1
      vertex 45.7656 10.0322 1
    endloop
  endfacet
  facet normal 0 0 1
    outer loop
      vertex 45.7391 10.1061 1
      vertex 45.7391 9.49385 1
      vertex 45.7656 9.56777 1
    endloop
  endfacet
  facet normal 0 0 1
    outer loop
      vertex 45.7055 10.1771 1
      vertex 45.7391 9.49385 1
      vertex 45.7391 10.1061 1
    endloop
  endfacet
  facet normal 0 0 1
    outer loop
      vertex 45.7055 10.1771 1
      vertex 45.7055 9.42288 1
      vertex 45.7391 9.49385 1
    endloop
  endfacet
  facet normal 0 0 1
    outer loop
      vertex 45.6652 10.2445 1
      vertex 45.7055 9.42288 1
      vertex 45.7055 10.1771 1
    endloop
  endfacet
  facet normal 0 0 1
    outer loop
      vertex 45.6652 10.2445 1
      vertex 45.6652 9.35554 1
      vertex 45.7055 9.42288 1
    endloop
  endfacet
  facet normal 0 0 1
    outer loop
      vertex 45.6184 10.3075 1
      vertex 45.6652 9.35554 1
      vertex 45.6652 10.2445 1
    endloop
  endfacet
  facet normal 0 0 1
    outer loop
      vertex 45.6184 10.3075 1
      vertex 45.6184 9.29249 1
      vertex 45.6652 9.35554 1
    endloop
  endfacet
  facet normal 0 0 1
    outer loop
      vertex 45.5657 10.3657 1
      vertex 45.6184 9.29249 1
      vertex 45.6184 10.3075 1
    endloop
  endfacet
  facet normal 0 0 1
    outer loop
      vertex 45.5657 10.3657 1
      vertex 45.5657 9.23431 1
      vertex 45.6184 9.29249 1
    endloop
  endfacet
  facet normal 0 0 1
    outer loop
      vertex 45.5075 10.4184 1
      vertex 45.5657 9.23431 1
      vertex 45.5657 10.3657 1
    endloop
  endfacet
  facet normal 0 0 1
    outer loop
      vertex 45.5075 10.4184 1
      vertex 45.5075 9.18159 1
      vertex 45.5657 9.23431 1
    endloop
  endfacet
  facet normal 0 0 1
    outer loop
      vertex 45.4445 10.4652 1
      vertex 45.5075 9.18159 1
      vertex 45.5075 10.4184 1
    endloop
  endfacet
  facet normal 0 0 1
    outer loop
      vertex 45.4445 10.4652 1
      vertex 45.4445 9.13482 1
      vertex 45.5075 9.18159 1
    endloop
  endfacet
  facet normal 0 0 1
    outer loop
      vertex 45.3771 10.5055 1
      vertex 45.4445 9.13482 1
      vertex 45.4445 10.4652 1
    endloop
  endfacet
  facet normal 0 0 1
    outer loop
      vertex 45.3771 10.5055 1
      vertex 45.3771 9.09446 1
      vertex 45.4445 9.13482 1
    endloop
  endfacet
  facet normal 0 0 1
    outer loop
      vertex 45.3061 10.5391 1
      vertex 45.3771 9.09446 1
      vertex 45.3771 10.5055 1
    endloop
  endfacet
  facet normal 0 0 1
    outer loop
      vertex 45.3061 10.5391 1
      vertex 45.3061 9.0609 1
      vertex 45.3771 9.09446 1
    endloop
  endfacet
  facet normal 0 0 1
    outer loop
      vertex 45.2322 10.5656 1
      vertex 45.3061 9.0609 1
      vertex 45.3061 10.5391 1
    endloop
  endfacet
  facet normal 0 0 1
    outer loop
      vertex 45.2322 10.5656 1
      vertex 45.2322 9.03445 1
      vertex 45.3061 9.0609 1
    endloop
  endfacet
  facet normal 0 0 1
    outer loop
      vertex 45.1561 10.5846 1
      vertex 45.2322 9.03445 1
      vertex 45.2322 10.5656 1
    endloop
  endfacet
  facet normal 0 0 1
    outer loop
      vertex 45.1561 10.5846 1
      vertex 45.1561 9.01537 1
      vertex 45.2322 9.03445 1
    endloop
  endfacet
  facet normal 0 0 1
    outer loop
      vertex 45.0784 10.5961 1
      vertex 45.1561 9.01537 1
      vertex 45.1561 10.5846 1
    endloop
  endfacet
  facet normal 0 0 1
    outer loop
      vertex 45.0784 10.5961 1
      vertex 45.0784 9.00385 1
      vertex 45.1561 9.01537 1
    endloop
  endfacet
  facet normal 0 0 1
    outer loop
      vertex 45 10.6 1
      vertex 45.0784 9.00385 1
      vertex 45.0784 10.5961 1
    endloop
  endfacet
  facet normal 0 0 1
    outer loop
      vertex 45 10.6 1
      vertex 45 9 1
      vertex 45.0784 9.00385 1
    endloop
  endfacet
  facet normal -0 0 1
    outer loop
      vertex 44.9216 10.5961 1
      vertex 45 9 1
      vertex 45 10.6 1
    endloop
  endfacet
  facet normal 0 0 1
    outer loop
      vertex 44.9216 10.5961 1
      vertex 44.9216 9.00385 1
      vertex 45 9 1
    endloop
  endfacet
  facet normal -0 0 1
    outer loop
      vertex 44.8439 10.5846 1
      vertex 44.9216 9.00385 1
      vertex 44.9216 10.5961 1
    endloop
  endfacet
  facet normal 0 0 1
    outer loop
      vertex 44.8439 10.5846 1
      vertex 44.8439 9.01537 1
      vertex 44.9216 9.00385 1
    endloop
  endfacet
  facet normal -0 0 1
    outer loop
      vertex 44.7678 10.5656 1
      vertex 44.8439 9.01537 1
      vertex 44.8439 10.5846 1
    endloop
  endfacet
  facet normal 0 0 1
    outer loop
      vertex 44.7678 10.5656 1
      vertex 44.7678 9.03445 1
      vertex 44.8439 9.01537 1
    endloop
  endfacet
  facet normal -0 0 1
    outer loop
      vertex 44.6939 10.5391 1
      vertex 44.7678 9.03445 1
      vertex 44.7678 10.5656 1
    endloop
  endfacet
  facet normal 0 0 1
    outer loop
      vertex 44.6939 10.5391 1
      vertex 44.6939 9.0609 1
      vertex 44.7678 9.03445 1
    endloop
  endfacet
  facet normal -0 0 1
    outer loop
      vertex 44.6229 10.5055 1
      vertex 44.6939 9.0609 1
      vertex 44.6939 10.5391 1
    endloop
  endfacet
  facet normal 0 0 1
    outer loop
      vertex 44.6229 10.5055 1
      vertex 44.6229 9.09446 1
      vertex 44.6939 9.0609 1
    endloop
  endfacet
  facet normal -0 0 1
    outer loop
      vertex 44.5555 10.4652 1
      vertex 44.6229 9.09446 1
      vertex 44.6229 10.5055 1
    endloop
  endfacet
  facet normal 0 0 1
    outer loop
      vertex 44.5555 10.4652 1
      vertex 44.5555 9.13482 1
      vertex 44.6229 9.09446 1
    endloop
  endfacet
  facet normal -0 0 1
    outer loop
      vertex 44.4925 10.4184 1
      vertex 44.5555 9.13482 1
      vertex 44.5555 10.4652 1
    endloop
  endfacet
  facet normal 0 0 1
    outer loop
      vertex 44.4925 10.4184 1
      vertex 44.4925 9.18159 1
      vertex 44.5555 9.13482 1
    endloop
  endfacet
  facet normal -0 0 1
    outer loop
      vertex 44.4343 10.3657 1
      vertex 44.4925 9.18159 1
      vertex 44.4925 10.4184 1
    endloop
  endfacet
  facet normal 0 0 1
    outer loop
      vertex 44.4343 10.3657 1
      vertex 44.4343 9.23431 1
      vertex 44.4925 9.18159 1
    endloop
  endfacet
  facet normal -0 0 1
    outer loop
      vertex 44.3816 10.3075 1
      vertex 44.4343 9.23431 1
      vertex 44.4343 10.3657 1
    endloop
  endfacet
  facet normal 0 0 1
    outer loop
      vertex 44.3816 10.3075 1
      vertex 44.3816 9.29249 1
      vertex 44.4343 9.23431 1
    endloop
  endfacet
  facet normal -0 0 1
    outer loop
      vertex 44.3348 10.2445 1
      vertex 44.3816 9.29249 1
      vertex 44.3816 10.3075 1
    endloop
  endfacet
  facet normal 0 0 1
    outer loop
      vertex 44.3348 10.2445 1
      vertex 44.3348 9.35554 1
      vertex 44.3816 9.29249 1
    endloop
  endfacet
  facet normal -0 0 1
    outer loop
      vertex 44.2945 10.1771 1
      vertex 44.3348 9.35554 1
      vertex 44.3348 10.2445 1
    endloop
  endfacet
  facet normal 0 0 1
    outer loop
      vertex 44.2945 10.1771 1
      vertex 44.2945 9.42288 1
      vertex 44.3348 9.35554 1
    endloop
  endfacet
  facet normal -0 0 1
    outer loop
      vertex 44.2609 10.1061 1
      vertex 44.2945 9.42288 1
      vertex 44.2945 10.1771 1
    endloop
  endfacet
  facet normal 0 0 1
    outer loop
      vertex 44.2609 10.1061 1
      vertex 44.2609 9.49385 1
      vertex 44.2945 9.42288 1
    endloop
  endfacet
  facet normal -0 0 1
    outer loop
      vertex 44.2344 10.0322 1
      vertex 44.2609 9.49385 1
      vertex 44.2609 10.1061 1
    endloop
  endfacet
  facet normal 0 0 1
    outer loop
      vertex 44.2344 10.0322 1
      vertex 44.2344 9.56777 1
      vertex 44.2609 9.49385 1
    endloop
  endfacet
  facet normal -0 0 1
    outer loop
      vertex 44.2154 9.95607 1
      vertex 44.2344 9.56777 1
      vertex 44.2344 10.0322 1
    endloop
  endfacet
  facet normal 0 0 1
    outer loop
      vertex 44.2154 9.95607 1
      vertex 44.2154 9.64393 1
      vertex 44.2344 9.56777 1
    endloop
  endfacet
  facet normal -0 0 1
    outer loop
      vertex 44.2038 9.87841 1
      vertex 44.2154 9.64393 1
      vertex 44.2154 9.95607 1
    endloop
  endfacet
  facet normal 0 0 1
    outer loop
      vertex 44.2038 9.87841 1
      vertex 44.2038 9.72159 1
      vertex 44.2154 9.64393 1
    endloop
  endfacet
  facet normal 0 -0 1
    outer loop
      vertex 44.2038 9.72159 1
      vertex 44.2038 9.87841 1
      vertex 44.2 9.8 1
    endloop
  endfacet
  facet normal 0.989028 0.14773 0
    outer loop
      vertex 44.2154 9.64393 7
      vertex 44.2038 9.72159 1
      vertex 44.2038 9.72159 7
    endloop
  endfacet
  facet normal 0.989028 0.14773 0
    outer loop
      vertex 44.2038 9.72159 1
      vertex 44.2154 9.64393 7
      vertex 44.2154 9.64393 1
    endloop
  endfacet
  facet normal 0.941338 0.337466 0
    outer loop
      vertex 44.2609 9.49385 7
      vertex 44.2344 9.56777 1
      vertex 44.2344 9.56777 7
    endloop
  endfacet
  facet normal 0.941338 0.337466 0
    outer loop
      vertex 44.2344 9.56777 1
      vertex 44.2609 9.49385 7
      vertex 44.2609 9.49385 1
    endloop
  endfacet
  facet normal 0.858077 0.513521 0
    outer loop
      vertex 44.3348 9.35554 7
      vertex 44.2945 9.42288 1
      vertex 44.2945 9.42288 7
    endloop
  endfacet
  facet normal 0.858077 0.513521 0
    outer loop
      vertex 44.2945 9.42288 1
      vertex 44.3348 9.35554 7
      vertex 44.3348 9.35554 1
    endloop
  endfacet
  facet normal -0.049048 0.998796 0
    outer loop
      vertex 45.0784 9.00385 1
      vertex 45 9 7
      vertex 45.0784 9.00385 7
    endloop
  endfacet
  facet normal -0.049048 0.998796 0
    outer loop
      vertex 45 9 7
      vertex 45.0784 9.00385 1
      vertex 45 9 1
    endloop
  endfacet
  facet normal 0.596078 0.802927 -0
    outer loop
      vertex 44.5555 9.13482 1
      vertex 44.4925 9.18159 7
      vertex 44.5555 9.13482 7
    endloop
  endfacet
  facet normal 0.596078 0.802927 0
    outer loop
      vertex 44.4925 9.18159 7
      vertex 44.5555 9.13482 1
      vertex 44.4925 9.18159 1
    endloop
  endfacet
  facet normal 0.427342 0.90409 -0
    outer loop
      vertex 44.6939 9.0609 1
      vertex 44.6229 9.09446 7
      vertex 44.6939 9.0609 7
    endloop
  endfacet
  facet normal 0.427342 0.90409 0
    outer loop
      vertex 44.6229 9.09446 7
      vertex 44.6939 9.0609 1
      vertex 44.6229 9.09446 1
    endloop
  endfacet
  facet normal 0.243195 0.969977 -0
    outer loop
      vertex 44.8439 9.01537 1
      vertex 44.7678 9.03445 7
      vertex 44.8439 9.01537 7
    endloop
  endfacet
  facet normal 0.243195 0.969977 0
    outer loop
      vertex 44.7678 9.03445 7
      vertex 44.8439 9.01537 1
      vertex 44.7678 9.03445 1
    endloop
  endfacet
  facet normal -0.336982 0.941511 0
    outer loop
      vertex 45.3061 9.0609 1
      vertex 45.2322 9.03445 7
      vertex 45.3061 9.0609 7
    endloop
  endfacet
  facet normal -0.336982 0.941511 0
    outer loop
      vertex 45.2322 9.03445 7
      vertex 45.3061 9.0609 1
      vertex 45.2322 9.03445 1
    endloop
  endfacet
  facet normal -0.998765 -0.0496835 0
    outer loop
      vertex 45.8 42.2 1
      vertex 45.7961 42.2784 7
      vertex 45.7961 42.2784 1
    endloop
  endfacet
  facet normal -0.998765 -0.0496835 0
    outer loop
      vertex 45.7961 42.2784 7
      vertex 45.8 42.2 1
      vertex 45.8 42.2 7
    endloop
  endfacet
  facet normal 0.0496835 -0.998765 0
    outer loop
      vertex 44.9216 42.9961 1
      vertex 45 43 7
      vertex 44.9216 42.9961 7
    endloop
  endfacet
  facet normal 0.0496835 -0.998765 0
    outer loop
      vertex 45 43 7
      vertex 44.9216 42.9961 1
      vertex 45 43 1
    endloop
  endfacet
  facet normal -0.0496835 0.998765 0
    outer loop
      vertex 45.0784 41.4039 1
      vertex 45 41.4 7
      vertex 45.0784 41.4039 7
    endloop
  endfacet
  facet normal -0.0496835 0.998765 0
    outer loop
      vertex 45 41.4 7
      vertex 45.0784 41.4039 1
      vertex 45 41.4 1
    endloop
  endfacet
  facet normal -0.671213 -0.741264 0
    outer loop
      vertex 45.5075 42.8184 1
      vertex 45.5657 42.7657 7
      vertex 45.5075 42.8184 7
    endloop
  endfacet
  facet normal -0.671213 -0.741264 -0
    outer loop
      vertex 45.5657 42.7657 7
      vertex 45.5075 42.8184 1
      vertex 45.5657 42.7657 1
    endloop
  endfacet
  facet normal 0.741264 -0.671213 0
    outer loop
      vertex 44.3816 42.7075 7
      vertex 44.4343 42.7657 1
      vertex 44.4343 42.7657 7
    endloop
  endfacet
  facet normal 0.741264 -0.671213 0
    outer loop
      vertex 44.4343 42.7657 1
      vertex 44.3816 42.7075 7
      vertex 44.3816 42.7075 1
    endloop
  endfacet
  facet normal 0.427758 -0.903893 0
    outer loop
      vertex 44.6229 42.9055 1
      vertex 44.6939 42.9391 7
      vertex 44.6229 42.9055 7
    endloop
  endfacet
  facet normal 0.427758 -0.903893 0
    outer loop
      vertex 44.6939 42.9391 7
      vertex 44.6229 42.9055 1
      vertex 44.6939 42.9391 1
    endloop
  endfacet
  facet normal -0.903893 -0.427758 0
    outer loop
      vertex 45.7391 42.5061 1
      vertex 45.7055 42.5771 7
      vertex 45.7055 42.5771 1
    endloop
  endfacet
  facet normal -0.903893 -0.427758 0
    outer loop
      vertex 45.7055 42.5771 7
      vertex 45.7391 42.5061 1
      vertex 45.7391 42.5061 7
    endloop
  endfacet
  facet normal -0.337546 -0.941309 0
    outer loop
      vertex 45.2322 42.9656 1
      vertex 45.3061 42.9391 7
      vertex 45.2322 42.9656 7
    endloop
  endfacet
  facet normal -0.337546 -0.941309 -0
    outer loop
      vertex 45.3061 42.9391 7
      vertex 45.2322 42.9656 1
      vertex 45.3061 42.9391 1
    endloop
  endfacet
  facet normal -0.513184 -0.858278 0
    outer loop
      vertex 45.3771 42.9055 1
      vertex 45.4445 42.8652 7
      vertex 45.3771 42.9055 7
    endloop
  endfacet
  facet normal -0.513184 -0.858278 -0
    outer loop
      vertex 45.4445 42.8652 7
      vertex 45.3771 42.9055 1
      vertex 45.4445 42.8652 1
    endloop
  endfacet
  facet normal 0.941309 -0.337546 0
    outer loop
      vertex 44.2344 42.4322 7
      vertex 44.2609 42.5061 1
      vertex 44.2609 42.5061 7
    endloop
  endfacet
  facet normal 0.941309 -0.337546 0
    outer loop
      vertex 44.2609 42.5061 1
      vertex 44.2344 42.4322 7
      vertex 44.2344 42.4322 1
    endloop
  endfacet
  facet normal 0.242236 -0.970217 0
    outer loop
      vertex 44.7678 42.9656 1
      vertex 44.8439 42.9846 7
      vertex 44.7678 42.9656 7
    endloop
  endfacet
  facet normal 0.242236 -0.970217 0
    outer loop
      vertex 44.8439 42.9846 7
      vertex 44.7678 42.9656 1
      vertex 44.8439 42.9846 1
    endloop
  endfacet
  facet normal -0.941309 0.337546 0
    outer loop
      vertex 45.7391 41.8939 1
      vertex 45.7656 41.9678 7
      vertex 45.7656 41.9678 1
    endloop
  endfacet
  facet normal -0.941309 0.337546 0
    outer loop
      vertex 45.7656 41.9678 7
      vertex 45.7391 41.8939 1
      vertex 45.7391 41.8939 7
    endloop
  endfacet
  facet normal -0.970217 0.242236 0
    outer loop
      vertex 45.7656 41.9678 1
      vertex 45.7846 42.0439 7
      vertex 45.7846 42.0439 1
    endloop
  endfacet
  facet normal -0.970217 0.242236 0
    outer loop
      vertex 45.7846 42.0439 7
      vertex 45.7656 41.9678 1
      vertex 45.7656 41.9678 7
    endloop
  endfacet
  facet normal 0.671213 0.741264 -0
    outer loop
      vertex 44.4925 41.5816 1
      vertex 44.4343 41.6343 7
      vertex 44.4925 41.5816 7
    endloop
  endfacet
  facet normal 0.671213 0.741264 0
    outer loop
      vertex 44.4343 41.6343 7
      vertex 44.4925 41.5816 1
      vertex 44.4343 41.6343 1
    endloop
  endfacet
  facet normal 0.903893 0.427758 0
    outer loop
      vertex 44.2945 41.8229 7
      vertex 44.2609 41.8939 1
      vertex 44.2609 41.8939 7
    endloop
  endfacet
  facet normal 0.903893 0.427758 0
    outer loop
      vertex 44.2609 41.8939 1
      vertex 44.2945 41.8229 7
      vertex 44.2945 41.8229 1
    endloop
  endfacet
  facet normal -0.970217 -0.242236 0
    outer loop
      vertex 45.7846 42.3561 1
      vertex 45.7656 42.4322 7
      vertex 45.7656 42.4322 1
    endloop
  endfacet
  facet normal -0.970217 -0.242236 0
    outer loop
      vertex 45.7656 42.4322 7
      vertex 45.7846 42.3561 1
      vertex 45.7846 42.3561 7
    endloop
  endfacet
  facet normal -0.989224 -0.14641 0
    outer loop
      vertex 45.7961 42.2784 1
      vertex 45.7846 42.3561 7
      vertex 45.7846 42.3561 1
    endloop
  endfacet
  facet normal -0.989224 -0.14641 0
    outer loop
      vertex 45.7846 42.3561 7
      vertex 45.7961 42.2784 1
      vertex 45.7961 42.2784 7
    endloop
  endfacet
  facet normal -0.941309 -0.337546 0
    outer loop
      vertex 45.7656 42.4322 1
      vertex 45.7391 42.5061 7
      vertex 45.7391 42.5061 1
    endloop
  endfacet
  facet normal -0.941309 -0.337546 0
    outer loop
      vertex 45.7391 42.5061 7
      vertex 45.7656 42.4322 1
      vertex 45.7656 42.4322 7
    endloop
  endfacet
  facet normal -0.802744 -0.596324 0
    outer loop
      vertex 45.6652 42.6445 1
      vertex 45.6184 42.7075 7
      vertex 45.6184 42.7075 1
    endloop
  endfacet
  facet normal -0.802744 -0.596324 0
    outer loop
      vertex 45.6184 42.7075 7
      vertex 45.6652 42.6445 1
      vertex 45.6652 42.6445 7
    endloop
  endfacet
  facet normal -0.741264 -0.671213 0
    outer loop
      vertex 45.6184 42.7075 1
      vertex 45.5657 42.7657 7
      vertex 45.5657 42.7657 1
    endloop
  endfacet
  facet normal -0.741264 -0.671213 0
    outer loop
      vertex 45.5657 42.7657 7
      vertex 45.6184 42.7075 1
      vertex 45.6184 42.7075 7
    endloop
  endfacet
  facet normal -0.858278 -0.513184 0
    outer loop
      vertex 45.7055 42.5771 1
      vertex 45.6652 42.6445 7
      vertex 45.6652 42.6445 1
    endloop
  endfacet
  facet normal -0.858278 -0.513184 0
    outer loop
      vertex 45.6652 42.6445 7
      vertex 45.7055 42.5771 1
      vertex 45.7055 42.5771 7
    endloop
  endfacet
  facet normal -0.14641 -0.989224 0
    outer loop
      vertex 45.0784 42.9961 1
      vertex 45.1561 42.9846 7
      vertex 45.0784 42.9961 7
    endloop
  endfacet
  facet normal -0.14641 -0.989224 -0
    outer loop
      vertex 45.1561 42.9846 7
      vertex 45.0784 42.9961 1
      vertex 45.1561 42.9846 1
    endloop
  endfacet
  facet normal -0.242236 -0.970217 0
    outer loop
      vertex 45.1561 42.9846 1
      vertex 45.2322 42.9656 7
      vertex 45.1561 42.9846 7
    endloop
  endfacet
  facet normal -0.242236 -0.970217 -0
    outer loop
      vertex 45.2322 42.9656 7
      vertex 45.1561 42.9846 1
      vertex 45.2322 42.9656 1
    endloop
  endfacet
  facet normal -0.0496835 -0.998765 0
    outer loop
      vertex 45 43 1
      vertex 45.0784 42.9961 7
      vertex 45 43 7
    endloop
  endfacet
  facet normal -0.0496835 -0.998765 -0
    outer loop
      vertex 45.0784 42.9961 7
      vertex 45 43 1
      vertex 45.0784 42.9961 1
    endloop
  endfacet
  facet normal -0.427758 -0.903893 0
    outer loop
      vertex 45.3061 42.9391 1
      vertex 45.3771 42.9055 7
      vertex 45.3061 42.9391 7
    endloop
  endfacet
  facet normal -0.427758 -0.903893 -0
    outer loop
      vertex 45.3771 42.9055 7
      vertex 45.3061 42.9391 1
      vertex 45.3771 42.9055 1
    endloop
  endfacet
  facet normal -0.596324 -0.802744 0
    outer loop
      vertex 45.4445 42.8652 1
      vertex 45.5075 42.8184 7
      vertex 45.4445 42.8652 7
    endloop
  endfacet
  facet normal -0.596324 -0.802744 -0
    outer loop
      vertex 45.5075 42.8184 7
      vertex 45.4445 42.8652 1
      vertex 45.5075 42.8184 1
    endloop
  endfacet
  facet normal 0.989039 -0.147656 0
    outer loop
      vertex 44.2038 42.2784 7
      vertex 44.2154 42.3561 1
      vertex 44.2154 42.3561 7
    endloop
  endfacet
  facet normal 0.989039 -0.147656 0
    outer loop
      vertex 44.2154 42.3561 1
      vertex 44.2038 42.2784 7
      vertex 44.2038 42.2784 1
    endloop
  endfacet
  facet normal 0 0 1
    outer loop
      vertex 45.7961 42.2784 1
      vertex 45.7961 42.1216 1
      vertex 45.8 42.2 1
    endloop
  endfacet
  facet normal 0 0 1
    outer loop
      vertex 45.7846 42.3561 1
      vertex 45.7961 42.1216 1
      vertex 45.7961 42.2784 1
    endloop
  endfacet
  facet normal 0 0 1
    outer loop
      vertex 45.7846 42.3561 1
      vertex 45.7846 42.0439 1
      vertex 45.7961 42.1216 1
    endloop
  endfacet
  facet normal 0 0 1
    outer loop
      vertex 45.7656 42.4322 1
      vertex 45.7846 42.0439 1
      vertex 45.7846 42.3561 1
    endloop
  endfacet
  facet normal 0 0 1
    outer loop
      vertex 45.7656 42.4322 1
      vertex 45.7656 41.9678 1
      vertex 45.7846 42.0439 1
    endloop
  endfacet
  facet normal 0 0 1
    outer loop
      vertex 45.7391 42.5061 1
      vertex 45.7656 41.9678 1
      vertex 45.7656 42.4322 1
    endloop
  endfacet
  facet normal 0 0 1
    outer loop
      vertex 45.7391 42.5061 1
      vertex 45.7391 41.8939 1
      vertex 45.7656 41.9678 1
    endloop
  endfacet
  facet normal 0 0 1
    outer loop
      vertex 45.7055 42.5771 1
      vertex 45.7391 41.8939 1
      vertex 45.7391 42.5061 1
    endloop
  endfacet
  facet normal 0 0 1
    outer loop
      vertex 45.7055 42.5771 1
      vertex 45.7055 41.8229 1
      vertex 45.7391 41.8939 1
    endloop
  endfacet
  facet normal 0 0 1
    outer loop
      vertex 45.6652 42.6445 1
      vertex 45.7055 41.8229 1
      vertex 45.7055 42.5771 1
    endloop
  endfacet
  facet normal 0 0 1
    outer loop
      vertex 45.6652 42.6445 1
      vertex 45.6652 41.7555 1
      vertex 45.7055 41.8229 1
    endloop
  endfacet
  facet normal 0 0 1
    outer loop
      vertex 45.6184 42.7075 1
      vertex 45.6652 41.7555 1
      vertex 45.6652 42.6445 1
    endloop
  endfacet
  facet normal 0 0 1
    outer loop
      vertex 45.6184 42.7075 1
      vertex 45.6184 41.6925 1
      vertex 45.6652 41.7555 1
    endloop
  endfacet
  facet normal 0 0 1
    outer loop
      vertex 45.5657 42.7657 1
      vertex 45.6184 41.6925 1
      vertex 45.6184 42.7075 1
    endloop
  endfacet
  facet normal 0 0 1
    outer loop
      vertex 45.5657 42.7657 1
      vertex 45.5657 41.6343 1
      vertex 45.6184 41.6925 1
    endloop
  endfacet
  facet normal 0 0 1
    outer loop
      vertex 45.5075 42.8184 1
      vertex 45.5657 41.6343 1
      vertex 45.5657 42.7657 1
    endloop
  endfacet
  facet normal 0 0 1
    outer loop
      vertex 45.5075 42.8184 1
      vertex 45.5075 41.5816 1
      vertex 45.5657 41.6343 1
    endloop
  endfacet
  facet normal 0 0 1
    outer loop
      vertex 45.4445 42.8652 1
      vertex 45.5075 41.5816 1
      vertex 45.5075 42.8184 1
    endloop
  endfacet
  facet normal 0 0 1
    outer loop
      vertex 45.4445 42.8652 1
      vertex 45.4445 41.5348 1
      vertex 45.5075 41.5816 1
    endloop
  endfacet
  facet normal 0 0 1
    outer loop
      vertex 45.3771 42.9055 1
      vertex 45.4445 41.5348 1
      vertex 45.4445 42.8652 1
    endloop
  endfacet
  facet normal 0 0 1
    outer loop
      vertex 45.3771 42.9055 1
      vertex 45.3771 41.4945 1
      vertex 45.4445 41.5348 1
    endloop
  endfacet
  facet normal 0 0 1
    outer loop
      vertex 45.3061 42.9391 1
      vertex 45.3771 41.4945 1
      vertex 45.3771 42.9055 1
    endloop
  endfacet
  facet normal 0 0 1
    outer loop
      vertex 45.3061 42.9391 1
      vertex 45.3061 41.4609 1
      vertex 45.3771 41.4945 1
    endloop
  endfacet
  facet normal 0 0 1
    outer loop
      vertex 45.2322 42.9656 1
      vertex 45.3061 41.4609 1
      vertex 45.3061 42.9391 1
    endloop
  endfacet
  facet normal 0 0 1
    outer loop
      vertex 45.2322 42.9656 1
      vertex 45.2322 41.4344 1
      vertex 45.3061 41.4609 1
    endloop
  endfacet
  facet normal 0 0 1
    outer loop
      vertex 45.1561 42.9846 1
      vertex 45.2322 41.4344 1
      vertex 45.2322 42.9656 1
    endloop
  endfacet
  facet normal 0 0 1
    outer loop
      vertex 45.1561 42.9846 1
      vertex 45.1561 41.4154 1
      vertex 45.2322 41.4344 1
    endloop
  endfacet
  facet normal 0 0 1
    outer loop
      vertex 45.0784 42.9961 1
      vertex 45.1561 41.4154 1
      vertex 45.1561 42.9846 1
    endloop
  endfacet
  facet normal 0 0 1
    outer loop
      vertex 45.0784 42.9961 1
      vertex 45.0784 41.4039 1
      vertex 45.1561 41.4154 1
    endloop
  endfacet
  facet normal 0 0 1
    outer loop
      vertex 45 43 1
      vertex 45.0784 41.4039 1
      vertex 45.0784 42.9961 1
    endloop
  endfacet
  facet normal 0 0 1
    outer loop
      vertex 45 43 1
      vertex 45 41.4 1
      vertex 45.0784 41.4039 1
    endloop
  endfacet
  facet normal -0 0 1
    outer loop
      vertex 44.9216 42.9961 1
      vertex 45 41.4 1
      vertex 45 43 1
    endloop
  endfacet
  facet normal 0 0 1
    outer loop
      vertex 44.9216 42.9961 1
      vertex 44.9216 41.4039 1
      vertex 45 41.4 1
    endloop
  endfacet
  facet normal -0 0 1
    outer loop
      vertex 44.8439 42.9846 1
      vertex 44.9216 41.4039 1
      vertex 44.9216 42.9961 1
    endloop
  endfacet
  facet normal 0 0 1
    outer loop
      vertex 44.8439 42.9846 1
      vertex 44.8439 41.4154 1
      vertex 44.9216 41.4039 1
    endloop
  endfacet
  facet normal -0 0 1
    outer loop
      vertex 44.7678 42.9656 1
      vertex 44.8439 41.4154 1
      vertex 44.8439 42.9846 1
    endloop
  endfacet
  facet normal 0 0 1
    outer loop
      vertex 44.7678 42.9656 1
      vertex 44.7678 41.4344 1
      vertex 44.8439 41.4154 1
    endloop
  endfacet
  facet normal -0 0 1
    outer loop
      vertex 44.6939 42.9391 1
      vertex 44.7678 41.4344 1
      vertex 44.7678 42.9656 1
    endloop
  endfacet
  facet normal 0 0 1
    outer loop
      vertex 44.6939 42.9391 1
      vertex 44.6939 41.4609 1
      vertex 44.7678 41.4344 1
    endloop
  endfacet
  facet normal -0 0 1
    outer loop
      vertex 44.6229 42.9055 1
      vertex 44.6939 41.4609 1
      vertex 44.6939 42.9391 1
    endloop
  endfacet
  facet normal 0 0 1
    outer loop
      vertex 44.6229 42.9055 1
      vertex 44.6229 41.4945 1
      vertex 44.6939 41.4609 1
    endloop
  endfacet
  facet normal -0 0 1
    outer loop
      vertex 44.5555 42.8652 1
      vertex 44.6229 41.4945 1
      vertex 44.6229 42.9055 1
    endloop
  endfacet
  facet normal 0 0 1
    outer loop
      vertex 44.5555 42.8652 1
      vertex 44.5555 41.5348 1
      vertex 44.6229 41.4945 1
    endloop
  endfacet
  facet normal -0 0 1
    outer loop
      vertex 44.4925 42.8184 1
      vertex 44.5555 41.5348 1
      vertex 44.5555 42.8652 1
    endloop
  endfacet
  facet normal 0 0 1
    outer loop
      vertex 44.4925 42.8184 1
      vertex 44.4925 41.5816 1
      vertex 44.5555 41.5348 1
    endloop
  endfacet
  facet normal -0 0 1
    outer loop
      vertex 44.4343 42.7657 1
      vertex 44.4925 41.5816 1
      vertex 44.4925 42.8184 1
    endloop
  endfacet
  facet normal 0 0 1
    outer loop
      vertex 44.4343 42.7657 1
      vertex 44.4343 41.6343 1
      vertex 44.4925 41.5816 1
    endloop
  endfacet
  facet normal -0 0 1
    outer loop
      vertex 44.3816 42.7075 1
      vertex 44.4343 41.6343 1
      vertex 44.4343 42.7657 1
    endloop
  endfacet
  facet normal 0 0 1
    outer loop
      vertex 44.3816 42.7075 1
      vertex 44.3816 41.6925 1
      vertex 44.4343 41.6343 1
    endloop
  endfacet
  facet normal -0 0 1
    outer loop
      vertex 44.3348 42.6445 1
      vertex 44.3816 41.6925 1
      vertex 44.3816 42.7075 1
    endloop
  endfacet
  facet normal 0 0 1
    outer loop
      vertex 44.3348 42.6445 1
      vertex 44.3348 41.7555 1
      vertex 44.3816 41.6925 1
    endloop
  endfacet
  facet normal -0 0 1
    outer loop
      vertex 44.2945 42.5771 1
      vertex 44.3348 41.7555 1
      vertex 44.3348 42.6445 1
    endloop
  endfacet
  facet normal 0 0 1
    outer loop
      vertex 44.2945 42.5771 1
      vertex 44.2945 41.8229 1
      vertex 44.3348 41.7555 1
    endloop
  endfacet
  facet normal -0 0 1
    outer loop
      vertex 44.2609 42.5061 1
      vertex 44.2945 41.8229 1
      vertex 44.2945 42.5771 1
    endloop
  endfacet
  facet normal 0 0 1
    outer loop
      vertex 44.2609 42.5061 1
      vertex 44.2609 41.8939 1
      vertex 44.2945 41.8229 1
    endloop
  endfacet
  facet normal -0 0 1
    outer loop
      vertex 44.2344 42.4322 1
      vertex 44.2609 41.8939 1
      vertex 44.2609 42.5061 1
    endloop
  endfacet
  facet normal 0 0 1
    outer loop
      vertex 44.2344 42.4322 1
      vertex 44.2344 41.9678 1
      vertex 44.2609 41.8939 1
    endloop
  endfacet
  facet normal -0 0 1
    outer loop
      vertex 44.2154 42.3561 1
      vertex 44.2344 41.9678 1
      vertex 44.2344 42.4322 1
    endloop
  endfacet
  facet normal 0 0 1
    outer loop
      vertex 44.2154 42.3561 1
      vertex 44.2154 42.0439 1
      vertex 44.2344 41.9678 1
    endloop
  endfacet
  facet normal -0 0 1
    outer loop
      vertex 44.2038 42.2784 1
      vertex 44.2154 42.0439 1
      vertex 44.2154 42.3561 1
    endloop
  endfacet
  facet normal 0 0 1
    outer loop
      vertex 44.2038 42.2784 1
      vertex 44.2038 42.1216 1
      vertex 44.2154 42.0439 1
    endloop
  endfacet
  facet normal 0 -0 1
    outer loop
      vertex 44.2038 42.1216 1
      vertex 44.2038 42.2784 1
      vertex 44.2 42.2 1
    endloop
  endfacet
  facet normal 0.858278 -0.513184 0
    outer loop
      vertex 44.2945 42.5771 7
      vertex 44.3348 42.6445 1
      vertex 44.3348 42.6445 7
    endloop
  endfacet
  facet normal 0.858278 -0.513184 0
    outer loop
      vertex 44.3348 42.6445 1
      vertex 44.2945 42.5771 7
      vertex 44.2945 42.5771 1
    endloop
  endfacet
  facet normal 0.802744 -0.596324 0
    outer loop
      vertex 44.3348 42.6445 7
      vertex 44.3816 42.7075 1
      vertex 44.3816 42.7075 7
    endloop
  endfacet
  facet normal 0.802744 -0.596324 0
    outer loop
      vertex 44.3816 42.7075 1
      vertex 44.3348 42.6445 7
      vertex 44.3348 42.6445 1
    endloop
  endfacet
  facet normal 0.903893 -0.427758 0
    outer loop
      vertex 44.2609 42.5061 7
      vertex 44.2945 42.5771 1
      vertex 44.2945 42.5771 7
    endloop
  endfacet
  facet normal 0.903893 -0.427758 0
    outer loop
      vertex 44.2945 42.5771 1
      vertex 44.2609 42.5061 7
      vertex 44.2609 42.5061 1
    endloop
  endfacet
  facet normal 0.970217 -0.242236 0
    outer loop
      vertex 44.2154 42.3561 7
      vertex 44.2344 42.4322 1
      vertex 44.2344 42.4322 7
    endloop
  endfacet
  facet normal 0.970217 -0.242236 0
    outer loop
      vertex 44.2344 42.4322 1
      vertex 44.2154 42.3561 7
      vertex 44.2154 42.3561 1
    endloop
  endfacet
  facet normal 0.998827 -0.0484126 0
    outer loop
      vertex 44.2 42.2 7
      vertex 44.2038 42.2784 1
      vertex 44.2038 42.2784 7
    endloop
  endfacet
  facet normal 0.998827 -0.0484126 0
    outer loop
      vertex 44.2038 42.2784 1
      vertex 44.2 42.2 7
      vertex 44.2 42.2 1
    endloop
  endfacet
  facet normal 0.596324 -0.802744 0
    outer loop
      vertex 44.4925 42.8184 1
      vertex 44.5555 42.8652 7
      vertex 44.4925 42.8184 7
    endloop
  endfacet
  facet normal 0.596324 -0.802744 0
    outer loop
      vertex 44.5555 42.8652 7
      vertex 44.4925 42.8184 1
      vertex 44.5555 42.8652 1
    endloop
  endfacet
  facet normal 0.513184 -0.858278 0
    outer loop
      vertex 44.5555 42.8652 1
      vertex 44.6229 42.9055 7
      vertex 44.5555 42.8652 7
    endloop
  endfacet
  facet normal 0.513184 -0.858278 0
    outer loop
      vertex 44.6229 42.9055 7
      vertex 44.5555 42.8652 1
      vertex 44.6229 42.9055 1
    endloop
  endfacet
  facet normal 0.671213 -0.741264 0
    outer loop
      vertex 44.4343 42.7657 1
      vertex 44.4925 42.8184 7
      vertex 44.4343 42.7657 7
    endloop
  endfacet
  facet normal 0.671213 -0.741264 0
    outer loop
      vertex 44.4925 42.8184 7
      vertex 44.4343 42.7657 1
      vertex 44.4925 42.8184 1
    endloop
  endfacet
  facet normal 0.337546 -0.941309 0
    outer loop
      vertex 44.6939 42.9391 1
      vertex 44.7678 42.9656 7
      vertex 44.6939 42.9391 7
    endloop
  endfacet
  facet normal 0.337546 -0.941309 0
    outer loop
      vertex 44.7678 42.9656 7
      vertex 44.6939 42.9391 1
      vertex 44.7678 42.9656 1
    endloop
  endfacet
  facet normal 0.14641 -0.989224 0
    outer loop
      vertex 44.8439 42.9846 1
      vertex 44.9216 42.9961 7
      vertex 44.8439 42.9846 7
    endloop
  endfacet
  facet normal 0.14641 -0.989224 0
    outer loop
      vertex 44.9216 42.9961 7
      vertex 44.8439 42.9846 1
      vertex 44.9216 42.9961 1
    endloop
  endfacet
  facet normal -0.14641 0.989224 0
    outer loop
      vertex 45.1561 41.4154 1
      vertex 45.0784 41.4039 7
      vertex 45.1561 41.4154 7
    endloop
  endfacet
  facet normal -0.14641 0.989224 0
    outer loop
      vertex 45.0784 41.4039 7
      vertex 45.1561 41.4154 1
      vertex 45.0784 41.4039 1
    endloop
  endfacet
  facet normal -0.337546 0.941309 0
    outer loop
      vertex 45.3061 41.4609 1
      vertex 45.2322 41.4344 7
      vertex 45.3061 41.4609 7
    endloop
  endfacet
  facet normal -0.337546 0.941309 0
    outer loop
      vertex 45.2322 41.4344 7
      vertex 45.3061 41.4609 1
      vertex 45.2322 41.4344 1
    endloop
  endfacet
  facet normal -0.671213 0.741264 0
    outer loop
      vertex 45.5657 41.6343 1
      vertex 45.5075 41.5816 7
      vertex 45.5657 41.6343 7
    endloop
  endfacet
  facet normal -0.671213 0.741264 0
    outer loop
      vertex 45.5075 41.5816 7
      vertex 45.5657 41.6343 1
      vertex 45.5075 41.5816 1
    endloop
  endfacet
  facet normal -0.513184 0.858278 0
    outer loop
      vertex 45.4445 41.5348 1
      vertex 45.3771 41.4945 7
      vertex 45.4445 41.5348 7
    endloop
  endfacet
  facet normal -0.513184 0.858278 0
    outer loop
      vertex 45.3771 41.4945 7
      vertex 45.4445 41.5348 1
      vertex 45.3771 41.4945 1
    endloop
  endfacet
  facet normal -0.802744 0.596324 0
    outer loop
      vertex 45.6184 41.6925 1
      vertex 45.6652 41.7555 7
      vertex 45.6652 41.7555 1
    endloop
  endfacet
  facet normal -0.802744 0.596324 0
    outer loop
      vertex 45.6652 41.7555 7
      vertex 45.6184 41.6925 1
      vertex 45.6184 41.6925 7
    endloop
  endfacet
  facet normal -0.903893 0.427758 0
    outer loop
      vertex 45.7055 41.8229 1
      vertex 45.7391 41.8939 7
      vertex 45.7391 41.8939 1
    endloop
  endfacet
  facet normal -0.903893 0.427758 0
    outer loop
      vertex 45.7391 41.8939 7
      vertex 45.7055 41.8229 1
      vertex 45.7055 41.8229 7
    endloop
  endfacet
  facet normal 0.596324 0.802744 -0
    outer loop
      vertex 44.5555 41.5348 1
      vertex 44.4925 41.5816 7
      vertex 44.5555 41.5348 7
    endloop
  endfacet
  facet normal 0.596324 0.802744 0
    outer loop
      vertex 44.4925 41.5816 7
      vertex 44.5555 41.5348 1
      vertex 44.4925 41.5816 1
    endloop
  endfacet
  facet normal 0.427758 0.903893 -0
    outer loop
      vertex 44.6939 41.4609 1
      vertex 44.6229 41.4945 7
      vertex 44.6939 41.4609 7
    endloop
  endfacet
  facet normal 0.427758 0.903893 0
    outer loop
      vertex 44.6229 41.4945 7
      vertex 44.6939 41.4609 1
      vertex 44.6229 41.4945 1
    endloop
  endfacet
  facet normal 0.242236 0.970217 -0
    outer loop
      vertex 44.8439 41.4154 1
      vertex 44.7678 41.4344 7
      vertex 44.8439 41.4154 7
    endloop
  endfacet
  facet normal 0.242236 0.970217 0
    outer loop
      vertex 44.7678 41.4344 7
      vertex 44.8439 41.4154 1
      vertex 44.7678 41.4344 1
    endloop
  endfacet
  facet normal 0.0496835 0.998765 -0
    outer loop
      vertex 45 41.4 1
      vertex 44.9216 41.4039 7
      vertex 45 41.4 7
    endloop
  endfacet
  facet normal 0.0496835 0.998765 0
    outer loop
      vertex 44.9216 41.4039 7
      vertex 45 41.4 1
      vertex 44.9216 41.4039 1
    endloop
  endfacet
  facet normal 0.802744 0.596324 0
    outer loop
      vertex 44.3816 41.6925 7
      vertex 44.3348 41.7555 1
      vertex 44.3348 41.7555 7
    endloop
  endfacet
  facet normal 0.802744 0.596324 0
    outer loop
      vertex 44.3348 41.7555 1
      vertex 44.3816 41.6925 7
      vertex 44.3816 41.6925 1
    endloop
  endfacet
  facet normal 0.858278 0.513184 0
    outer loop
      vertex 44.3348 41.7555 7
      vertex 44.2945 41.8229 1
      vertex 44.2945 41.8229 7
    endloop
  endfacet
  facet normal 0.858278 0.513184 0
    outer loop
      vertex 44.2945 41.8229 1
      vertex 44.3348 41.7555 7
      vertex 44.3348 41.7555 1
    endloop
  endfacet
  facet normal 0.741264 0.671213 0
    outer loop
      vertex 44.4343 41.6343 7
      vertex 44.3816 41.6925 1
      vertex 44.3816 41.6925 7
    endloop
  endfacet
  facet normal 0.741264 0.671213 0
    outer loop
      vertex 44.3816 41.6925 1
      vertex 44.4343 41.6343 7
      vertex 44.4343 41.6343 1
    endloop
  endfacet
  facet normal 0.989039 0.147656 0
    outer loop
      vertex 44.2154 42.0439 7
      vertex 44.2038 42.1216 1
      vertex 44.2038 42.1216 7
    endloop
  endfacet
  facet normal 0.989039 0.147656 0
    outer loop
      vertex 44.2038 42.1216 1
      vertex 44.2154 42.0439 7
      vertex 44.2154 42.0439 1
    endloop
  endfacet
  facet normal 0.941309 0.337546 0
    outer loop
      vertex 44.2609 41.8939 7
      vertex 44.2344 41.9678 1
      vertex 44.2344 41.9678 7
    endloop
  endfacet
  facet normal 0.941309 0.337546 0
    outer loop
      vertex 44.2344 41.9678 1
      vertex 44.2609 41.8939 7
      vertex 44.2609 41.8939 1
    endloop
  endfacet
  facet normal 0.970217 0.242236 0
    outer loop
      vertex 44.2344 41.9678 7
      vertex 44.2154 42.0439 1
      vertex 44.2154 42.0439 7
    endloop
  endfacet
  facet normal 0.970217 0.242236 0
    outer loop
      vertex 44.2154 42.0439 1
      vertex 44.2344 41.9678 7
      vertex 44.2344 41.9678 1
    endloop
  endfacet
  facet normal 0.998827 0.0484126 0
    outer loop
      vertex 44.2038 42.1216 7
      vertex 44.2 42.2 1
      vertex 44.2 42.2 7
    endloop
  endfacet
  facet normal 0.998827 0.0484126 0
    outer loop
      vertex 44.2 42.2 1
      vertex 44.2038 42.1216 7
      vertex 44.2038 42.1216 1
    endloop
  endfacet
  facet normal -0.242236 0.970217 0
    outer loop
      vertex 45.2322 41.4344 1
      vertex 45.1561 41.4154 7
      vertex 45.2322 41.4344 7
    endloop
  endfacet
  facet normal -0.242236 0.970217 0
    outer loop
      vertex 45.1561 41.4154 7
      vertex 45.2322 41.4344 1
      vertex 45.1561 41.4154 1
    endloop
  endfacet
  facet normal -0.427758 0.903893 0
    outer loop
      vertex 45.3771 41.4945 1
      vertex 45.3061 41.4609 7
      vertex 45.3771 41.4945 7
    endloop
  endfacet
  facet normal -0.427758 0.903893 0
    outer loop
      vertex 45.3061 41.4609 7
      vertex 45.3771 41.4945 1
      vertex 45.3061 41.4609 1
    endloop
  endfacet
  facet normal -0.741264 0.671213 0
    outer loop
      vertex 45.5657 41.6343 1
      vertex 45.6184 41.6925 7
      vertex 45.6184 41.6925 1
    endloop
  endfacet
  facet normal -0.741264 0.671213 0
    outer loop
      vertex 45.6184 41.6925 7
      vertex 45.5657 41.6343 1
      vertex 45.5657 41.6343 7
    endloop
  endfacet
  facet normal -0.596324 0.802744 0
    outer loop
      vertex 45.5075 41.5816 1
      vertex 45.4445 41.5348 7
      vertex 45.5075 41.5816 7
    endloop
  endfacet
  facet normal -0.596324 0.802744 0
    outer loop
      vertex 45.4445 41.5348 7
      vertex 45.5075 41.5816 1
      vertex 45.4445 41.5348 1
    endloop
  endfacet
  facet normal -0.858278 0.513184 0
    outer loop
      vertex 45.6652 41.7555 1
      vertex 45.7055 41.8229 7
      vertex 45.7055 41.8229 1
    endloop
  endfacet
  facet normal -0.858278 0.513184 0
    outer loop
      vertex 45.7055 41.8229 7
      vertex 45.6652 41.7555 1
      vertex 45.6652 41.7555 7
    endloop
  endfacet
  facet normal -0.989224 0.14641 0
    outer loop
      vertex 45.7846 42.0439 1
      vertex 45.7961 42.1216 7
      vertex 45.7961 42.1216 1
    endloop
  endfacet
  facet normal -0.989224 0.14641 0
    outer loop
      vertex 45.7961 42.1216 7
      vertex 45.7846 42.0439 1
      vertex 45.7846 42.0439 7
    endloop
  endfacet
  facet normal 0.513184 0.858278 -0
    outer loop
      vertex 44.6229 41.4945 1
      vertex 44.5555 41.5348 7
      vertex 44.6229 41.4945 7
    endloop
  endfacet
  facet normal 0.513184 0.858278 0
    outer loop
      vertex 44.5555 41.5348 7
      vertex 44.6229 41.4945 1
      vertex 44.5555 41.5348 1
    endloop
  endfacet
  facet normal 0.337546 0.941309 -0
    outer loop
      vertex 44.7678 41.4344 1
      vertex 44.6939 41.4609 7
      vertex 44.7678 41.4344 7
    endloop
  endfacet
  facet normal 0.337546 0.941309 0
    outer loop
      vertex 44.6939 41.4609 7
      vertex 44.7678 41.4344 1
      vertex 44.6939 41.4609 1
    endloop
  endfacet
  facet normal 0.14641 0.989224 -0
    outer loop
      vertex 44.9216 41.4039 1
      vertex 44.8439 41.4154 7
      vertex 44.9216 41.4039 7
    endloop
  endfacet
  facet normal 0.14641 0.989224 0
    outer loop
      vertex 44.8439 41.4154 7
      vertex 44.9216 41.4039 1
      vertex 44.8439 41.4154 1
    endloop
  endfacet
  facet normal -0.998765 0.0496835 0
    outer loop
      vertex 45.7961 42.1216 1
      vertex 45.8 42.2 7
      vertex 45.8 42.2 1
    endloop
  endfacet
  facet normal -0.998765 0.0496835 0
    outer loop
      vertex 45.8 42.2 7
      vertex 45.7961 42.1216 1
      vertex 45.7961 42.1216 7
    endloop
  endfacet
  facet normal -0.998795 -0.0490836 0
    outer loop
      vertex 6.45 26 0
      vertex 6.44398 26.1225 6
      vertex 6.44398 26.1225 0
    endloop
  endfacet
  facet normal -0.998795 -0.0490836 0
    outer loop
      vertex 6.44398 26.1225 6
      vertex 6.45 26 0
      vertex 6.45 26 6
    endloop
  endfacet
  facet normal 0.048913 -0.998803 0
    outer loop
      vertex 5.07748 27.244 0
      vertex 5.2 27.25 6
      vertex 5.07748 27.244 6
    endloop
  endfacet
  facet normal 0.048913 -0.998803 0
    outer loop
      vertex 5.2 27.25 6
      vertex 5.07748 27.244 0
      vertex 5.2 27.25 0
    endloop
  endfacet
  facet normal -0.671658 -0.740861 0
    outer loop
      vertex 5.99299 26.9663 0
      vertex 6.08388 26.8839 6
      vertex 5.99299 26.9663 6
    endloop
  endfacet
  facet normal -0.671658 -0.740861 -0
    outer loop
      vertex 6.08388 26.8839 6
      vertex 5.99299 26.9663 0
      vertex 6.08388 26.8839 0
    endloop
  endfacet
  facet normal 0.740979 -0.671528 0
    outer loop
      vertex 4.23374 26.793 6
      vertex 4.31612 26.8839 0
      vertex 4.31612 26.8839 6
    endloop
  endfacet
  facet normal 0.740979 -0.671528 0
    outer loop
      vertex 4.31612 26.8839 0
      vertex 4.23374 26.793 6
      vertex 4.23374 26.793 0
    endloop
  endfacet
  facet normal 0.427876 -0.903837 0
    outer loop
      vertex 4.61075 27.1024 0
      vertex 4.72165 27.1549 6
      vertex 4.61075 27.1024 6
    endloop
  endfacet
  facet normal 0.427876 -0.903837 0
    outer loop
      vertex 4.72165 27.1549 6
      vertex 4.61075 27.1024 0
      vertex 4.72165 27.1549 0
    endloop
  endfacet
  facet normal -0.903846 -0.427858 0
    outer loop
      vertex 6.35485 26.4784 0
      vertex 6.3024 26.5892 6
      vertex 6.3024 26.5892 0
    endloop
  endfacet
  facet normal -0.903846 -0.427858 0
    outer loop
      vertex 6.3024 26.5892 6
      vertex 6.35485 26.4784 0
      vertex 6.35485 26.4784 6
    endloop
  endfacet
  facet normal -0.336724 -0.941603 0
    outer loop
      vertex 5.56286 27.1962 0
      vertex 5.67835 27.1549 6
      vertex 5.56286 27.1962 6
    endloop
  endfacet
  facet normal -0.336724 -0.941603 -0
    outer loop
      vertex 5.67835 27.1549 6
      vertex 5.56286 27.1962 0
      vertex 5.67835 27.1549 0
    endloop
  endfacet
  facet normal -0.51434 -0.857586 0
    outer loop
      vertex 5.78925 27.1024 0
      vertex 5.89446 27.0393 6
      vertex 5.78925 27.1024 6
    endloop
  endfacet
  facet normal -0.51434 -0.857586 -0
    outer loop
      vertex 5.89446 27.0393 6
      vertex 5.78925 27.1024 0
      vertex 5.89446 27.0393 0
    endloop
  endfacet
  facet normal 0.941535 -0.336915 0
    outer loop
      vertex 4.00382 26.3629 6
      vertex 4.04515 26.4784 0
      vertex 4.04515 26.4784 6
    endloop
  endfacet
  facet normal 0.941535 -0.336915 0
    outer loop
      vertex 4.04515 26.4784 0
      vertex 4.00382 26.3629 6
      vertex 4.00382 26.3629 0
    endloop
  endfacet
  facet normal 0.242919 -0.970047 0
    outer loop
      vertex 4.83714 27.1962 0
      vertex 4.95614 27.226 6
      vertex 4.83714 27.1962 6
    endloop
  endfacet
  facet normal 0.242919 -0.970047 0
    outer loop
      vertex 4.95614 27.226 6
      vertex 4.83714 27.1962 0
      vertex 4.95614 27.226 0
    endloop
  endfacet
  facet normal 0.671658 0.740861 -0
    outer loop
      vertex 4.40701 25.0337 0
      vertex 4.31612 25.1161 6
      vertex 4.40701 25.0337 6
    endloop
  endfacet
  facet normal 0.671658 0.740861 0
    outer loop
      vertex 4.31612 25.1161 6
      vertex 4.40701 25.0337 0
      vertex 4.31612 25.1161 0
    endloop
  endfacet
  facet normal -0.970047 -0.242919 0
    outer loop
      vertex 6.42598 26.2439 0
      vertex 6.39618 26.3629 6
      vertex 6.39618 26.3629 0
    endloop
  endfacet
  facet normal -0.970047 -0.242919 0
    outer loop
      vertex 6.39618 26.3629 6
      vertex 6.42598 26.2439 0
      vertex 6.42598 26.2439 6
    endloop
  endfacet
  facet normal -0.989186 -0.146667 0
    outer loop
      vertex 6.44398 26.1225 0
      vertex 6.42598 26.2439 6
      vertex 6.42598 26.2439 0
    endloop
  endfacet
  facet normal -0.989186 -0.146667 0
    outer loop
      vertex 6.42598 26.2439 6
      vertex 6.44398 26.1225 0
      vertex 6.44398 26.1225 6
    endloop
  endfacet
  facet normal -0.941535 -0.336915 0
    outer loop
      vertex 6.39618 26.3629 0
      vertex 6.35485 26.4784 6
      vertex 6.35485 26.4784 0
    endloop
  endfacet
  facet normal -0.941535 -0.336915 0
    outer loop
      vertex 6.35485 26.4784 6
      vertex 6.39618 26.3629 0
      vertex 6.39618 26.3629 6
    endloop
  endfacet
  facet normal -0.803101 -0.595844 0
    outer loop
      vertex 6.23934 26.6945 0
      vertex 6.16626 26.793 6
      vertex 6.16626 26.793 0
    endloop
  endfacet
  facet normal -0.803101 -0.595844 0
    outer loop
      vertex 6.16626 26.793 6
      vertex 6.23934 26.6945 0
      vertex 6.23934 26.6945 6
    endloop
  endfacet
  facet normal -0.740979 -0.671528 0
    outer loop
      vertex 6.16626 26.793 0
      vertex 6.08388 26.8839 6
      vertex 6.08388 26.8839 0
    endloop
  endfacet
  facet normal -0.740979 -0.671528 0
    outer loop
      vertex 6.08388 26.8839 6
      vertex 6.16626 26.793 0
      vertex 6.16626 26.793 6
    endloop
  endfacet
  facet normal -0.857924 -0.513777 0
    outer loop
      vertex 6.3024 26.5892 0
      vertex 6.23934 26.6945 6
      vertex 6.23934 26.6945 0
    endloop
  endfacet
  facet normal -0.857924 -0.513777 0
    outer loop
      vertex 6.23934 26.6945 6
      vertex 6.3024 26.5892 0
      vertex 6.3024 26.5892 6
    endloop
  endfacet
  facet normal -0.146738 -0.989175 0
    outer loop
      vertex 5.32252 27.244 0
      vertex 5.44386 27.226 6
      vertex 5.32252 27.244 6
    endloop
  endfacet
  facet normal -0.146738 -0.989175 -0
    outer loop
      vertex 5.44386 27.226 6
      vertex 5.32252 27.244 0
      vertex 5.44386 27.226 0
    endloop
  endfacet
  facet normal -0.242919 -0.970047 0
    outer loop
      vertex 5.44386 27.226 0
      vertex 5.56286 27.1962 6
      vertex 5.44386 27.226 6
    endloop
  endfacet
  facet normal -0.242919 -0.970047 -0
    outer loop
      vertex 5.56286 27.1962 6
      vertex 5.44386 27.226 0
      vertex 5.56286 27.1962 0
    endloop
  endfacet
  facet normal -0.048913 -0.998803 0
    outer loop
      vertex 5.2 27.25 0
      vertex 5.32252 27.244 6
      vertex 5.2 27.25 6
    endloop
  endfacet
  facet normal -0.048913 -0.998803 -0
    outer loop
      vertex 5.32252 27.244 6
      vertex 5.2 27.25 0
      vertex 5.32252 27.244 0
    endloop
  endfacet
  facet normal -0.427876 -0.903837 0
    outer loop
      vertex 5.67835 27.1549 0
      vertex 5.78925 27.1024 6
      vertex 5.67835 27.1549 6
    endloop
  endfacet
  facet normal -0.427876 -0.903837 -0
    outer loop
      vertex 5.78925 27.1024 6
      vertex 5.67835 27.1549 0
      vertex 5.78925 27.1024 0
    endloop
  endfacet
  facet normal -0.595306 -0.803499 0
    outer loop
      vertex 5.89446 27.0393 0
      vertex 5.99299 26.9663 6
      vertex 5.89446 27.0393 6
    endloop
  endfacet
  facet normal -0.595306 -0.803499 -0
    outer loop
      vertex 5.99299 26.9663 6
      vertex 5.89446 27.0393 0
      vertex 5.99299 26.9663 0
    endloop
  endfacet
  facet normal 0.989186 -0.146667 0
    outer loop
      vertex 3.95602 26.1225 6
      vertex 3.97402 26.2439 0
      vertex 3.97402 26.2439 6
    endloop
  endfacet
  facet normal 0.989186 -0.146667 0
    outer loop
      vertex 3.97402 26.2439 0
      vertex 3.95602 26.1225 6
      vertex 3.95602 26.1225 0
    endloop
  endfacet
  facet normal 0.857924 -0.513777 0
    outer loop
      vertex 4.0976 26.5892 6
      vertex 4.16066 26.6945 0
      vertex 4.16066 26.6945 6
    endloop
  endfacet
  facet normal 0.857924 -0.513777 0
    outer loop
      vertex 4.16066 26.6945 0
      vertex 4.0976 26.5892 6
      vertex 4.0976 26.5892 0
    endloop
  endfacet
  facet normal 0.803101 -0.595844 0
    outer loop
      vertex 4.16066 26.6945 6
      vertex 4.23374 26.793 0
      vertex 4.23374 26.793 6
    endloop
  endfacet
  facet normal 0.803101 -0.595844 0
    outer loop
      vertex 4.23374 26.793 0
      vertex 4.16066 26.6945 6
      vertex 4.16066 26.6945 0
    endloop
  endfacet
  facet normal 0.903846 -0.427858 0
    outer loop
      vertex 4.04515 26.4784 6
      vertex 4.0976 26.5892 0
      vertex 4.0976 26.5892 6
    endloop
  endfacet
  facet normal 0.903846 -0.427858 0
    outer loop
      vertex 4.0976 26.5892 0
      vertex 4.04515 26.4784 6
      vertex 4.04515 26.4784 0
    endloop
  endfacet
  facet normal 0.970047 -0.242919 0
    outer loop
      vertex 3.97402 26.2439 6
      vertex 4.00382 26.3629 0
      vertex 4.00382 26.3629 6
    endloop
  endfacet
  facet normal 0.970047 -0.242919 0
    outer loop
      vertex 4.00382 26.3629 0
      vertex 3.97402 26.2439 6
      vertex 3.97402 26.2439 0
    endloop
  endfacet
  facet normal 0.998795 -0.0490836 0
    outer loop
      vertex 3.95 26 6
      vertex 3.95602 26.1225 0
      vertex 3.95602 26.1225 6
    endloop
  endfacet
  facet normal 0.998795 -0.0490836 0
    outer loop
      vertex 3.95602 26.1225 0
      vertex 3.95 26 6
      vertex 3.95 26 0
    endloop
  endfacet
  facet normal 0 0 -1
    outer loop
      vertex 6.44398 25.8775 6
      vertex 6.44398 26.1225 6
      vertex 6.45 26 6
    endloop
  endfacet
  facet normal 0 0 -1
    outer loop
      vertex 6.42598 25.7561 6
      vertex 6.44398 26.1225 6
      vertex 6.44398 25.8775 6
    endloop
  endfacet
  facet normal 0 0 -1
    outer loop
      vertex 6.42598 25.7561 6
      vertex 6.42598 26.2439 6
      vertex 6.44398 26.1225 6
    endloop
  endfacet
  facet normal 0 0 -1
    outer loop
      vertex 6.39618 25.6371 6
      vertex 6.42598 26.2439 6
      vertex 6.42598 25.7561 6
    endloop
  endfacet
  facet normal 0 0 -1
    outer loop
      vertex 6.39618 25.6371 6
      vertex 6.39618 26.3629 6
      vertex 6.42598 26.2439 6
    endloop
  endfacet
  facet normal 0 0 -1
    outer loop
      vertex 6.35485 25.5216 6
      vertex 6.39618 26.3629 6
      vertex 6.39618 25.6371 6
    endloop
  endfacet
  facet normal 0 0 -1
    outer loop
      vertex 6.35485 25.5216 6
      vertex 6.35485 26.4784 6
      vertex 6.39618 26.3629 6
    endloop
  endfacet
  facet normal 0 0 -1
    outer loop
      vertex 6.3024 25.4108 6
      vertex 6.35485 26.4784 6
      vertex 6.35485 25.5216 6
    endloop
  endfacet
  facet normal 0 0 -1
    outer loop
      vertex 6.3024 25.4108 6
      vertex 6.3024 26.5892 6
      vertex 6.35485 26.4784 6
    endloop
  endfacet
  facet normal 0 0 -1
    outer loop
      vertex 6.23934 25.3055 6
      vertex 6.3024 26.5892 6
      vertex 6.3024 25.4108 6
    endloop
  endfacet
  facet normal 0 0 -1
    outer loop
      vertex 6.23934 25.3055 6
      vertex 6.23934 26.6945 6
      vertex 6.3024 26.5892 6
    endloop
  endfacet
  facet normal 0 0 -1
    outer loop
      vertex 6.16626 25.207 6
      vertex 6.23934 26.6945 6
      vertex 6.23934 25.3055 6
    endloop
  endfacet
  facet normal 0 0 -1
    outer loop
      vertex 6.16626 25.207 6
      vertex 6.16626 26.793 6
      vertex 6.23934 26.6945 6
    endloop
  endfacet
  facet normal 0 0 -1
    outer loop
      vertex 6.08388 25.1161 6
      vertex 6.16626 26.793 6
      vertex 6.16626 25.207 6
    endloop
  endfacet
  facet normal 0 0 -1
    outer loop
      vertex 6.08388 25.1161 6
      vertex 6.08388 26.8839 6
      vertex 6.16626 26.793 6
    endloop
  endfacet
  facet normal 0 0 -1
    outer loop
      vertex 5.99299 25.0337 6
      vertex 6.08388 26.8839 6
      vertex 6.08388 25.1161 6
    endloop
  endfacet
  facet normal 0 0 -1
    outer loop
      vertex 5.99299 25.0337 6
      vertex 5.99299 26.9663 6
      vertex 6.08388 26.8839 6
    endloop
  endfacet
  facet normal 0 0 -1
    outer loop
      vertex 5.89446 24.9607 6
      vertex 5.99299 26.9663 6
      vertex 5.99299 25.0337 6
    endloop
  endfacet
  facet normal 0 0 -1
    outer loop
      vertex 5.89446 24.9607 6
      vertex 5.89446 27.0393 6
      vertex 5.99299 26.9663 6
    endloop
  endfacet
  facet normal 0 0 -1
    outer loop
      vertex 5.78925 24.8976 6
      vertex 5.89446 27.0393 6
      vertex 5.89446 24.9607 6
    endloop
  endfacet
  facet normal 0 0 -1
    outer loop
      vertex 5.78925 24.8976 6
      vertex 5.78925 27.1024 6
      vertex 5.89446 27.0393 6
    endloop
  endfacet
  facet normal 0 0 -1
    outer loop
      vertex 5.67835 24.8451 6
      vertex 5.78925 27.1024 6
      vertex 5.78925 24.8976 6
    endloop
  endfacet
  facet normal 0 0 -1
    outer loop
      vertex 5.67835 24.8451 6
      vertex 5.67835 27.1549 6
      vertex 5.78925 27.1024 6
    endloop
  endfacet
  facet normal 0 0 -1
    outer loop
      vertex 5.56286 24.8038 6
      vertex 5.67835 27.1549 6
      vertex 5.67835 24.8451 6
    endloop
  endfacet
  facet normal 0 0 -1
    outer loop
      vertex 5.56286 24.8038 6
      vertex 5.56286 27.1962 6
      vertex 5.67835 27.1549 6
    endloop
  endfacet
  facet normal 0 0 -1
    outer loop
      vertex 5.44386 24.774 6
      vertex 5.56286 27.1962 6
      vertex 5.56286 24.8038 6
    endloop
  endfacet
  facet normal 0 0 -1
    outer loop
      vertex 5.44386 24.774 6
      vertex 5.44386 27.226 6
      vertex 5.56286 27.1962 6
    endloop
  endfacet
  facet normal 0 0 -1
    outer loop
      vertex 5.32252 24.756 6
      vertex 5.44386 27.226 6
      vertex 5.44386 24.774 6
    endloop
  endfacet
  facet normal 0 0 -1
    outer loop
      vertex 5.32252 24.756 6
      vertex 5.32252 27.244 6
      vertex 5.44386 27.226 6
    endloop
  endfacet
  facet normal 0 0 -1
    outer loop
      vertex 5.2 24.75 6
      vertex 5.32252 27.244 6
      vertex 5.32252 24.756 6
    endloop
  endfacet
  facet normal 0 0 -1
    outer loop
      vertex 5.2 24.75 6
      vertex 5.2 27.25 6
      vertex 5.32252 27.244 6
    endloop
  endfacet
  facet normal 0 0 -1
    outer loop
      vertex 5.07748 24.756 6
      vertex 5.2 27.25 6
      vertex 5.2 24.75 6
    endloop
  endfacet
  facet normal 0 0 -1
    outer loop
      vertex 5.07748 24.756 6
      vertex 5.07748 27.244 6
      vertex 5.2 27.25 6
    endloop
  endfacet
  facet normal 0 0 -1
    outer loop
      vertex 4.95614 24.774 6
      vertex 5.07748 27.244 6
      vertex 5.07748 24.756 6
    endloop
  endfacet
  facet normal 0 0 -1
    outer loop
      vertex 4.95614 24.774 6
      vertex 4.95614 27.226 6
      vertex 5.07748 27.244 6
    endloop
  endfacet
  facet normal 0 0 -1
    outer loop
      vertex 4.83714 24.8038 6
      vertex 4.95614 27.226 6
      vertex 4.95614 24.774 6
    endloop
  endfacet
  facet normal 0 0 -1
    outer loop
      vertex 4.83714 24.8038 6
      vertex 4.83714 27.1962 6
      vertex 4.95614 27.226 6
    endloop
  endfacet
  facet normal 0 0 -1
    outer loop
      vertex 4.72165 24.8451 6
      vertex 4.83714 27.1962 6
      vertex 4.83714 24.8038 6
    endloop
  endfacet
  facet normal 0 0 -1
    outer loop
      vertex 4.72165 24.8451 6
      vertex 4.72165 27.1549 6
      vertex 4.83714 27.1962 6
    endloop
  endfacet
  facet normal 0 0 -1
    outer loop
      vertex 4.61075 24.8976 6
      vertex 4.72165 27.1549 6
      vertex 4.72165 24.8451 6
    endloop
  endfacet
  facet normal 0 0 -1
    outer loop
      vertex 4.61075 24.8976 6
      vertex 4.61075 27.1024 6
      vertex 4.72165 27.1549 6
    endloop
  endfacet
  facet normal 0 0 -1
    outer loop
      vertex 4.50554 24.9607 6
      vertex 4.61075 27.1024 6
      vertex 4.61075 24.8976 6
    endloop
  endfacet
  facet normal 0 0 -1
    outer loop
      vertex 4.50554 24.9607 6
      vertex 4.50554 27.0393 6
      vertex 4.61075 27.1024 6
    endloop
  endfacet
  facet normal 0 0 -1
    outer loop
      vertex 4.40701 25.0337 6
      vertex 4.50554 27.0393 6
      vertex 4.50554 24.9607 6
    endloop
  endfacet
  facet normal 0 0 -1
    outer loop
      vertex 4.40701 25.0337 6
      vertex 4.40701 26.9663 6
      vertex 4.50554 27.0393 6
    endloop
  endfacet
  facet normal 0 0 -1
    outer loop
      vertex 4.31612 25.1161 6
      vertex 4.40701 26.9663 6
      vertex 4.40701 25.0337 6
    endloop
  endfacet
  facet normal 0 0 -1
    outer loop
      vertex 4.31612 25.1161 6
      vertex 4.31612 26.8839 6
      vertex 4.40701 26.9663 6
    endloop
  endfacet
  facet normal 0 0 -1
    outer loop
      vertex 4.23374 25.207 6
      vertex 4.31612 26.8839 6
      vertex 4.31612 25.1161 6
    endloop
  endfacet
  facet normal 0 0 -1
    outer loop
      vertex 4.23374 25.207 6
      vertex 4.23374 26.793 6
      vertex 4.31612 26.8839 6
    endloop
  endfacet
  facet normal 0 0 -1
    outer loop
      vertex 4.16066 25.3055 6
      vertex 4.23374 26.793 6
      vertex 4.23374 25.207 6
    endloop
  endfacet
  facet normal 0 0 -1
    outer loop
      vertex 4.16066 25.3055 6
      vertex 4.16066 26.6945 6
      vertex 4.23374 26.793 6
    endloop
  endfacet
  facet normal 0 0 -1
    outer loop
      vertex 4.0976 25.4108 6
      vertex 4.16066 26.6945 6
      vertex 4.16066 25.3055 6
    endloop
  endfacet
  facet normal 0 0 -1
    outer loop
      vertex 4.0976 25.4108 6
      vertex 4.0976 26.5892 6
      vertex 4.16066 26.6945 6
    endloop
  endfacet
  facet normal 0 0 -1
    outer loop
      vertex 4.04515 25.5216 6
      vertex 4.0976 26.5892 6
      vertex 4.0976 25.4108 6
    endloop
  endfacet
  facet normal 0 0 -1
    outer loop
      vertex 4.04515 25.5216 6
      vertex 4.04515 26.4784 6
      vertex 4.0976 26.5892 6
    endloop
  endfacet
  facet normal 0 0 -1
    outer loop
      vertex 4.00382 25.6371 6
      vertex 4.04515 26.4784 6
      vertex 4.04515 25.5216 6
    endloop
  endfacet
  facet normal 0 0 -1
    outer loop
      vertex 4.00382 25.6371 6
      vertex 4.00382 26.3629 6
      vertex 4.04515 26.4784 6
    endloop
  endfacet
  facet normal 0 0 -1
    outer loop
      vertex 3.97402 25.7561 6
      vertex 4.00382 26.3629 6
      vertex 4.00382 25.6371 6
    endloop
  endfacet
  facet normal 0 0 -1
    outer loop
      vertex 3.97402 25.7561 6
      vertex 3.97402 26.2439 6
      vertex 4.00382 26.3629 6
    endloop
  endfacet
  facet normal 0 0 -1
    outer loop
      vertex 3.95602 25.8775 6
      vertex 3.97402 26.2439 6
      vertex 3.97402 25.7561 6
    endloop
  endfacet
  facet normal 0 0 -1
    outer loop
      vertex 3.95602 25.8775 6
      vertex 3.95602 26.1225 6
      vertex 3.97402 26.2439 6
    endloop
  endfacet
  facet normal 0 -0 -1
    outer loop
      vertex 3.95602 26.1225 6
      vertex 3.95602 25.8775 6
      vertex 3.95 26 6
    endloop
  endfacet
  facet normal 0.595306 -0.803499 0
    outer loop
      vertex 4.40701 26.9663 0
      vertex 4.50554 27.0393 6
      vertex 4.40701 26.9663 6
    endloop
  endfacet
  facet normal 0.595306 -0.803499 0
    outer loop
      vertex 4.50554 27.0393 6
      vertex 4.40701 26.9663 0
      vertex 4.50554 27.0393 0
    endloop
  endfacet
  facet normal 0.51434 -0.857586 0
    outer loop
      vertex 4.50554 27.0393 0
      vertex 4.61075 27.1024 6
      vertex 4.50554 27.0393 6
    endloop
  endfacet
  facet normal 0.51434 -0.857586 0
    outer loop
      vertex 4.61075 27.1024 6
      vertex 4.50554 27.0393 0
      vertex 4.61075 27.1024 0
    endloop
  endfacet
  facet normal 0.671658 -0.740861 0
    outer loop
      vertex 4.31612 26.8839 0
      vertex 4.40701 26.9663 6
      vertex 4.31612 26.8839 6
    endloop
  endfacet
  facet normal 0.671658 -0.740861 0
    outer loop
      vertex 4.40701 26.9663 6
      vertex 4.31612 26.8839 0
      vertex 4.40701 26.9663 0
    endloop
  endfacet
  facet normal 0.336724 -0.941603 0
    outer loop
      vertex 4.72165 27.1549 0
      vertex 4.83714 27.1962 6
      vertex 4.72165 27.1549 6
    endloop
  endfacet
  facet normal 0.336724 -0.941603 0
    outer loop
      vertex 4.83714 27.1962 6
      vertex 4.72165 27.1549 0
      vertex 4.83714 27.1962 0
    endloop
  endfacet
  facet normal 0.146738 -0.989175 0
    outer loop
      vertex 4.95614 27.226 0
      vertex 5.07748 27.244 6
      vertex 4.95614 27.226 6
    endloop
  endfacet
  facet normal 0.146738 -0.989175 0
    outer loop
      vertex 5.07748 27.244 6
      vertex 4.95614 27.226 0
      vertex 5.07748 27.244 0
    endloop
  endfacet
  facet normal -0.146738 0.989175 0
    outer loop
      vertex 5.44386 24.774 0
      vertex 5.32252 24.756 6
      vertex 5.44386 24.774 6
    endloop
  endfacet
  facet normal -0.146738 0.989175 0
    outer loop
      vertex 5.32252 24.756 6
      vertex 5.44386 24.774 0
      vertex 5.32252 24.756 0
    endloop
  endfacet
  facet normal -0.336724 0.941603 0
    outer loop
      vertex 5.67835 24.8451 0
      vertex 5.56286 24.8038 6
      vertex 5.67835 24.8451 6
    endloop
  endfacet
  facet normal -0.336724 0.941603 0
    outer loop
      vertex 5.56286 24.8038 6
      vertex 5.67835 24.8451 0
      vertex 5.56286 24.8038 0
    endloop
  endfacet
  facet normal -0.671658 0.740861 0
    outer loop
      vertex 6.08388 25.1161 0
      vertex 5.99299 25.0337 6
      vertex 6.08388 25.1161 6
    endloop
  endfacet
  facet normal -0.671658 0.740861 0
    outer loop
      vertex 5.99299 25.0337 6
      vertex 6.08388 25.1161 0
      vertex 5.99299 25.0337 0
    endloop
  endfacet
  facet normal -0.51434 0.857586 0
    outer loop
      vertex 5.89446 24.9607 0
      vertex 5.78925 24.8976 6
      vertex 5.89446 24.9607 6
    endloop
  endfacet
  facet normal -0.51434 0.857586 0
    outer loop
      vertex 5.78925 24.8976 6
      vertex 5.89446 24.9607 0
      vertex 5.78925 24.8976 0
    endloop
  endfacet
  facet normal -0.803101 0.595844 0
    outer loop
      vertex 6.16626 25.207 0
      vertex 6.23934 25.3055 6
      vertex 6.23934 25.3055 0
    endloop
  endfacet
  facet normal -0.803101 0.595844 0
    outer loop
      vertex 6.23934 25.3055 6
      vertex 6.16626 25.207 0
      vertex 6.16626 25.207 6
    endloop
  endfacet
  facet normal -0.903846 0.427858 0
    outer loop
      vertex 6.3024 25.4108 0
      vertex 6.35485 25.5216 6
      vertex 6.35485 25.5216 0
    endloop
  endfacet
  facet normal -0.903846 0.427858 0
    outer loop
      vertex 6.35485 25.5216 6
      vertex 6.3024 25.4108 0
      vertex 6.3024 25.4108 6
    endloop
  endfacet
  facet normal 0.595306 0.803499 -0
    outer loop
      vertex 4.50554 24.9607 0
      vertex 4.40701 25.0337 6
      vertex 4.50554 24.9607 6
    endloop
  endfacet
  facet normal 0.595306 0.803499 0
    outer loop
      vertex 4.40701 25.0337 6
      vertex 4.50554 24.9607 0
      vertex 4.40701 25.0337 0
    endloop
  endfacet
  facet normal 0.427876 0.903837 -0
    outer loop
      vertex 4.72165 24.8451 0
      vertex 4.61075 24.8976 6
      vertex 4.72165 24.8451 6
    endloop
  endfacet
  facet normal 0.427876 0.903837 0
    outer loop
      vertex 4.61075 24.8976 6
      vertex 4.72165 24.8451 0
      vertex 4.61075 24.8976 0
    endloop
  endfacet
  facet normal 0.242919 0.970047 -0
    outer loop
      vertex 4.95614 24.774 0
      vertex 4.83714 24.8038 6
      vertex 4.95614 24.774 6
    endloop
  endfacet
  facet normal 0.242919 0.970047 0
    outer loop
      vertex 4.83714 24.8038 6
      vertex 4.95614 24.774 0
      vertex 4.83714 24.8038 0
    endloop
  endfacet
  facet normal 0.048913 0.998803 -0
    outer loop
      vertex 5.2 24.75 0
      vertex 5.07748 24.756 6
      vertex 5.2 24.75 6
    endloop
  endfacet
  facet normal 0.048913 0.998803 0
    outer loop
      vertex 5.07748 24.756 6
      vertex 5.2 24.75 0
      vertex 5.07748 24.756 0
    endloop
  endfacet
  facet normal 0.803101 0.595844 0
    outer loop
      vertex 4.23374 25.207 6
      vertex 4.16066 25.3055 0
      vertex 4.16066 25.3055 6
    endloop
  endfacet
  facet normal 0.803101 0.595844 0
    outer loop
      vertex 4.16066 25.3055 0
      vertex 4.23374 25.207 6
      vertex 4.23374 25.207 0
    endloop
  endfacet
  facet normal 0.857924 0.513777 0
    outer loop
      vertex 4.16066 25.3055 6
      vertex 4.0976 25.4108 0
      vertex 4.0976 25.4108 6
    endloop
  endfacet
  facet normal 0.857924 0.513777 0
    outer loop
      vertex 4.0976 25.4108 0
      vertex 4.16066 25.3055 6
      vertex 4.16066 25.3055 0
    endloop
  endfacet
  facet normal 0.740979 0.671528 0
    outer loop
      vertex 4.31612 25.1161 6
      vertex 4.23374 25.207 0
      vertex 4.23374 25.207 6
    endloop
  endfacet
  facet normal 0.740979 0.671528 0
    outer loop
      vertex 4.23374 25.207 0
      vertex 4.31612 25.1161 6
      vertex 4.31612 25.1161 0
    endloop
  endfacet
  facet normal 0.941535 0.336915 0
    outer loop
      vertex 4.04515 25.5216 6
      vertex 4.00382 25.6371 0
      vertex 4.00382 25.6371 6
    endloop
  endfacet
  facet normal 0.941535 0.336915 0
    outer loop
      vertex 4.00382 25.6371 0
      vertex 4.04515 25.5216 6
      vertex 4.04515 25.5216 0
    endloop
  endfacet
  facet normal 0.903846 0.427858 0
    outer loop
      vertex 4.0976 25.4108 6
      vertex 4.04515 25.5216 0
      vertex 4.04515 25.5216 6
    endloop
  endfacet
  facet normal 0.903846 0.427858 0
    outer loop
      vertex 4.04515 25.5216 0
      vertex 4.0976 25.4108 6
      vertex 4.0976 25.4108 0
    endloop
  endfacet
  facet normal 0.989186 0.146667 0
    outer loop
      vertex 3.97402 25.7561 6
      vertex 3.95602 25.8775 0
      vertex 3.95602 25.8775 6
    endloop
  endfacet
  facet normal 0.989186 0.146667 0
    outer loop
      vertex 3.95602 25.8775 0
      vertex 3.97402 25.7561 6
      vertex 3.97402 25.7561 0
    endloop
  endfacet
  facet normal 0.998795 0.0490836 0
    outer loop
      vertex 3.95602 25.8775 6
      vertex 3.95 26 0
      vertex 3.95 26 6
    endloop
  endfacet
  facet normal 0.998795 0.0490836 0
    outer loop
      vertex 3.95 26 0
      vertex 3.95602 25.8775 6
      vertex 3.95602 25.8775 0
    endloop
  endfacet
  facet normal -0.242919 0.970047 0
    outer loop
      vertex 5.56286 24.8038 0
      vertex 5.44386 24.774 6
      vertex 5.56286 24.8038 6
    endloop
  endfacet
  facet normal -0.242919 0.970047 0
    outer loop
      vertex 5.44386 24.774 6
      vertex 5.56286 24.8038 0
      vertex 5.44386 24.774 0
    endloop
  endfacet
  facet normal -0.427876 0.903837 0
    outer loop
      vertex 5.78925 24.8976 0
      vertex 5.67835 24.8451 6
      vertex 5.78925 24.8976 6
    endloop
  endfacet
  facet normal -0.427876 0.903837 0
    outer loop
      vertex 5.67835 24.8451 6
      vertex 5.78925 24.8976 0
      vertex 5.67835 24.8451 0
    endloop
  endfacet
  facet normal -0.740979 0.671528 0
    outer loop
      vertex 6.08388 25.1161 0
      vertex 6.16626 25.207 6
      vertex 6.16626 25.207 0
    endloop
  endfacet
  facet normal -0.740979 0.671528 0
    outer loop
      vertex 6.16626 25.207 6
      vertex 6.08388 25.1161 0
      vertex 6.08388 25.1161 6
    endloop
  endfacet
  facet normal -0.595306 0.803499 0
    outer loop
      vertex 5.99299 25.0337 0
      vertex 5.89446 24.9607 6
      vertex 5.99299 25.0337 6
    endloop
  endfacet
  facet normal -0.595306 0.803499 0
    outer loop
      vertex 5.89446 24.9607 6
      vertex 5.99299 25.0337 0
      vertex 5.89446 24.9607 0
    endloop
  endfacet
  facet normal -0.857924 0.513777 0
    outer loop
      vertex 6.23934 25.3055 0
      vertex 6.3024 25.4108 6
      vertex 6.3024 25.4108 0
    endloop
  endfacet
  facet normal -0.857924 0.513777 0
    outer loop
      vertex 6.3024 25.4108 6
      vertex 6.23934 25.3055 0
      vertex 6.23934 25.3055 6
    endloop
  endfacet
  facet normal -0.941535 0.336915 0
    outer loop
      vertex 6.35485 25.5216 0
      vertex 6.39618 25.6371 6
      vertex 6.39618 25.6371 0
    endloop
  endfacet
  facet normal -0.941535 0.336915 0
    outer loop
      vertex 6.39618 25.6371 6
      vertex 6.35485 25.5216 0
      vertex 6.35485 25.5216 6
    endloop
  endfacet
  facet normal -0.989186 0.146667 0
    outer loop
      vertex 6.42598 25.7561 0
      vertex 6.44398 25.8775 6
      vertex 6.44398 25.8775 0
    endloop
  endfacet
  facet normal -0.989186 0.146667 0
    outer loop
      vertex 6.44398 25.8775 6
      vertex 6.42598 25.7561 0
      vertex 6.42598 25.7561 6
    endloop
  endfacet
  facet normal -0.970047 0.242919 0
    outer loop
      vertex 6.39618 25.6371 0
      vertex 6.42598 25.7561 6
      vertex 6.42598 25.7561 0
    endloop
  endfacet
  facet normal -0.970047 0.242919 0
    outer loop
      vertex 6.42598 25.7561 6
      vertex 6.39618 25.6371 0
      vertex 6.39618 25.6371 6
    endloop
  endfacet
  facet normal -0.998795 0.0490836 0
    outer loop
      vertex 6.44398 25.8775 0
      vertex 6.45 26 6
      vertex 6.45 26 0
    endloop
  endfacet
  facet normal -0.998795 0.0490836 0
    outer loop
      vertex 6.45 26 6
      vertex 6.44398 25.8775 0
      vertex 6.44398 25.8775 6
    endloop
  endfacet
  facet normal 0.51434 0.857586 -0
    outer loop
      vertex 4.61075 24.8976 0
      vertex 4.50554 24.9607 6
      vertex 4.61075 24.8976 6
    endloop
  endfacet
  facet normal 0.51434 0.857586 0
    outer loop
      vertex 4.50554 24.9607 6
      vertex 4.61075 24.8976 0
      vertex 4.50554 24.9607 0
    endloop
  endfacet
  facet normal 0.336724 0.941603 -0
    outer loop
      vertex 4.83714 24.8038 0
      vertex 4.72165 24.8451 6
      vertex 4.83714 24.8038 6
    endloop
  endfacet
  facet normal 0.336724 0.941603 0
    outer loop
      vertex 4.72165 24.8451 6
      vertex 4.83714 24.8038 0
      vertex 4.72165 24.8451 0
    endloop
  endfacet
  facet normal 0.146738 0.989175 -0
    outer loop
      vertex 5.07748 24.756 0
      vertex 4.95614 24.774 6
      vertex 5.07748 24.756 6
    endloop
  endfacet
  facet normal 0.146738 0.989175 0
    outer loop
      vertex 4.95614 24.774 6
      vertex 5.07748 24.756 0
      vertex 4.95614 24.774 0
    endloop
  endfacet
  facet normal -0.048913 0.998803 0
    outer loop
      vertex 5.32252 24.756 0
      vertex 5.2 24.75 6
      vertex 5.32252 24.756 6
    endloop
  endfacet
  facet normal -0.048913 0.998803 0
    outer loop
      vertex 5.2 24.75 6
      vertex 5.32252 24.756 0
      vertex 5.2 24.75 0
    endloop
  endfacet
  facet normal 0.970047 0.242919 0
    outer loop
      vertex 4.00382 25.6371 6
      vertex 3.97402 25.7561 0
      vertex 3.97402 25.7561 6
    endloop
  endfacet
  facet normal 0.970047 0.242919 0
    outer loop
      vertex 3.97402 25.7561 0
      vertex 4.00382 25.6371 6
      vertex 4.00382 25.6371 0
    endloop
  endfacet
  facet normal -0.998803 -0.0489209 0
    outer loop
      vertex 58.05 26 0
      vertex 58.044 26.1225 6
      vertex 58.044 26.1225 0
    endloop
  endfacet
  facet normal -0.998803 -0.0489209 0
    outer loop
      vertex 58.044 26.1225 6
      vertex 58.05 26 0
      vertex 58.05 26 6
    endloop
  endfacet
  facet normal 0.998803 -0.0489209 0
    outer loop
      vertex 55.55 26 6
      vertex 55.556 26.1225 0
      vertex 55.556 26.1225 6
    endloop
  endfacet
  facet normal 0.998803 -0.0489209 0
    outer loop
      vertex 55.556 26.1225 0
      vertex 55.55 26 6
      vertex 55.55 26 0
    endloop
  endfacet
  facet normal -0.0489209 -0.998803 0
    outer loop
      vertex 56.8 27.25 0
      vertex 56.9225 27.244 6
      vertex 56.8 27.25 6
    endloop
  endfacet
  facet normal -0.0489209 -0.998803 -0
    outer loop
      vertex 56.9225 27.244 6
      vertex 56.8 27.25 0
      vertex 56.9225 27.244 0
    endloop
  endfacet
  facet normal -0.740898 -0.671617 0
    outer loop
      vertex 57.7663 26.793 0
      vertex 57.6839 26.8839 6
      vertex 57.6839 26.8839 0
    endloop
  endfacet
  facet normal -0.740898 -0.671617 0
    outer loop
      vertex 57.6839 26.8839 6
      vertex 57.7663 26.793 0
      vertex 57.7663 26.793 6
    endloop
  endfacet
  facet normal 0.671617 -0.740898 0
    outer loop
      vertex 55.9161 26.8839 0
      vertex 56.007 26.9663 6
      vertex 55.9161 26.8839 6
    endloop
  endfacet
  facet normal 0.671617 -0.740898 0
    outer loop
      vertex 56.007 26.9663 6
      vertex 55.9161 26.8839 0
      vertex 56.007 26.9663 0
    endloop
  endfacet
  facet normal 0.336698 -0.941613 0
    outer loop
      vertex 56.3216 27.1549 0
      vertex 56.4371 27.1962 6
      vertex 56.3216 27.1549 6
    endloop
  endfacet
  facet normal 0.336698 -0.941613 0
    outer loop
      vertex 56.4371 27.1962 6
      vertex 56.3216 27.1549 0
      vertex 56.4371 27.1962 0
    endloop
  endfacet
  facet normal -0.941354 -0.33742 0
    outer loop
      vertex 57.9962 26.3629 0
      vertex 57.9548 26.4784 6
      vertex 57.9548 26.4784 0
    endloop
  endfacet
  facet normal -0.941354 -0.33742 0
    outer loop
      vertex 57.9548 26.4784 6
      vertex 57.9962 26.3629 0
      vertex 57.9962 26.3629 6
    endloop
  endfacet
  facet normal -0.428192 -0.903688 0
    outer loop
      vertex 57.2784 27.1549 0
      vertex 57.3892 27.1024 6
      vertex 57.2784 27.1549 6
    endloop
  endfacet
  facet normal -0.428192 -0.903688 -0
    outer loop
      vertex 57.3892 27.1024 6
      vertex 57.2784 27.1549 0
      vertex 57.3892 27.1024 0
    endloop
  endfacet
  facet normal 0.85778 -0.514016 0
    outer loop
      vertex 55.6976 26.5892 6
      vertex 55.7607 26.6945 0
      vertex 55.7607 26.6945 6
    endloop
  endfacet
  facet normal 0.85778 -0.514016 0
    outer loop
      vertex 55.7607 26.6945 0
      vertex 55.6976 26.5892 6
      vertex 55.6976 26.5892 0
    endloop
  endfacet
  facet normal 0.803413 -0.595423 0
    outer loop
      vertex 55.7607 26.6945 6
      vertex 55.8337 26.793 0
      vertex 55.8337 26.793 6
    endloop
  endfacet
  facet normal 0.803413 -0.595423 0
    outer loop
      vertex 55.8337 26.793 0
      vertex 55.7607 26.6945 6
      vertex 55.7607 26.6945 0
    endloop
  endfacet
  facet normal -0.146667 0.989186 0
    outer loop
      vertex 57.0439 24.774 0
      vertex 56.9225 24.756 6
      vertex 57.0439 24.774 6
    endloop
  endfacet
  facet normal -0.146667 0.989186 0
    outer loop
      vertex 56.9225 24.756 6
      vertex 57.0439 24.774 0
      vertex 56.9225 24.756 0
    endloop
  endfacet
  facet normal -0.970047 -0.242919 0
    outer loop
      vertex 58.026 26.2439 0
      vertex 57.9962 26.3629 6
      vertex 57.9962 26.3629 0
    endloop
  endfacet
  facet normal -0.970047 -0.242919 0
    outer loop
      vertex 57.9962 26.3629 6
      vertex 58.026 26.2439 0
      vertex 58.026 26.2439 6
    endloop
  endfacet
  facet normal -0.989186 -0.146667 0
    outer loop
      vertex 58.044 26.1225 0
      vertex 58.026 26.2439 6
      vertex 58.026 26.2439 0
    endloop
  endfacet
  facet normal -0.989186 -0.146667 0
    outer loop
      vertex 58.026 26.2439 6
      vertex 58.044 26.1225 0
      vertex 58.044 26.1225 6
    endloop
  endfacet
  facet normal -0.85778 -0.514016 0
    outer loop
      vertex 57.9024 26.5892 0
      vertex 57.8393 26.6945 6
      vertex 57.8393 26.6945 0
    endloop
  endfacet
  facet normal -0.85778 -0.514016 0
    outer loop
      vertex 57.8393 26.6945 6
      vertex 57.9024 26.5892 0
      vertex 57.9024 26.5892 6
    endloop
  endfacet
  facet normal -0.803413 -0.595423 0
    outer loop
      vertex 57.8393 26.6945 0
      vertex 57.7663 26.793 6
      vertex 57.7663 26.793 0
    endloop
  endfacet
  facet normal -0.803413 -0.595423 0
    outer loop
      vertex 57.7663 26.793 6
      vertex 57.8393 26.6945 0
      vertex 57.8393 26.6945 6
    endloop
  endfacet
  facet normal -0.904003 -0.427525 0
    outer loop
      vertex 57.9548 26.4784 0
      vertex 57.9024 26.5892 6
      vertex 57.9024 26.5892 0
    endloop
  endfacet
  facet normal -0.904003 -0.427525 0
    outer loop
      vertex 57.9024 26.5892 6
      vertex 57.9548 26.4784 0
      vertex 57.9548 26.4784 6
    endloop
  endfacet
  facet normal -0.242919 -0.970047 0
    outer loop
      vertex 57.0439 27.226 0
      vertex 57.1629 27.1962 6
      vertex 57.0439 27.226 6
    endloop
  endfacet
  facet normal -0.242919 -0.970047 -0
    outer loop
      vertex 57.1629 27.1962 6
      vertex 57.0439 27.226 0
      vertex 57.1629 27.1962 0
    endloop
  endfacet
  facet normal -0.671617 -0.740898 0
    outer loop
      vertex 57.593 26.9663 0
      vertex 57.6839 26.8839 6
      vertex 57.593 26.9663 6
    endloop
  endfacet
  facet normal -0.671617 -0.740898 -0
    outer loop
      vertex 57.6839 26.8839 6
      vertex 57.593 26.9663 0
      vertex 57.6839 26.8839 0
    endloop
  endfacet
  facet normal -0.595423 -0.803413 0
    outer loop
      vertex 57.4945 27.0393 0
      vertex 57.593 26.9663 6
      vertex 57.4945 27.0393 6
    endloop
  endfacet
  facet normal -0.595423 -0.803413 -0
    outer loop
      vertex 57.593 26.9663 6
      vertex 57.4945 27.0393 0
      vertex 57.593 26.9663 0
    endloop
  endfacet
  facet normal 0.903688 -0.428192 0
    outer loop
      vertex 55.6451 26.4784 6
      vertex 55.6976 26.5892 0
      vertex 55.6976 26.5892 6
    endloop
  endfacet
  facet normal 0.903688 -0.428192 0
    outer loop
      vertex 55.6976 26.5892 0
      vertex 55.6451 26.4784 6
      vertex 55.6451 26.4784 0
    endloop
  endfacet
  facet normal 0.970047 -0.242919 0
    outer loop
      vertex 55.574 26.2439 6
      vertex 55.6038 26.3629 0
      vertex 55.6038 26.3629 6
    endloop
  endfacet
  facet normal 0.970047 -0.242919 0
    outer loop
      vertex 55.6038 26.3629 0
      vertex 55.574 26.2439 6
      vertex 55.574 26.2439 0
    endloop
  endfacet
  facet normal 0.514016 -0.85778 0
    outer loop
      vertex 56.1055 27.0393 0
      vertex 56.2108 27.1024 6
      vertex 56.1055 27.0393 6
    endloop
  endfacet
  facet normal 0.514016 -0.85778 0
    outer loop
      vertex 56.2108 27.1024 6
      vertex 56.1055 27.0393 0
      vertex 56.2108 27.1024 0
    endloop
  endfacet
  facet normal 0.0489209 -0.998803 0
    outer loop
      vertex 56.6775 27.244 0
      vertex 56.8 27.25 6
      vertex 56.6775 27.244 6
    endloop
  endfacet
  facet normal 0.0489209 -0.998803 0
    outer loop
      vertex 56.8 27.25 6
      vertex 56.6775 27.244 0
      vertex 56.8 27.25 0
    endloop
  endfacet
  facet normal 0.146667 -0.989186 0
    outer loop
      vertex 56.5561 27.226 0
      vertex 56.6775 27.244 6
      vertex 56.5561 27.226 6
    endloop
  endfacet
  facet normal 0.146667 -0.989186 0
    outer loop
      vertex 56.6775 27.244 6
      vertex 56.5561 27.226 0
      vertex 56.6775 27.244 0
    endloop
  endfacet
  facet normal -0.904003 0.427525 0
    outer loop
      vertex 57.9024 25.4108 0
      vertex 57.9548 25.5216 6
      vertex 57.9548 25.5216 0
    endloop
  endfacet
  facet normal -0.904003 0.427525 0
    outer loop
      vertex 57.9548 25.5216 6
      vertex 57.9024 25.4108 0
      vertex 57.9024 25.4108 6
    endloop
  endfacet
  facet normal -0.85778 0.514016 0
    outer loop
      vertex 57.8393 25.3055 0
      vertex 57.9024 25.4108 6
      vertex 57.9024 25.4108 0
    endloop
  endfacet
  facet normal -0.85778 0.514016 0
    outer loop
      vertex 57.9024 25.4108 6
      vertex 57.8393 25.3055 0
      vertex 57.8393 25.3055 6
    endloop
  endfacet
  facet normal 0.428192 0.903688 -0
    outer loop
      vertex 56.3216 24.8451 0
      vertex 56.2108 24.8976 6
      vertex 56.3216 24.8451 6
    endloop
  endfacet
  facet normal 0.428192 0.903688 0
    outer loop
      vertex 56.2108 24.8976 6
      vertex 56.3216 24.8451 0
      vertex 56.2108 24.8976 0
    endloop
  endfacet
  facet normal 0.803413 0.595423 0
    outer loop
      vertex 55.8337 25.207 6
      vertex 55.7607 25.3055 0
      vertex 55.7607 25.3055 6
    endloop
  endfacet
  facet normal 0.803413 0.595423 0
    outer loop
      vertex 55.7607 25.3055 0
      vertex 55.8337 25.207 6
      vertex 55.8337 25.207 0
    endloop
  endfacet
  facet normal 0.941613 0.336698 0
    outer loop
      vertex 55.6451 25.5216 6
      vertex 55.6038 25.6371 0
      vertex 55.6038 25.6371 6
    endloop
  endfacet
  facet normal 0.941613 0.336698 0
    outer loop
      vertex 55.6038 25.6371 0
      vertex 55.6451 25.5216 6
      vertex 55.6451 25.5216 0
    endloop
  endfacet
  facet normal -0.428192 0.903688 0
    outer loop
      vertex 57.3892 24.8976 0
      vertex 57.2784 24.8451 6
      vertex 57.3892 24.8976 6
    endloop
  endfacet
  facet normal -0.428192 0.903688 0
    outer loop
      vertex 57.2784 24.8451 6
      vertex 57.3892 24.8976 0
      vertex 57.2784 24.8451 0
    endloop
  endfacet
  facet normal -0.146667 -0.989186 0
    outer loop
      vertex 56.9225 27.244 0
      vertex 57.0439 27.226 6
      vertex 56.9225 27.244 6
    endloop
  endfacet
  facet normal -0.146667 -0.989186 -0
    outer loop
      vertex 57.0439 27.226 6
      vertex 56.9225 27.244 0
      vertex 57.0439 27.226 0
    endloop
  endfacet
  facet normal -0.336698 -0.941613 0
    outer loop
      vertex 57.1629 27.1962 0
      vertex 57.2784 27.1549 6
      vertex 57.1629 27.1962 6
    endloop
  endfacet
  facet normal -0.336698 -0.941613 -0
    outer loop
      vertex 57.2784 27.1549 6
      vertex 57.1629 27.1962 0
      vertex 57.2784 27.1549 0
    endloop
  endfacet
  facet normal -0.514016 -0.85778 0
    outer loop
      vertex 57.3892 27.1024 0
      vertex 57.4945 27.0393 6
      vertex 57.3892 27.1024 6
    endloop
  endfacet
  facet normal -0.514016 -0.85778 -0
    outer loop
      vertex 57.4945 27.0393 6
      vertex 57.3892 27.1024 0
      vertex 57.4945 27.0393 0
    endloop
  endfacet
  facet normal 0.740898 -0.671617 0
    outer loop
      vertex 55.8337 26.793 6
      vertex 55.9161 26.8839 0
      vertex 55.9161 26.8839 6
    endloop
  endfacet
  facet normal 0.740898 -0.671617 0
    outer loop
      vertex 55.9161 26.8839 0
      vertex 55.8337 26.793 6
      vertex 55.8337 26.793 0
    endloop
  endfacet
  facet normal 0 0 -1
    outer loop
      vertex 58.044 25.8775 6
      vertex 58.044 26.1225 6
      vertex 58.05 26 6
    endloop
  endfacet
  facet normal 0 0 -1
    outer loop
      vertex 58.026 25.7561 6
      vertex 58.044 26.1225 6
      vertex 58.044 25.8775 6
    endloop
  endfacet
  facet normal 0 0 -1
    outer loop
      vertex 58.026 25.7561 6
      vertex 58.026 26.2439 6
      vertex 58.044 26.1225 6
    endloop
  endfacet
  facet normal 0 0 -1
    outer loop
      vertex 57.9962 25.6371 6
      vertex 58.026 26.2439 6
      vertex 58.026 25.7561 6
    endloop
  endfacet
  facet normal 0 0 -1
    outer loop
      vertex 57.9962 25.6371 6
      vertex 57.9962 26.3629 6
      vertex 58.026 26.2439 6
    endloop
  endfacet
  facet normal 0 0 -1
    outer loop
      vertex 57.9548 25.5216 6
      vertex 57.9962 26.3629 6
      vertex 57.9962 25.6371 6
    endloop
  endfacet
  facet normal 0 0 -1
    outer loop
      vertex 57.9548 25.5216 6
      vertex 57.9548 26.4784 6
      vertex 57.9962 26.3629 6
    endloop
  endfacet
  facet normal 0 0 -1
    outer loop
      vertex 57.9024 25.4108 6
      vertex 57.9548 26.4784 6
      vertex 57.9548 25.5216 6
    endloop
  endfacet
  facet normal 0 0 -1
    outer loop
      vertex 57.9024 25.4108 6
      vertex 57.9024 26.5892 6
      vertex 57.9548 26.4784 6
    endloop
  endfacet
  facet normal 0 0 -1
    outer loop
      vertex 57.8393 25.3055 6
      vertex 57.9024 26.5892 6
      vertex 57.9024 25.4108 6
    endloop
  endfacet
  facet normal 0 0 -1
    outer loop
      vertex 57.8393 25.3055 6
      vertex 57.8393 26.6945 6
      vertex 57.9024 26.5892 6
    endloop
  endfacet
  facet normal 0 0 -1
    outer loop
      vertex 57.7663 25.207 6
      vertex 57.8393 26.6945 6
      vertex 57.8393 25.3055 6
    endloop
  endfacet
  facet normal 0 0 -1
    outer loop
      vertex 57.7663 25.207 6
      vertex 57.7663 26.793 6
      vertex 57.8393 26.6945 6
    endloop
  endfacet
  facet normal 0 0 -1
    outer loop
      vertex 57.6839 25.1161 6
      vertex 57.7663 26.793 6
      vertex 57.7663 25.207 6
    endloop
  endfacet
  facet normal 0 0 -1
    outer loop
      vertex 57.6839 25.1161 6
      vertex 57.6839 26.8839 6
      vertex 57.7663 26.793 6
    endloop
  endfacet
  facet normal 0 0 -1
    outer loop
      vertex 57.593 25.0337 6
      vertex 57.6839 26.8839 6
      vertex 57.6839 25.1161 6
    endloop
  endfacet
  facet normal 0 0 -1
    outer loop
      vertex 57.593 25.0337 6
      vertex 57.593 26.9663 6
      vertex 57.6839 26.8839 6
    endloop
  endfacet
  facet normal 0 0 -1
    outer loop
      vertex 57.4945 24.9607 6
      vertex 57.593 26.9663 6
      vertex 57.593 25.0337 6
    endloop
  endfacet
  facet normal 0 0 -1
    outer loop
      vertex 57.4945 24.9607 6
      vertex 57.4945 27.0393 6
      vertex 57.593 26.9663 6
    endloop
  endfacet
  facet normal 0 0 -1
    outer loop
      vertex 57.3892 24.8976 6
      vertex 57.4945 27.0393 6
      vertex 57.4945 24.9607 6
    endloop
  endfacet
  facet normal 0 0 -1
    outer loop
      vertex 57.3892 24.8976 6
      vertex 57.3892 27.1024 6
      vertex 57.4945 27.0393 6
    endloop
  endfacet
  facet normal 0 0 -1
    outer loop
      vertex 57.2784 24.8451 6
      vertex 57.3892 27.1024 6
      vertex 57.3892 24.8976 6
    endloop
  endfacet
  facet normal 0 0 -1
    outer loop
      vertex 57.2784 24.8451 6
      vertex 57.2784 27.1549 6
      vertex 57.3892 27.1024 6
    endloop
  endfacet
  facet normal 0 0 -1
    outer loop
      vertex 57.1629 24.8038 6
      vertex 57.2784 27.1549 6
      vertex 57.2784 24.8451 6
    endloop
  endfacet
  facet normal 0 0 -1
    outer loop
      vertex 57.1629 24.8038 6
      vertex 57.1629 27.1962 6
      vertex 57.2784 27.1549 6
    endloop
  endfacet
  facet normal 0 0 -1
    outer loop
      vertex 57.0439 24.774 6
      vertex 57.1629 27.1962 6
      vertex 57.1629 24.8038 6
    endloop
  endfacet
  facet normal 0 0 -1
    outer loop
      vertex 57.0439 24.774 6
      vertex 57.0439 27.226 6
      vertex 57.1629 27.1962 6
    endloop
  endfacet
  facet normal 0 0 -1
    outer loop
      vertex 56.9225 24.756 6
      vertex 57.0439 27.226 6
      vertex 57.0439 24.774 6
    endloop
  endfacet
  facet normal 0 0 -1
    outer loop
      vertex 56.9225 24.756 6
      vertex 56.9225 27.244 6
      vertex 57.0439 27.226 6
    endloop
  endfacet
  facet normal 0 0 -1
    outer loop
      vertex 56.8 24.75 6
      vertex 56.9225 27.244 6
      vertex 56.9225 24.756 6
    endloop
  endfacet
  facet normal 0 0 -1
    outer loop
      vertex 56.8 24.75 6
      vertex 56.8 27.25 6
      vertex 56.9225 27.244 6
    endloop
  endfacet
  facet normal 0 0 -1
    outer loop
      vertex 56.6775 24.756 6
      vertex 56.8 27.25 6
      vertex 56.8 24.75 6
    endloop
  endfacet
  facet normal 0 0 -1
    outer loop
      vertex 56.6775 24.756 6
      vertex 56.6775 27.244 6
      vertex 56.8 27.25 6
    endloop
  endfacet
  facet normal 0 0 -1
    outer loop
      vertex 56.5561 24.774 6
      vertex 56.6775 27.244 6
      vertex 56.6775 24.756 6
    endloop
  endfacet
  facet normal 0 0 -1
    outer loop
      vertex 56.5561 24.774 6
      vertex 56.5561 27.226 6
      vertex 56.6775 27.244 6
    endloop
  endfacet
  facet normal 0 0 -1
    outer loop
      vertex 56.4371 24.8038 6
      vertex 56.5561 27.226 6
      vertex 56.5561 24.774 6
    endloop
  endfacet
  facet normal 0 0 -1
    outer loop
      vertex 56.4371 24.8038 6
      vertex 56.4371 27.1962 6
      vertex 56.5561 27.226 6
    endloop
  endfacet
  facet normal 0 0 -1
    outer loop
      vertex 56.3216 24.8451 6
      vertex 56.4371 27.1962 6
      vertex 56.4371 24.8038 6
    endloop
  endfacet
  facet normal 0 0 -1
    outer loop
      vertex 56.3216 24.8451 6
      vertex 56.3216 27.1549 6
      vertex 56.4371 27.1962 6
    endloop
  endfacet
  facet normal 0 0 -1
    outer loop
      vertex 56.2108 24.8976 6
      vertex 56.3216 27.1549 6
      vertex 56.3216 24.8451 6
    endloop
  endfacet
  facet normal 0 0 -1
    outer loop
      vertex 56.2108 24.8976 6
      vertex 56.2108 27.1024 6
      vertex 56.3216 27.1549 6
    endloop
  endfacet
  facet normal 0 0 -1
    outer loop
      vertex 56.1055 24.9607 6
      vertex 56.2108 27.1024 6
      vertex 56.2108 24.8976 6
    endloop
  endfacet
  facet normal 0 0 -1
    outer loop
      vertex 56.1055 24.9607 6
      vertex 56.1055 27.0393 6
      vertex 56.2108 27.1024 6
    endloop
  endfacet
  facet normal 0 0 -1
    outer loop
      vertex 56.007 25.0337 6
      vertex 56.1055 27.0393 6
      vertex 56.1055 24.9607 6
    endloop
  endfacet
  facet normal 0 0 -1
    outer loop
      vertex 56.007 25.0337 6
      vertex 56.007 26.9663 6
      vertex 56.1055 27.0393 6
    endloop
  endfacet
  facet normal 0 0 -1
    outer loop
      vertex 55.9161 25.1161 6
      vertex 56.007 26.9663 6
      vertex 56.007 25.0337 6
    endloop
  endfacet
  facet normal 0 0 -1
    outer loop
      vertex 55.9161 25.1161 6
      vertex 55.9161 26.8839 6
      vertex 56.007 26.9663 6
    endloop
  endfacet
  facet normal 0 0 -1
    outer loop
      vertex 55.8337 25.207 6
      vertex 55.9161 26.8839 6
      vertex 55.9161 25.1161 6
    endloop
  endfacet
  facet normal 0 0 -1
    outer loop
      vertex 55.8337 25.207 6
      vertex 55.8337 26.793 6
      vertex 55.9161 26.8839 6
    endloop
  endfacet
  facet normal 0 0 -1
    outer loop
      vertex 55.7607 25.3055 6
      vertex 55.8337 26.793 6
      vertex 55.8337 25.207 6
    endloop
  endfacet
  facet normal 0 0 -1
    outer loop
      vertex 55.7607 25.3055 6
      vertex 55.7607 26.6945 6
      vertex 55.8337 26.793 6
    endloop
  endfacet
  facet normal 0 0 -1
    outer loop
      vertex 55.6976 25.4108 6
      vertex 55.7607 26.6945 6
      vertex 55.7607 25.3055 6
    endloop
  endfacet
  facet normal 0 0 -1
    outer loop
      vertex 55.6976 25.4108 6
      vertex 55.6976 26.5892 6
      vertex 55.7607 26.6945 6
    endloop
  endfacet
  facet normal 0 0 -1
    outer loop
      vertex 55.6451 25.5216 6
      vertex 55.6976 26.5892 6
      vertex 55.6976 25.4108 6
    endloop
  endfacet
  facet normal 0 0 -1
    outer loop
      vertex 55.6451 25.5216 6
      vertex 55.6451 26.4784 6
      vertex 55.6976 26.5892 6
    endloop
  endfacet
  facet normal 0 0 -1
    outer loop
      vertex 55.6038 25.6371 6
      vertex 55.6451 26.4784 6
      vertex 55.6451 25.5216 6
    endloop
  endfacet
  facet normal 0 0 -1
    outer loop
      vertex 55.6038 25.6371 6
      vertex 55.6038 26.3629 6
      vertex 55.6451 26.4784 6
    endloop
  endfacet
  facet normal 0 0 -1
    outer loop
      vertex 55.574 25.7561 6
      vertex 55.6038 26.3629 6
      vertex 55.6038 25.6371 6
    endloop
  endfacet
  facet normal 0 0 -1
    outer loop
      vertex 55.574 25.7561 6
      vertex 55.574 26.2439 6
      vertex 55.6038 26.3629 6
    endloop
  endfacet
  facet normal 0 0 -1
    outer loop
      vertex 55.556 25.8775 6
      vertex 55.574 26.2439 6
      vertex 55.574 25.7561 6
    endloop
  endfacet
  facet normal 0 0 -1
    outer loop
      vertex 55.556 25.8775 6
      vertex 55.556 26.1225 6
      vertex 55.574 26.2439 6
    endloop
  endfacet
  facet normal 0 -0 -1
    outer loop
      vertex 55.556 26.1225 6
      vertex 55.556 25.8775 6
      vertex 55.55 26 6
    endloop
  endfacet
  facet normal 0.989186 -0.146667 0
    outer loop
      vertex 55.556 26.1225 6
      vertex 55.574 26.2439 0
      vertex 55.574 26.2439 6
    endloop
  endfacet
  facet normal 0.989186 -0.146667 0
    outer loop
      vertex 55.574 26.2439 0
      vertex 55.556 26.1225 6
      vertex 55.556 26.1225 0
    endloop
  endfacet
  facet normal 0.941613 -0.336698 0
    outer loop
      vertex 55.6038 26.3629 6
      vertex 55.6451 26.4784 0
      vertex 55.6451 26.4784 6
    endloop
  endfacet
  facet normal 0.941613 -0.336698 0
    outer loop
      vertex 55.6451 26.4784 0
      vertex 55.6038 26.3629 6
      vertex 55.6038 26.3629 0
    endloop
  endfacet
  facet normal 0.595423 -0.803413 0
    outer loop
      vertex 56.007 26.9663 0
      vertex 56.1055 27.0393 6
      vertex 56.007 26.9663 6
    endloop
  endfacet
  facet normal 0.595423 -0.803413 0
    outer loop
      vertex 56.1055 27.0393 6
      vertex 56.007 26.9663 0
      vertex 56.1055 27.0393 0
    endloop
  endfacet
  facet normal 0.428192 -0.903688 0
    outer loop
      vertex 56.2108 27.1024 0
      vertex 56.3216 27.1549 6
      vertex 56.2108 27.1024 6
    endloop
  endfacet
  facet normal 0.428192 -0.903688 0
    outer loop
      vertex 56.3216 27.1549 6
      vertex 56.2108 27.1024 0
      vertex 56.3216 27.1549 0
    endloop
  endfacet
  facet normal 0.242919 -0.970047 0
    outer loop
      vertex 56.4371 27.1962 0
      vertex 56.5561 27.226 6
      vertex 56.4371 27.1962 6
    endloop
  endfacet
  facet normal 0.242919 -0.970047 0
    outer loop
      vertex 56.5561 27.226 6
      vertex 56.4371 27.1962 0
      vertex 56.5561 27.226 0
    endloop
  endfacet
  facet normal -0.989186 0.146667 0
    outer loop
      vertex 58.026 25.7561 0
      vertex 58.044 25.8775 6
      vertex 58.044 25.8775 0
    endloop
  endfacet
  facet normal -0.989186 0.146667 0
    outer loop
      vertex 58.044 25.8775 6
      vertex 58.026 25.7561 0
      vertex 58.026 25.7561 6
    endloop
  endfacet
  facet normal -0.998803 0.0489209 0
    outer loop
      vertex 58.044 25.8775 0
      vertex 58.05 26 6
      vertex 58.05 26 0
    endloop
  endfacet
  facet normal -0.998803 0.0489209 0
    outer loop
      vertex 58.05 26 6
      vertex 58.044 25.8775 0
      vertex 58.044 25.8775 6
    endloop
  endfacet
  facet normal -0.671617 0.740898 0
    outer loop
      vertex 57.6839 25.1161 0
      vertex 57.593 25.0337 6
      vertex 57.6839 25.1161 6
    endloop
  endfacet
  facet normal -0.671617 0.740898 0
    outer loop
      vertex 57.593 25.0337 6
      vertex 57.6839 25.1161 0
      vertex 57.593 25.0337 0
    endloop
  endfacet
  facet normal -0.0489209 0.998803 0
    outer loop
      vertex 56.9225 24.756 0
      vertex 56.8 24.75 6
      vertex 56.9225 24.756 6
    endloop
  endfacet
  facet normal -0.0489209 0.998803 0
    outer loop
      vertex 56.8 24.75 6
      vertex 56.9225 24.756 0
      vertex 56.8 24.75 0
    endloop
  endfacet
  facet normal 0.671617 0.740898 -0
    outer loop
      vertex 56.007 25.0337 0
      vertex 55.9161 25.1161 6
      vertex 56.007 25.0337 6
    endloop
  endfacet
  facet normal 0.671617 0.740898 0
    outer loop
      vertex 55.9161 25.1161 6
      vertex 56.007 25.0337 0
      vertex 55.9161 25.1161 0
    endloop
  endfacet
  facet normal 0.740898 0.671617 0
    outer loop
      vertex 55.9161 25.1161 6
      vertex 55.8337 25.207 0
      vertex 55.8337 25.207 6
    endloop
  endfacet
  facet normal 0.740898 0.671617 0
    outer loop
      vertex 55.8337 25.207 0
      vertex 55.9161 25.1161 6
      vertex 55.9161 25.1161 0
    endloop
  endfacet
  facet normal 0.903688 0.428192 0
    outer loop
      vertex 55.6976 25.4108 6
      vertex 55.6451 25.5216 0
      vertex 55.6451 25.5216 6
    endloop
  endfacet
  facet normal 0.903688 0.428192 0
    outer loop
      vertex 55.6451 25.5216 0
      vertex 55.6976 25.4108 6
      vertex 55.6976 25.4108 0
    endloop
  endfacet
  facet normal 0.970047 0.242919 0
    outer loop
      vertex 55.6038 25.6371 6
      vertex 55.574 25.7561 0
      vertex 55.574 25.7561 6
    endloop
  endfacet
  facet normal 0.970047 0.242919 0
    outer loop
      vertex 55.574 25.7561 0
      vertex 55.6038 25.6371 6
      vertex 55.6038 25.6371 0
    endloop
  endfacet
  facet normal 0.998803 0.0489209 0
    outer loop
      vertex 55.556 25.8775 6
      vertex 55.55 26 0
      vertex 55.55 26 6
    endloop
  endfacet
  facet normal 0.998803 0.0489209 0
    outer loop
      vertex 55.55 26 0
      vertex 55.556 25.8775 6
      vertex 55.556 25.8775 0
    endloop
  endfacet
  facet normal -0.941354 0.33742 0
    outer loop
      vertex 57.9548 25.5216 0
      vertex 57.9962 25.6371 6
      vertex 57.9962 25.6371 0
    endloop
  endfacet
  facet normal -0.941354 0.33742 0
    outer loop
      vertex 57.9962 25.6371 6
      vertex 57.9548 25.5216 0
      vertex 57.9548 25.5216 6
    endloop
  endfacet
  facet normal -0.970047 0.242919 0
    outer loop
      vertex 57.9962 25.6371 0
      vertex 58.026 25.7561 6
      vertex 58.026 25.7561 0
    endloop
  endfacet
  facet normal -0.970047 0.242919 0
    outer loop
      vertex 58.026 25.7561 6
      vertex 57.9962 25.6371 0
      vertex 57.9962 25.6371 6
    endloop
  endfacet
  facet normal -0.803413 0.595423 0
    outer loop
      vertex 57.7663 25.207 0
      vertex 57.8393 25.3055 6
      vertex 57.8393 25.3055 0
    endloop
  endfacet
  facet normal -0.803413 0.595423 0
    outer loop
      vertex 57.8393 25.3055 6
      vertex 57.7663 25.207 0
      vertex 57.7663 25.207 6
    endloop
  endfacet
  facet normal 0.336698 0.941613 -0
    outer loop
      vertex 56.4371 24.8038 0
      vertex 56.3216 24.8451 6
      vertex 56.4371 24.8038 6
    endloop
  endfacet
  facet normal 0.336698 0.941613 0
    outer loop
      vertex 56.3216 24.8451 6
      vertex 56.4371 24.8038 0
      vertex 56.3216 24.8451 0
    endloop
  endfacet
  facet normal 0.0489209 0.998803 -0
    outer loop
      vertex 56.8 24.75 0
      vertex 56.6775 24.756 6
      vertex 56.8 24.75 6
    endloop
  endfacet
  facet normal 0.0489209 0.998803 0
    outer loop
      vertex 56.6775 24.756 6
      vertex 56.8 24.75 0
      vertex 56.6775 24.756 0
    endloop
  endfacet
  facet normal 0.514016 0.85778 -0
    outer loop
      vertex 56.2108 24.8976 0
      vertex 56.1055 24.9607 6
      vertex 56.2108 24.8976 6
    endloop
  endfacet
  facet normal 0.514016 0.85778 0
    outer loop
      vertex 56.1055 24.9607 6
      vertex 56.2108 24.8976 0
      vertex 56.1055 24.9607 0
    endloop
  endfacet
  facet normal 0.85778 0.514016 0
    outer loop
      vertex 55.7607 25.3055 6
      vertex 55.6976 25.4108 0
      vertex 55.6976 25.4108 6
    endloop
  endfacet
  facet normal 0.85778 0.514016 0
    outer loop
      vertex 55.6976 25.4108 0
      vertex 55.7607 25.3055 6
      vertex 55.7607 25.3055 0
    endloop
  endfacet
  facet normal 0.989186 0.146667 0
    outer loop
      vertex 55.574 25.7561 6
      vertex 55.556 25.8775 0
      vertex 55.556 25.8775 6
    endloop
  endfacet
  facet normal 0.989186 0.146667 0
    outer loop
      vertex 55.556 25.8775 0
      vertex 55.574 25.7561 6
      vertex 55.574 25.7561 0
    endloop
  endfacet
  facet normal -0.242919 0.970047 0
    outer loop
      vertex 57.1629 24.8038 0
      vertex 57.0439 24.774 6
      vertex 57.1629 24.8038 6
    endloop
  endfacet
  facet normal -0.242919 0.970047 0
    outer loop
      vertex 57.0439 24.774 6
      vertex 57.1629 24.8038 0
      vertex 57.0439 24.774 0
    endloop
  endfacet
  facet normal -0.336698 0.941613 0
    outer loop
      vertex 57.2784 24.8451 0
      vertex 57.1629 24.8038 6
      vertex 57.2784 24.8451 6
    endloop
  endfacet
  facet normal -0.336698 0.941613 0
    outer loop
      vertex 57.1629 24.8038 6
      vertex 57.2784 24.8451 0
      vertex 57.1629 24.8038 0
    endloop
  endfacet
  facet normal -0.595423 0.803413 0
    outer loop
      vertex 57.593 25.0337 0
      vertex 57.4945 24.9607 6
      vertex 57.593 25.0337 6
    endloop
  endfacet
  facet normal -0.595423 0.803413 0
    outer loop
      vertex 57.4945 24.9607 6
      vertex 57.593 25.0337 0
      vertex 57.4945 24.9607 0
    endloop
  endfacet
  facet normal -0.514016 0.85778 0
    outer loop
      vertex 57.4945 24.9607 0
      vertex 57.3892 24.8976 6
      vertex 57.4945 24.9607 6
    endloop
  endfacet
  facet normal -0.514016 0.85778 0
    outer loop
      vertex 57.3892 24.8976 6
      vertex 57.4945 24.9607 0
      vertex 57.3892 24.8976 0
    endloop
  endfacet
  facet normal -0.740898 0.671617 0
    outer loop
      vertex 57.6839 25.1161 0
      vertex 57.7663 25.207 6
      vertex 57.7663 25.207 0
    endloop
  endfacet
  facet normal -0.740898 0.671617 0
    outer loop
      vertex 57.7663 25.207 6
      vertex 57.6839 25.1161 0
      vertex 57.6839 25.1161 6
    endloop
  endfacet
  facet normal 0.242919 0.970047 -0
    outer loop
      vertex 56.5561 24.774 0
      vertex 56.4371 24.8038 6
      vertex 56.5561 24.774 6
    endloop
  endfacet
  facet normal 0.242919 0.970047 0
    outer loop
      vertex 56.4371 24.8038 6
      vertex 56.5561 24.774 0
      vertex 56.4371 24.8038 0
    endloop
  endfacet
  facet normal 0.595423 0.803413 -0
    outer loop
      vertex 56.1055 24.9607 0
      vertex 56.007 25.0337 6
      vertex 56.1055 24.9607 6
    endloop
  endfacet
  facet normal 0.595423 0.803413 0
    outer loop
      vertex 56.007 25.0337 6
      vertex 56.1055 24.9607 0
      vertex 56.007 25.0337 0
    endloop
  endfacet
  facet normal 0.146667 0.989186 -0
    outer loop
      vertex 56.6775 24.756 0
      vertex 56.5561 24.774 6
      vertex 56.6775 24.756 6
    endloop
  endfacet
  facet normal 0.146667 0.989186 0
    outer loop
      vertex 56.5561 24.774 6
      vertex 56.6775 24.756 0
      vertex 56.5561 24.774 0
    endloop
  endfacet
  facet normal 0 0 -1
    outer loop
      vertex 0 29.5 18
      vertex 2.39999 37 18
      vertex 2.39999 29.5 18
    endloop
  endfacet
  facet normal -0 0 -1
    outer loop
      vertex 2.39999 37 18
      vertex 0 29.5 18
      vertex 0 37 18
    endloop
  endfacet
  facet normal 0 -1 0
    outer loop
      vertex 0 37 9.5
      vertex 2.39999 37 18
      vertex 0 37 18
    endloop
  endfacet
  facet normal 0 -1 -0
    outer loop
      vertex 2.39999 37 18
      vertex 0 37 9.5
      vertex 2.39999 37 9.5
    endloop
  endfacet
  facet normal -0 0 1
    outer loop
      vertex 0 37 9.5
      vertex 2.39999 29.5 9.5
      vertex 2.39999 37 9.5
    endloop
  endfacet
  facet normal 0 0 1
    outer loop
      vertex 2.39999 29.5 9.5
      vertex 0 37 9.5
      vertex 0 29.5 9.5
    endloop
  endfacet
  facet normal 0 1 -0
    outer loop
      vertex 2.39999 29.5 9.5
      vertex 0 29.5 18
      vertex 2.39999 29.5 18
    endloop
  endfacet
  facet normal 0 1 0
    outer loop
      vertex 0 29.5 18
      vertex 2.39999 29.5 9.5
      vertex 0 29.5 9.5
    endloop
  endfacet
  facet normal 0 0 -1
    outer loop
      vertex 0 11.5 18
      vertex 2.39999 19 18
      vertex 2.39999 11.5 18
    endloop
  endfacet
  facet normal -0 0 -1
    outer loop
      vertex 2.39999 19 18
      vertex 0 11.5 18
      vertex 0 19 18
    endloop
  endfacet
  facet normal 0 -1 0
    outer loop
      vertex 0 19 9.5
      vertex 2.39999 19 18
      vertex 0 19 18
    endloop
  endfacet
  facet normal 0 -1 -0
    outer loop
      vertex 2.39999 19 18
      vertex 0 19 9.5
      vertex 2.39999 19 9.5
    endloop
  endfacet
  facet normal -0 0 1
    outer loop
      vertex 0 19 9.5
      vertex 2.39999 11.5 9.5
      vertex 2.39999 19 9.5
    endloop
  endfacet
  facet normal 0 0 1
    outer loop
      vertex 2.39999 11.5 9.5
      vertex 0 19 9.5
      vertex 0 11.5 9.5
    endloop
  endfacet
  facet normal 0 1 -0
    outer loop
      vertex 2.39999 11.5 9.5
      vertex 0 11.5 18
      vertex 2.39999 11.5 18
    endloop
  endfacet
  facet normal 0 1 0
    outer loop
      vertex 0 11.5 18
      vertex 2.39999 11.5 9.5
      vertex 0 11.5 9.5
    endloop
  endfacet
  facet normal 0 0 -1
    outer loop
      vertex 59.6 19.59 28
      vertex 62 32.41 28
      vertex 62 19.59 28
    endloop
  endfacet
  facet normal -0 0 -1
    outer loop
      vertex 62 32.41 28
      vertex 59.6 19.59 28
      vertex 59.6 32.41 28
    endloop
  endfacet
  facet normal 0 -1 0
    outer loop
      vertex 59.6 32.41 20
      vertex 62 32.41 28
      vertex 59.6 32.41 28
    endloop
  endfacet
  facet normal 0 -1 -0
    outer loop
      vertex 62 32.41 28
      vertex 59.6 32.41 20
      vertex 62 32.41 20
    endloop
  endfacet
  facet normal -0 0 1
    outer loop
      vertex 59.6 32.41 20
      vertex 62 19.59 20
      vertex 62 32.41 20
    endloop
  endfacet
  facet normal 0 0 1
    outer loop
      vertex 62 19.59 20
      vertex 59.6 32.41 20
      vertex 59.6 19.59 20
    endloop
  endfacet
  facet normal 0 1 -0
    outer loop
      vertex 62 19.59 20
      vertex 59.6 19.59 28
      vertex 62 19.59 28
    endloop
  endfacet
  facet normal 0 1 0
    outer loop
      vertex 59.6 19.59 28
      vertex 62 19.59 20
      vertex 59.6 19.59 20
    endloop
  endfacet
endsolid OpenSCAD_Model
