solid OpenSCAD_Model
  facet normal 0.242828 0.970069 -0
    outer loop
      vertex 58.6902 50.4235 0
      vertex 58.2999 50.5212 3
      vertex 58.6902 50.4235 3
    endloop
  endfacet
  facet normal 0.242828 0.970069 0
    outer loop
      vertex 58.2999 50.5212 3
      vertex 58.6902 50.4235 0
      vertex 58.2999 50.5212 0
    endloop
  endfacet
  facet normal 0.337029 0.941494 -0
    outer loop
      vertex 59.069 50.2879 0
      vertex 58.6902 50.4235 3
      vertex 59.069 50.2879 3
    endloop
  endfacet
  facet normal 0.337029 0.941494 0
    outer loop
      vertex 58.6902 50.4235 3
      vertex 59.069 50.2879 0
      vertex 58.6902 50.4235 0
    endloop
  endfacet
  facet normal -0.595721 0.803192 0
    outer loop
      vertex 2.22217 49.909 0
      vertex 1.89899 49.6693 3
      vertex 2.22217 49.909 3
    endloop
  endfacet
  facet normal -0.595721 0.803192 0
    outer loop
      vertex 1.89899 49.6693 3
      vertex 2.22217 49.909 0
      vertex 1.89899 49.6693 0
    endloop
  endfacet
  facet normal 0.998801 0.0489584 0
    outer loop
      vertex 61.6 46.5 3
      vertex 61.5803 46.9019 0
      vertex 61.5803 46.9019 3
    endloop
  endfacet
  facet normal 0.998801 0.0489584 0
    outer loop
      vertex 61.5803 46.9019 0
      vertex 61.6 46.5 3
      vertex 61.6 46.5 0
    endloop
  endfacet
  facet normal 0 0 -1
    outer loop
      vertex 6.89181 25.8334 0
      vertex 47.4 42.6 0
      vertex 47.4 1.39999 0
    endloop
  endfacet
  facet normal 0 0 -1
    outer loop
      vertex 47.4 42.6 0
      vertex 6.89181 25.8334 0
      vertex 6.9 26 0
    endloop
  endfacet
  facet normal 0 0 -1
    outer loop
      vertex 47.4 1.39999 0
      vertex 6.86733 25.6683 0
      vertex 6.89181 25.8334 0
    endloop
  endfacet
  facet normal 0 0 -1
    outer loop
      vertex 47.4 1.39999 0
      vertex 6.8268 25.5065 0
      vertex 6.86733 25.6683 0
    endloop
  endfacet
  facet normal 0 0 -1
    outer loop
      vertex 47.4 1.39999 0
      vertex 6.77059 25.3494 0
      vertex 6.8268 25.5065 0
    endloop
  endfacet
  facet normal 0 0 -1
    outer loop
      vertex 47.4 1.39999 0
      vertex 6.69927 25.1986 0
      vertex 6.77059 25.3494 0
    endloop
  endfacet
  facet normal 0 0 -1
    outer loop
      vertex 47.4 1.39999 0
      vertex 6.6135 25.0555 0
      vertex 6.69927 25.1986 0
    endloop
  endfacet
  facet normal 0 0 -1
    outer loop
      vertex 4.5 1.39999 0
      vertex 6.6135 25.0555 0
      vertex 47.4 1.39999 0
    endloop
  endfacet
  facet normal 0 0 -1
    outer loop
      vertex 6.6135 25.0555 0
      vertex 4.5 1.39999 0
      vertex 6.51412 24.9215 0
    endloop
  endfacet
  facet normal 0 0 -1
    outer loop
      vertex 6.51412 24.9215 0
      vertex 4.5 1.39999 0
      vertex 6.40208 24.7979 0
    endloop
  endfacet
  facet normal 0 0 -1
    outer loop
      vertex 6.40208 24.7979 0
      vertex 4.5 1.39999 0
      vertex 6.27847 24.6859 0
    endloop
  endfacet
  facet normal 0 0 -1
    outer loop
      vertex 6.27847 24.6859 0
      vertex 4.5 1.39999 0
      vertex 6.14447 24.5865 0
    endloop
  endfacet
  facet normal 0 0 -1
    outer loop
      vertex 6.14447 24.5865 0
      vertex 4.5 1.39999 0
      vertex 6.00137 24.5007 0
    endloop
  endfacet
  facet normal 0 0 -1
    outer loop
      vertex 6.00137 24.5007 0
      vertex 4.5 1.39999 0
      vertex 5.85056 24.4294 0
    endloop
  endfacet
  facet normal 0 0 -1
    outer loop
      vertex 0.399993 5.5 0
      vertex 5.85056 24.4294 0
      vertex 4.5 1.39999 0
    endloop
  endfacet
  facet normal 0 0 -1
    outer loop
      vertex 5.85056 24.4294 0
      vertex 0.399993 5.5 0
      vertex 5.69348 24.3732 0
    endloop
  endfacet
  facet normal 0 0 -1
    outer loop
      vertex 5.69348 24.3732 0
      vertex 0.399993 5.5 0
      vertex 5.53165 24.3327 0
    endloop
  endfacet
  facet normal 0 0 -1
    outer loop
      vertex 5.53165 24.3327 0
      vertex 0.399993 5.5 0
      vertex 5.36663 24.3082 0
    endloop
  endfacet
  facet normal 0 0 -1
    outer loop
      vertex 5.36663 24.3082 0
      vertex 0.399993 5.5 0
      vertex 5.2 24.3 0
    endloop
  endfacet
  facet normal -0 0 -1
    outer loop
      vertex 5.2 24.3 0
      vertex 0.399993 5.5 0
      vertex 5.03337 24.3082 0
    endloop
  endfacet
  facet normal -0 0 -1
    outer loop
      vertex 5.03337 24.3082 0
      vertex 0.399993 5.5 0
      vertex 4.86835 24.3327 0
    endloop
  endfacet
  facet normal -0 0 -1
    outer loop
      vertex 4.86835 24.3327 0
      vertex 0.399993 5.5 0
      vertex 4.70652 24.3732 0
    endloop
  endfacet
  facet normal -0 0 -1
    outer loop
      vertex 4.70652 24.3732 0
      vertex 0.399993 5.5 0
      vertex 4.54944 24.4294 0
    endloop
  endfacet
  facet normal -0 0 -1
    outer loop
      vertex 4.54944 24.4294 0
      vertex 0.399993 5.5 0
      vertex 4.39863 24.5007 0
    endloop
  endfacet
  facet normal -0 0 -1
    outer loop
      vertex 4.39863 24.5007 0
      vertex 0.399993 5.5 0
      vertex 4.25553 24.5865 0
    endloop
  endfacet
  facet normal 0 0 -1
    outer loop
      vertex 0.399993 5.5 0
      vertex 4.5 1.39999 0
      vertex 4.09813 1.41974 0
    endloop
  endfacet
  facet normal -0 0 -1
    outer loop
      vertex 4.25553 24.5865 0
      vertex 0.399993 5.5 0
      vertex 4.12153 24.6859 0
    endloop
  endfacet
  facet normal -0 0 -1
    outer loop
      vertex 4.12153 24.6859 0
      vertex 0.399993 5.5 0
      vertex 3.99792 24.7979 0
    endloop
  endfacet
  facet normal -0 0 -1
    outer loop
      vertex 3.99792 24.7979 0
      vertex 0.399993 5.5 0
      vertex 3.88588 24.9215 0
    endloop
  endfacet
  facet normal -0 0 -1
    outer loop
      vertex 3.88588 24.9215 0
      vertex 0.399993 5.5 0
      vertex 3.7865 25.0555 0
    endloop
  endfacet
  facet normal 0 0 -1
    outer loop
      vertex 0.399993 5.5 0
      vertex 4.09813 1.41974 0
      vertex 3.70013 1.47878 0
    endloop
  endfacet
  facet normal -0 0 -1
    outer loop
      vertex 3.7865 25.0555 0
      vertex 0.399993 5.5 0
      vertex 3.70073 25.1986 0
    endloop
  endfacet
  facet normal -0 0 -1
    outer loop
      vertex 3.70073 25.1986 0
      vertex 0.399993 5.5 0
      vertex 3.62941 25.3494 0
    endloop
  endfacet
  facet normal -0 0 -1
    outer loop
      vertex 3.62941 25.3494 0
      vertex 0.399993 5.5 0
      vertex 3.5732 25.5065 0
    endloop
  endfacet
  facet normal -0 0 -1
    outer loop
      vertex 3.5732 25.5065 0
      vertex 0.399993 5.5 0
      vertex 3.53267 25.6683 0
    endloop
  endfacet
  facet normal -0 0 -1
    outer loop
      vertex 3.53267 25.6683 0
      vertex 0.399993 5.5 0
      vertex 3.50819 25.8334 0
    endloop
  endfacet
  facet normal 0 0 -1
    outer loop
      vertex 0.399993 5.5 0
      vertex 3.70013 1.47878 0
      vertex 3.30983 1.57654 0
    endloop
  endfacet
  facet normal 0 0 -1
    outer loop
      vertex 57.39 1.4 0
      vertex 50.4 7.4 0
      vertex 57.39 7.4 0
    endloop
  endfacet
  facet normal 0 0 -1
    outer loop
      vertex 48 42.6 0
      vertex 50.4 7.4 0
      vertex 48 1.4 0
    endloop
  endfacet
  facet normal 0 0 -1
    outer loop
      vertex 48 1.4 0
      vertex 50.4 7.4 0
      vertex 57.39 1.4 0
    endloop
  endfacet
  facet normal 0 0 -1
    outer loop
      vertex 58.5 26 0
      vertex 61.6 46.5 0
      vertex 61.6 8.8 0
    endloop
  endfacet
  facet normal 0 0 -1
    outer loop
      vertex 58.4918 26.1666 0
      vertex 61.6 46.5 0
      vertex 58.5 26 0
    endloop
  endfacet
  facet normal 0 0 -1
    outer loop
      vertex 58.4673 26.3317 0
      vertex 61.6 46.5 0
      vertex 58.4918 26.1666 0
    endloop
  endfacet
  facet normal 0 0 -1
    outer loop
      vertex 58.4268 26.4935 0
      vertex 61.6 46.5 0
      vertex 58.4673 26.3317 0
    endloop
  endfacet
  facet normal 0 0 -1
    outer loop
      vertex 58.2993 26.8014 0
      vertex 61.6 46.5 0
      vertex 58.3706 26.6506 0
    endloop
  endfacet
  facet normal 0 0 -1
    outer loop
      vertex 58.2135 26.9445 0
      vertex 61.6 46.5 0
      vertex 58.2993 26.8014 0
    endloop
  endfacet
  facet normal 0 0 -1
    outer loop
      vertex 58.1141 27.0785 0
      vertex 61.6 46.5 0
      vertex 58.2135 26.9445 0
    endloop
  endfacet
  facet normal 0 0 -1
    outer loop
      vertex 58.0021 27.2021 0
      vertex 61.6 46.5 0
      vertex 58.1141 27.0785 0
    endloop
  endfacet
  facet normal 0 0 -1
    outer loop
      vertex 57.8785 27.3141 0
      vertex 61.6 46.5 0
      vertex 58.0021 27.2021 0
    endloop
  endfacet
  facet normal 0 0 -1
    outer loop
      vertex 57.7445 27.4135 0
      vertex 61.6 46.5 0
      vertex 57.8785 27.3141 0
    endloop
  endfacet
  facet normal 0 0 -1
    outer loop
      vertex 57.6014 27.4993 0
      vertex 61.6 46.5 0
      vertex 57.7445 27.4135 0
    endloop
  endfacet
  facet normal 0 0 -1
    outer loop
      vertex 57.4506 27.5706 0
      vertex 61.6 46.5 0
      vertex 57.6014 27.4993 0
    endloop
  endfacet
  facet normal 0 0 -1
    outer loop
      vertex 57.2935 27.6268 0
      vertex 61.6 46.5 0
      vertex 57.4506 27.5706 0
    endloop
  endfacet
  facet normal 0 0 -1
    outer loop
      vertex 58.3706 26.6506 0
      vertex 61.6 46.5 0
      vertex 58.4268 26.4935 0
    endloop
  endfacet
  facet normal 0 0 -1
    outer loop
      vertex 61.6 8.8 0
      vertex 58.4918 25.8334 0
      vertex 58.5 26 0
    endloop
  endfacet
  facet normal 0 0 -1
    outer loop
      vertex 61.6 8.8 0
      vertex 58.4673 25.6683 0
      vertex 58.4918 25.8334 0
    endloop
  endfacet
  facet normal 0 0 -1
    outer loop
      vertex 61.6 8.8 0
      vertex 58.4268 25.5065 0
      vertex 58.4673 25.6683 0
    endloop
  endfacet
  facet normal 0 0 -1
    outer loop
      vertex 61.6 8.8 0
      vertex 58.3706 25.3494 0
      vertex 58.4268 25.5065 0
    endloop
  endfacet
  facet normal 0 0 -1
    outer loop
      vertex 61.6 8.8 0
      vertex 58.2993 25.1986 0
      vertex 58.3706 25.3494 0
    endloop
  endfacet
  facet normal 0 0 -1
    outer loop
      vertex 61.6 8.8 0
      vertex 58.2135 25.0555 0
      vertex 58.2993 25.1986 0
    endloop
  endfacet
  facet normal 0 0 -1
    outer loop
      vertex 61.6 8.8 0
      vertex 58.1141 24.9215 0
      vertex 58.2135 25.0555 0
    endloop
  endfacet
  facet normal 0 0 -1
    outer loop
      vertex 61.6 8.8 0
      vertex 58.0021 24.7979 0
      vertex 58.1141 24.9215 0
    endloop
  endfacet
  facet normal 0 0 -1
    outer loop
      vertex 61.6 8.8 0
      vertex 57.8785 24.6859 0
      vertex 58.0021 24.7979 0
    endloop
  endfacet
  facet normal 0 0 -1
    outer loop
      vertex 61.6 8.8 0
      vertex 57.7445 24.5865 0
      vertex 57.8785 24.6859 0
    endloop
  endfacet
  facet normal 0 0 -1
    outer loop
      vertex 61.6 8.8 0
      vertex 57.6014 24.5007 0
      vertex 57.7445 24.5865 0
    endloop
  endfacet
  facet normal 0 0 -1
    outer loop
      vertex 61.6 8.8 0
      vertex 57.4506 24.4294 0
      vertex 57.6014 24.5007 0
    endloop
  endfacet
  facet normal 0 0 -1
    outer loop
      vertex 61.6 8.8 0
      vertex 57.2935 24.3732 0
      vertex 57.4506 24.4294 0
    endloop
  endfacet
  facet normal 0 0 -1
    outer loop
      vertex 61.6 8.8 0
      vertex 57.1317 24.3327 0
      vertex 57.2935 24.3732 0
    endloop
  endfacet
  facet normal 0 0 -1
    outer loop
      vertex 61.6 8.8 0
      vertex 56.9666 24.3082 0
      vertex 57.1317 24.3327 0
    endloop
  endfacet
  facet normal 0 0 -1
    outer loop
      vertex 61.6 8.8 0
      vertex 56.8 24.3 0
      vertex 56.9666 24.3082 0
    endloop
  endfacet
  facet normal 0 0 -1
    outer loop
      vertex 61.6 8.8 0
      vertex 56.6334 24.3082 0
      vertex 56.8 24.3 0
    endloop
  endfacet
  facet normal 0 0 -1
    outer loop
      vertex 51 8.8 0
      vertex 56.6334 24.3082 0
      vertex 61.6 8.8 0
    endloop
  endfacet
  facet normal -0 0 -1
    outer loop
      vertex 56.6334 24.3082 0
      vertex 51 8.8 0
      vertex 56.4683 24.3327 0
    endloop
  endfacet
  facet normal -0 0 -1
    outer loop
      vertex 56.4683 24.3327 0
      vertex 51 8.8 0
      vertex 56.3065 24.3732 0
    endloop
  endfacet
  facet normal -0 0 -1
    outer loop
      vertex 56.3065 24.3732 0
      vertex 51 8.8 0
      vertex 56.1494 24.4294 0
    endloop
  endfacet
  facet normal -0 0 -1
    outer loop
      vertex 56.1494 24.4294 0
      vertex 51 8.8 0
      vertex 55.9986 24.5007 0
    endloop
  endfacet
  facet normal -0 0 -1
    outer loop
      vertex 55.9986 24.5007 0
      vertex 51 8.8 0
      vertex 55.8555 24.5865 0
    endloop
  endfacet
  facet normal -0 0 -1
    outer loop
      vertex 55.8555 24.5865 0
      vertex 51 8.8 0
      vertex 55.7215 24.6859 0
    endloop
  endfacet
  facet normal -0 0 -1
    outer loop
      vertex 55.7215 24.6859 0
      vertex 51 8.8 0
      vertex 55.5979 24.7979 0
    endloop
  endfacet
  facet normal -0 0 -1
    outer loop
      vertex 55.5979 24.7979 0
      vertex 51 8.8 0
      vertex 55.4859 24.9215 0
    endloop
  endfacet
  facet normal -0 0 -1
    outer loop
      vertex 55.4859 24.9215 0
      vertex 51 8.8 0
      vertex 55.3865 25.0555 0
    endloop
  endfacet
  facet normal -0 0 -1
    outer loop
      vertex 55.3865 25.0555 0
      vertex 51 8.8 0
      vertex 55.3007 25.1986 0
    endloop
  endfacet
  facet normal -0 0 -1
    outer loop
      vertex 55.1082 25.8334 0
      vertex 51 8.8 0
      vertex 55.1 26 0
    endloop
  endfacet
  facet normal -0 0 -1
    outer loop
      vertex 55.1327 25.6683 0
      vertex 51 8.8 0
      vertex 55.1082 25.8334 0
    endloop
  endfacet
  facet normal -0 0 -1
    outer loop
      vertex 55.1732 25.5065 0
      vertex 51 8.8 0
      vertex 55.1327 25.6683 0
    endloop
  endfacet
  facet normal -0 0 -1
    outer loop
      vertex 55.2294 25.3494 0
      vertex 51 8.8 0
      vertex 55.1732 25.5065 0
    endloop
  endfacet
  facet normal -0 0 -1
    outer loop
      vertex 55.3007 25.1986 0
      vertex 51 8.8 0
      vertex 55.2294 25.3494 0
    endloop
  endfacet
  facet normal 0 0 -1
    outer loop
      vertex 57.1317 27.6673 0
      vertex 61.6 46.5 0
      vertex 57.2935 27.6268 0
    endloop
  endfacet
  facet normal 0 0 -1
    outer loop
      vertex 51 42.6 0
      vertex 61.6 46.5 0
      vertex 57.1317 27.6673 0
    endloop
  endfacet
  facet normal 0 0 -1
    outer loop
      vertex 61.6 46.5 0
      vertex 57.5 50.6 0
      vertex 61.5803 46.9019 0
    endloop
  endfacet
  facet normal 0 0 -1
    outer loop
      vertex 61.5803 46.9019 0
      vertex 57.5 50.6 0
      vertex 61.5212 47.2999 0
    endloop
  endfacet
  facet normal 0 0 -1
    outer loop
      vertex 61.5212 47.2999 0
      vertex 57.5 50.6 0
      vertex 61.4235 47.6902 0
    endloop
  endfacet
  facet normal 0 0 -1
    outer loop
      vertex 61.4235 47.6902 0
      vertex 57.5 50.6 0
      vertex 61.2879 48.069 0
    endloop
  endfacet
  facet normal 0 0 -1
    outer loop
      vertex 61.1159 48.4327 0
      vertex 57.5 50.6 0
      vertex 60.909 48.7778 0
    endloop
  endfacet
  facet normal 0 0 -1
    outer loop
      vertex 60.909 48.7778 0
      vertex 57.5 50.6 0
      vertex 60.6693 49.101 0
    endloop
  endfacet
  facet normal 0 0 -1
    outer loop
      vertex 60.6693 49.101 0
      vertex 57.5 50.6 0
      vertex 60.3991 49.3991 0
    endloop
  endfacet
  facet normal 0 0 -1
    outer loop
      vertex 60.3991 49.3991 0
      vertex 57.5 50.6 0
      vertex 60.101 49.6693 0
    endloop
  endfacet
  facet normal 0 0 -1
    outer loop
      vertex 60.101 49.6693 0
      vertex 57.5 50.6 0
      vertex 59.7778 49.909 0
    endloop
  endfacet
  facet normal 0 0 -1
    outer loop
      vertex 59.4327 50.1159 0
      vertex 57.5 50.6 0
      vertex 59.069 50.2879 0
    endloop
  endfacet
  facet normal 0 0 -1
    outer loop
      vertex 59.069 50.2879 0
      vertex 57.5 50.6 0
      vertex 58.6902 50.4235 0
    endloop
  endfacet
  facet normal 0 0 -1
    outer loop
      vertex 58.6902 50.4235 0
      vertex 57.5 50.6 0
      vertex 58.2999 50.5212 0
    endloop
  endfacet
  facet normal 0 0 -1
    outer loop
      vertex 59.7778 49.909 0
      vertex 57.5 50.6 0
      vertex 59.4327 50.1159 0
    endloop
  endfacet
  facet normal 0 0 -1
    outer loop
      vertex 61.2879 48.069 0
      vertex 57.5 50.6 0
      vertex 61.1159 48.4327 0
    endloop
  endfacet
  facet normal 0 -0 -1
    outer loop
      vertex 57.5 50.6 0
      vertex 61.6 46.5 0
      vertex 51 42.6 0
    endloop
  endfacet
  facet normal 0 0 -1
    outer loop
      vertex 51 42.6 0
      vertex 57.1317 27.6673 0
      vertex 56.9666 27.6918 0
    endloop
  endfacet
  facet normal 0 0 -1
    outer loop
      vertex 51 42.6 0
      vertex 56.9666 27.6918 0
      vertex 56.8 27.7 0
    endloop
  endfacet
  facet normal 0 0 -1
    outer loop
      vertex 51 42.6 0
      vertex 56.8 27.7 0
      vertex 56.6334 27.6918 0
    endloop
  endfacet
  facet normal 0 0 -1
    outer loop
      vertex 51 42.6 0
      vertex 56.6334 27.6918 0
      vertex 56.4683 27.6673 0
    endloop
  endfacet
  facet normal 0 0 -1
    outer loop
      vertex 51 42.6 0
      vertex 56.4683 27.6673 0
      vertex 56.3065 27.6268 0
    endloop
  endfacet
  facet normal 0 0 -1
    outer loop
      vertex 51 42.6 0
      vertex 56.3065 27.6268 0
      vertex 56.1494 27.5706 0
    endloop
  endfacet
  facet normal 0 0 -1
    outer loop
      vertex 51 42.6 0
      vertex 56.1494 27.5706 0
      vertex 55.9986 27.4993 0
    endloop
  endfacet
  facet normal 0 0 -1
    outer loop
      vertex 51 42.6 0
      vertex 55.9986 27.4993 0
      vertex 55.8555 27.4135 0
    endloop
  endfacet
  facet normal 0 0 -1
    outer loop
      vertex 51 42.6 0
      vertex 55.8555 27.4135 0
      vertex 55.7215 27.3141 0
    endloop
  endfacet
  facet normal 0 0 -1
    outer loop
      vertex 51 42.6 0
      vertex 55.7215 27.3141 0
      vertex 55.5979 27.2021 0
    endloop
  endfacet
  facet normal 0 0 -1
    outer loop
      vertex 51 42.6 0
      vertex 55.5979 27.2021 0
      vertex 55.4859 27.0785 0
    endloop
  endfacet
  facet normal 0 0 -1
    outer loop
      vertex 51 42.6 0
      vertex 55.4859 27.0785 0
      vertex 55.3865 26.9445 0
    endloop
  endfacet
  facet normal 0 0 -1
    outer loop
      vertex 51 42.6 0
      vertex 55.3865 26.9445 0
      vertex 55.3007 26.8014 0
    endloop
  endfacet
  facet normal 0 0 -1
    outer loop
      vertex 51 42.6 0
      vertex 55.3007 26.8014 0
      vertex 55.2294 26.6506 0
    endloop
  endfacet
  facet normal 0 0 -1
    outer loop
      vertex 51 42.6 0
      vertex 55.2294 26.6506 0
      vertex 55.1732 26.4935 0
    endloop
  endfacet
  facet normal 0 0 -1
    outer loop
      vertex 51 42.6 0
      vertex 55.1732 26.4935 0
      vertex 55.1327 26.3317 0
    endloop
  endfacet
  facet normal 0 0 -1
    outer loop
      vertex 51 42.6 0
      vertex 55.1327 26.3317 0
      vertex 55.1082 26.1666 0
    endloop
  endfacet
  facet normal 0 0 -1
    outer loop
      vertex 51 42.6 0
      vertex 55.1 26 0
      vertex 51 8.8 0
    endloop
  endfacet
  facet normal 0 0 -1
    outer loop
      vertex 55.1 26 0
      vertex 51 42.6 0
      vertex 55.1082 26.1666 0
    endloop
  endfacet
  facet normal 0 0 -1
    outer loop
      vertex 58.2999 50.5212 0
      vertex 57.5 50.6 0
      vertex 57.9019 50.5803 0
    endloop
  endfacet
  facet normal 0 0 -1
    outer loop
      vertex 50.4 42.6 0
      vertex 57.5 50.6 0
      vertex 51 42.6 0
    endloop
  endfacet
  facet normal 0 0 -1
    outer loop
      vertex 50.4 7.4 0
      vertex 48 42.6 0
      vertex 50.4 42.6 0
    endloop
  endfacet
  facet normal 0 0 -1
    outer loop
      vertex 48 42.6 0
      vertex 57.5 50.6 0
      vertex 50.4 42.6 0
    endloop
  endfacet
  facet normal 0 0 -1
    outer loop
      vertex 47.4 42.6 0
      vertex 57.5 50.6 0
      vertex 48 42.6 0
    endloop
  endfacet
  facet normal 0 0 -1
    outer loop
      vertex 6.89181 26.1666 0
      vertex 47.4 42.6 0
      vertex 6.9 26 0
    endloop
  endfacet
  facet normal 0 0 -1
    outer loop
      vertex 6.86733 26.3317 0
      vertex 47.4 42.6 0
      vertex 6.89181 26.1666 0
    endloop
  endfacet
  facet normal 0 0 -1
    outer loop
      vertex 6.8268 26.4935 0
      vertex 47.4 42.6 0
      vertex 6.86733 26.3317 0
    endloop
  endfacet
  facet normal 0 0 -1
    outer loop
      vertex 6.77059 26.6506 0
      vertex 47.4 42.6 0
      vertex 6.8268 26.4935 0
    endloop
  endfacet
  facet normal 0 0 -1
    outer loop
      vertex 6.69927 26.8014 0
      vertex 47.4 42.6 0
      vertex 6.77059 26.6506 0
    endloop
  endfacet
  facet normal 0 0 -1
    outer loop
      vertex 6.6135 26.9445 0
      vertex 47.4 42.6 0
      vertex 6.69927 26.8014 0
    endloop
  endfacet
  facet normal -0 0 -1
    outer loop
      vertex 47.4 42.6 0
      vertex 6.6135 26.9445 0
      vertex 4.5 50.6 0
    endloop
  endfacet
  facet normal 0 0 -1
    outer loop
      vertex 4.5 50.6 0
      vertex 6.6135 26.9445 0
      vertex 6.51412 27.0785 0
    endloop
  endfacet
  facet normal 0 0 -1
    outer loop
      vertex 4.5 50.6 0
      vertex 6.51412 27.0785 0
      vertex 6.40208 27.2021 0
    endloop
  endfacet
  facet normal 0 0 -1
    outer loop
      vertex 4.5 50.6 0
      vertex 6.40208 27.2021 0
      vertex 6.27847 27.3141 0
    endloop
  endfacet
  facet normal 0 0 -1
    outer loop
      vertex 4.5 50.6 0
      vertex 6.27847 27.3141 0
      vertex 6.14447 27.4135 0
    endloop
  endfacet
  facet normal 0 0 -1
    outer loop
      vertex 4.5 50.6 0
      vertex 6.14447 27.4135 0
      vertex 6.00137 27.4993 0
    endloop
  endfacet
  facet normal 0 0 -1
    outer loop
      vertex 4.5 50.6 0
      vertex 6.00137 27.4993 0
      vertex 5.85056 27.5706 0
    endloop
  endfacet
  facet normal 0 0 -1
    outer loop
      vertex 0.399993 46.5 0
      vertex 5.85056 27.5706 0
      vertex 5.69348 27.6268 0
    endloop
  endfacet
  facet normal 0 0 -1
    outer loop
      vertex 0.399993 46.5 0
      vertex 5.69348 27.6268 0
      vertex 5.53165 27.6673 0
    endloop
  endfacet
  facet normal 0 0 -1
    outer loop
      vertex 0.399993 46.5 0
      vertex 5.53165 27.6673 0
      vertex 5.36663 27.6918 0
    endloop
  endfacet
  facet normal 0 0 -1
    outer loop
      vertex 0.399993 46.5 0
      vertex 5.36663 27.6918 0
      vertex 5.2 27.7 0
    endloop
  endfacet
  facet normal 0 0 -1
    outer loop
      vertex 0.399993 46.5 0
      vertex 5.2 27.7 0
      vertex 5.03337 27.6918 0
    endloop
  endfacet
  facet normal 0 0 -1
    outer loop
      vertex 0.399993 46.5 0
      vertex 5.03337 27.6918 0
      vertex 4.86835 27.6673 0
    endloop
  endfacet
  facet normal 0 0 -1
    outer loop
      vertex 0.399993 46.5 0
      vertex 4.86835 27.6673 0
      vertex 4.70652 27.6268 0
    endloop
  endfacet
  facet normal 0 0 -1
    outer loop
      vertex 0.399993 46.5 0
      vertex 4.70652 27.6268 0
      vertex 4.54944 27.5706 0
    endloop
  endfacet
  facet normal 0 0 -1
    outer loop
      vertex 47.4 42.6 0
      vertex 4.5 50.6 0
      vertex 57.5 50.6 0
    endloop
  endfacet
  facet normal 0 0 -1
    outer loop
      vertex 0.399993 46.5 0
      vertex 4.54944 27.5706 0
      vertex 4.39863 27.4993 0
    endloop
  endfacet
  facet normal 0 0 -1
    outer loop
      vertex 0.399993 46.5 0
      vertex 4.39863 27.4993 0
      vertex 4.25553 27.4135 0
    endloop
  endfacet
  facet normal 0 0 -1
    outer loop
      vertex 0.399993 46.5 0
      vertex 4.25553 27.4135 0
      vertex 4.12153 27.3141 0
    endloop
  endfacet
  facet normal 0 0 -1
    outer loop
      vertex 5.85056 27.5706 0
      vertex 0.399993 46.5 0
      vertex 4.5 50.6 0
    endloop
  endfacet
  facet normal 0 0 -1
    outer loop
      vertex 0.399993 46.5 0
      vertex 4.12153 27.3141 0
      vertex 3.99792 27.2021 0
    endloop
  endfacet
  facet normal 0 0 -1
    outer loop
      vertex 0.399993 46.5 0
      vertex 3.99792 27.2021 0
      vertex 3.88588 27.0785 0
    endloop
  endfacet
  facet normal 0 0 -1
    outer loop
      vertex 0.399993 46.5 0
      vertex 3.88588 27.0785 0
      vertex 3.7865 26.9445 0
    endloop
  endfacet
  facet normal 0 0 -1
    outer loop
      vertex 0.399993 46.5 0
      vertex 3.7865 26.9445 0
      vertex 3.70073 26.8014 0
    endloop
  endfacet
  facet normal 0 0 -1
    outer loop
      vertex 4.5 50.6 0
      vertex 0.399993 46.5 0
      vertex 4.09813 50.5803 0
    endloop
  endfacet
  facet normal 0 0 -1
    outer loop
      vertex 0.399993 46.5 0
      vertex 3.70073 26.8014 0
      vertex 3.62941 26.6506 0
    endloop
  endfacet
  facet normal 0 0 -1
    outer loop
      vertex 0.399993 46.5 0
      vertex 3.62941 26.6506 0
      vertex 3.5732 26.4935 0
    endloop
  endfacet
  facet normal 0 0 -1
    outer loop
      vertex 0.399993 46.5 0
      vertex 3.5732 26.4935 0
      vertex 3.53267 26.3317 0
    endloop
  endfacet
  facet normal 0 0 -1
    outer loop
      vertex 0.399993 46.5 0
      vertex 3.53267 26.3317 0
      vertex 3.50819 26.1666 0
    endloop
  endfacet
  facet normal 0 0 -1
    outer loop
      vertex 0.399993 46.5 0
      vertex 3.50819 26.1666 0
      vertex 3.5 26 0
    endloop
  endfacet
  facet normal 0 0 -1
    outer loop
      vertex 4.09813 50.5803 0
      vertex 0.399993 46.5 0
      vertex 3.70013 50.5212 0
    endloop
  endfacet
  facet normal -0 0 -1
    outer loop
      vertex 3.50819 25.8334 0
      vertex 0.399993 5.5 0
      vertex 3.5 26 0
    endloop
  endfacet
  facet normal 0 0 -1
    outer loop
      vertex 0.399993 5.5 0
      vertex 3.30983 1.57654 0
      vertex 2.931 1.7121 0
    endloop
  endfacet
  facet normal 0 0 -1
    outer loop
      vertex 0.399993 46.5 0
      vertex 3.5 26 0
      vertex 0.399993 5.5 0
    endloop
  endfacet
  facet normal 0 0 -1
    outer loop
      vertex 0.399993 5.5 0
      vertex 2.931 1.7121 0
      vertex 2.56728 1.88412 0
    endloop
  endfacet
  facet normal 0 0 -1
    outer loop
      vertex 3.70013 50.5212 0
      vertex 0.399993 46.5 0
      vertex 3.30983 50.4235 0
    endloop
  endfacet
  facet normal 0 0 -1
    outer loop
      vertex 0.399993 5.5 0
      vertex 2.56728 1.88412 0
      vertex 2.22217 2.09097 0
    endloop
  endfacet
  facet normal 0 0 -1
    outer loop
      vertex 3.30983 50.4235 0
      vertex 0.399993 46.5 0
      vertex 2.931 50.2879 0
    endloop
  endfacet
  facet normal 0 0 -1
    outer loop
      vertex 0.399993 5.5 0
      vertex 2.22217 2.09097 0
      vertex 1.89899 2.33066 0
    endloop
  endfacet
  facet normal 0 0 -1
    outer loop
      vertex 2.931 50.2879 0
      vertex 0.399993 46.5 0
      vertex 2.56728 50.1159 0
    endloop
  endfacet
  facet normal 0 0 -1
    outer loop
      vertex 0.399993 5.5 0
      vertex 1.89899 2.33066 0
      vertex 1.60086 2.60086 0
    endloop
  endfacet
  facet normal 0 0 -1
    outer loop
      vertex 2.56728 50.1159 0
      vertex 0.399993 46.5 0
      vertex 2.22217 49.909 0
    endloop
  endfacet
  facet normal 0 0 -1
    outer loop
      vertex 0.399993 5.5 0
      vertex 1.60086 2.60086 0
      vertex 1.33066 2.89899 0
    endloop
  endfacet
  facet normal 0 0 -1
    outer loop
      vertex 2.22217 49.909 0
      vertex 0.399993 46.5 0
      vertex 1.89899 49.6693 0
    endloop
  endfacet
  facet normal 0 0 -1
    outer loop
      vertex 0.399993 5.5 0
      vertex 1.33066 2.89899 0
      vertex 1.09097 3.22217 0
    endloop
  endfacet
  facet normal 0 0 -1
    outer loop
      vertex 1.89899 49.6693 0
      vertex 0.399993 46.5 0
      vertex 1.60086 49.3991 0
    endloop
  endfacet
  facet normal 0 0 -1
    outer loop
      vertex 0.399993 5.5 0
      vertex 1.09097 3.22217 0
      vertex 0.884124 3.56728 0
    endloop
  endfacet
  facet normal 0 0 -1
    outer loop
      vertex 1.60086 49.3991 0
      vertex 0.399993 46.5 0
      vertex 1.33066 49.101 0
    endloop
  endfacet
  facet normal 0 0 -1
    outer loop
      vertex 0.399993 5.5 0
      vertex 0.884124 3.56728 0
      vertex 0.712096 3.931 0
    endloop
  endfacet
  facet normal 0 0 -1
    outer loop
      vertex 1.33066 49.101 0
      vertex 0.399993 46.5 0
      vertex 1.09097 48.7778 0
    endloop
  endfacet
  facet normal 0 0 -1
    outer loop
      vertex 0.399993 5.5 0
      vertex 0.712096 3.931 0
      vertex 0.576537 4.30983 0
    endloop
  endfacet
  facet normal 0 0 -1
    outer loop
      vertex 1.09097 48.7778 0
      vertex 0.399993 46.5 0
      vertex 0.884124 48.4327 0
    endloop
  endfacet
  facet normal 0 0 -1
    outer loop
      vertex 0.399993 5.5 0
      vertex 0.576537 4.30983 0
      vertex 0.478774 4.70013 0
    endloop
  endfacet
  facet normal 0 0 -1
    outer loop
      vertex 0.884124 48.4327 0
      vertex 0.399993 46.5 0
      vertex 0.712096 48.069 0
    endloop
  endfacet
  facet normal 0 0 -1
    outer loop
      vertex 0.399993 5.5 0
      vertex 0.478774 4.70013 0
      vertex 0.419738 5.09813 0
    endloop
  endfacet
  facet normal 0 0 -1
    outer loop
      vertex 0.712096 48.069 0
      vertex 0.399993 46.5 0
      vertex 0.576537 47.6902 0
    endloop
  endfacet
  facet normal 0 0 -1
    outer loop
      vertex 0.576537 47.6902 0
      vertex 0.399993 46.5 0
      vertex 0.478774 47.2999 0
    endloop
  endfacet
  facet normal 0 0 -1
    outer loop
      vertex 0.478774 47.2999 0
      vertex 0.399993 46.5 0
      vertex 0.419738 46.9019 0
    endloop
  endfacet
  facet normal 0 1 -0
    outer loop
      vertex 57.5 50.6 0
      vertex 4.5 50.6 3
      vertex 57.5 50.6 3
    endloop
  endfacet
  facet normal 0 1 0
    outer loop
      vertex 4.5 50.6 3
      vertex 57.5 50.6 0
      vertex 4.5 50.6 0
    endloop
  endfacet
  facet normal 0 -1 0
    outer loop
      vertex 4.5 1.39999 0
      vertex 47.4 1.39999 3
      vertex 4.5 1.39999 3
    endloop
  endfacet
  facet normal 0 -1 -0
    outer loop
      vertex 47.4 1.39999 3
      vertex 4.5 1.39999 0
      vertex 47.4 1.39999 0
    endloop
  endfacet
  facet normal 0.595697 0.803209 -0
    outer loop
      vertex 60.101 49.6693 0
      vertex 59.7778 49.909 3
      vertex 60.101 49.6693 3
    endloop
  endfacet
  facet normal 0.595697 0.803209 0
    outer loop
      vertex 59.7778 49.909 3
      vertex 60.101 49.6693 0
      vertex 59.7778 49.909 0
    endloop
  endfacet
  facet normal -0.242828 0.970069 0
    outer loop
      vertex 3.70013 50.5212 0
      vertex 3.30983 50.4235 3
      vertex 3.70013 50.5212 3
    endloop
  endfacet
  facet normal -0.242828 0.970069 0
    outer loop
      vertex 3.30983 50.4235 3
      vertex 3.70013 50.5212 0
      vertex 3.30983 50.4235 0
    endloop
  endfacet
  facet normal -0.146882 0.989154 0
    outer loop
      vertex 4.09813 50.5803 0
      vertex 3.70013 50.5212 3
      vertex 4.09813 50.5803 3
    endloop
  endfacet
  facet normal -0.146882 0.989154 0
    outer loop
      vertex 3.70013 50.5212 3
      vertex 4.09813 50.5803 0
      vertex 3.70013 50.5212 0
    endloop
  endfacet
  facet normal -1 0 0
    outer loop
      vertex 0.399993 5.5 0
      vertex 0.399993 46.5 3
      vertex 0.399993 46.5 0
    endloop
  endfacet
  facet normal -1 -0 0
    outer loop
      vertex 0.399993 46.5 3
      vertex 0.399993 5.5 0
      vertex 0.399993 5.5 3
    endloop
  endfacet
  facet normal -0.242968 -0.970034 0
    outer loop
      vertex 3.30983 1.57654 0
      vertex 3.70013 1.47878 3
      vertex 3.30983 1.57654 3
    endloop
  endfacet
  facet normal -0.242968 -0.970034 -0
    outer loop
      vertex 3.70013 1.47878 3
      vertex 3.30983 1.57654 0
      vertex 3.70013 1.47878 0
    endloop
  endfacet
  facet normal 0.0489584 0.998801 -0
    outer loop
      vertex 57.9019 50.5803 0
      vertex 57.5 50.6 3
      vertex 57.9019 50.5803 3
    endloop
  endfacet
  facet normal 0.0489584 0.998801 0
    outer loop
      vertex 57.5 50.6 3
      vertex 57.9019 50.5803 0
      vertex 57.5 50.6 0
    endloop
  endfacet
  facet normal 0.146882 0.989154 -0
    outer loop
      vertex 58.2999 50.5212 0
      vertex 57.9019 50.5803 3
      vertex 58.2999 50.5212 3
    endloop
  endfacet
  facet normal 0.146882 0.989154 0
    outer loop
      vertex 57.9019 50.5803 3
      vertex 58.2999 50.5212 0
      vertex 57.9019 50.5803 0
    endloop
  endfacet
  facet normal 0.42752 0.904006 -0
    outer loop
      vertex 59.4327 50.1159 0
      vertex 59.069 50.2879 3
      vertex 59.4327 50.1159 3
    endloop
  endfacet
  facet normal 0.42752 0.904006 0
    outer loop
      vertex 59.069 50.2879 3
      vertex 59.4327 50.1159 0
      vertex 59.069 50.2879 0
    endloop
  endfacet
  facet normal -0.427501 0.904015 0
    outer loop
      vertex 2.931 50.2879 0
      vertex 2.56728 50.1159 3
      vertex 2.931 50.2879 3
    endloop
  endfacet
  facet normal -0.427501 0.904015 0
    outer loop
      vertex 2.56728 50.1159 3
      vertex 2.931 50.2879 0
      vertex 2.56728 50.1159 0
    endloop
  endfacet
  facet normal -0.970032 -0.242975 0
    outer loop
      vertex 0.576537 4.30983 0
      vertex 0.478774 4.70013 3
      vertex 0.478774 4.70013 0
    endloop
  endfacet
  facet normal -0.970032 -0.242975 0
    outer loop
      vertex 0.478774 4.70013 3
      vertex 0.576537 4.30983 0
      vertex 0.576537 4.30983 3
    endloop
  endfacet
  facet normal -0.941535 -0.336915 0
    outer loop
      vertex 0.712096 3.931 0
      vertex 0.576537 4.30983 3
      vertex 0.576537 4.30983 0
    endloop
  endfacet
  facet normal -0.941535 -0.336915 0
    outer loop
      vertex 0.576537 4.30983 3
      vertex 0.712096 3.931 0
      vertex 0.712096 3.931 3
    endloop
  endfacet
  facet normal -0.740929 0.671583 0
    outer loop
      vertex 1.33066 49.101 0
      vertex 1.60086 49.3991 3
      vertex 1.60086 49.3991 0
    endloop
  endfacet
  facet normal -0.740929 0.671583 0
    outer loop
      vertex 1.60086 49.3991 3
      vertex 1.33066 49.101 0
      vertex 1.33066 49.101 3
    endloop
  endfacet
  facet normal -0.049086 -0.998795 0
    outer loop
      vertex 4.09813 1.41974 0
      vertex 4.5 1.39999 3
      vertex 4.09813 1.41974 3
    endloop
  endfacet
  facet normal -0.049086 -0.998795 -0
    outer loop
      vertex 4.5 1.39999 3
      vertex 4.09813 1.41974 0
      vertex 4.5 1.39999 0
    endloop
  endfacet
  facet normal 1 -0 0
    outer loop
      vertex 61.6 8.8 3
      vertex 61.6 46.5 0
      vertex 61.6 46.5 3
    endloop
  endfacet
  facet normal 1 0 0
    outer loop
      vertex 61.6 46.5 0
      vertex 61.6 8.8 3
      vertex 61.6 8.8 0
    endloop
  endfacet
  facet normal 0.671583 0.740929 -0
    outer loop
      vertex 60.3991 49.3991 0
      vertex 60.101 49.6693 3
      vertex 60.3991 49.3991 3
    endloop
  endfacet
  facet normal 0.671583 0.740929 0
    outer loop
      vertex 60.101 49.6693 3
      vertex 60.3991 49.3991 0
      vertex 60.101 49.6693 0
    endloop
  endfacet
  facet normal -0.337005 0.941503 0
    outer loop
      vertex 3.30983 50.4235 0
      vertex 2.931 50.2879 3
      vertex 3.30983 50.4235 3
    endloop
  endfacet
  facet normal -0.337005 0.941503 0
    outer loop
      vertex 2.931 50.2879 3
      vertex 3.30983 50.4235 0
      vertex 2.931 50.2879 0
    endloop
  endfacet
  facet normal -0.514192 0.857675 0
    outer loop
      vertex 2.56728 50.1159 0
      vertex 2.22217 49.909 3
      vertex 2.56728 50.1159 3
    endloop
  endfacet
  facet normal -0.514192 0.857675 0
    outer loop
      vertex 2.22217 49.909 3
      vertex 2.56728 50.1159 0
      vertex 2.22217 49.909 0
    endloop
  endfacet
  facet normal -0.048962 0.998801 0
    outer loop
      vertex 4.5 50.6 0
      vertex 4.09813 50.5803 3
      vertex 4.5 50.6 3
    endloop
  endfacet
  facet normal -0.048962 0.998801 0
    outer loop
      vertex 4.09813 50.5803 3
      vertex 4.5 50.6 0
      vertex 4.09813 50.5803 0
    endloop
  endfacet
  facet normal -0.514101 -0.85773 0
    outer loop
      vertex 2.22217 2.09097 0
      vertex 2.56728 1.88412 3
      vertex 2.22217 2.09097 3
    endloop
  endfacet
  facet normal -0.514101 -0.85773 -0
    outer loop
      vertex 2.56728 1.88412 3
      vertex 2.22217 2.09097 0
      vertex 2.56728 1.88412 0
    endloop
  endfacet
  facet normal -0.989177 -0.146726 0
    outer loop
      vertex 0.478774 4.70013 0
      vertex 0.419738 5.09813 3
      vertex 0.419738 5.09813 0
    endloop
  endfacet
  facet normal -0.989177 -0.146726 0
    outer loop
      vertex 0.419738 5.09813 3
      vertex 0.478774 4.70013 0
      vertex 0.478774 4.70013 3
    endloop
  endfacet
  facet normal -0.857734 -0.514094 0
    outer loop
      vertex 1.09097 3.22217 0
      vertex 0.884124 3.56728 3
      vertex 0.884124 3.56728 0
    endloop
  endfacet
  facet normal -0.857734 -0.514094 0
    outer loop
      vertex 0.884124 3.56728 3
      vertex 1.09097 3.22217 0
      vertex 1.09097 3.22217 3
    endloop
  endfacet
  facet normal -0.803204 -0.595705 0
    outer loop
      vertex 1.33066 2.89899 0
      vertex 1.09097 3.22217 3
      vertex 1.09097 3.22217 0
    endloop
  endfacet
  facet normal -0.803204 -0.595705 0
    outer loop
      vertex 1.09097 3.22217 3
      vertex 1.33066 2.89899 0
      vertex 1.33066 2.89899 3
    endloop
  endfacet
  facet normal -0.740963 -0.671546 0
    outer loop
      vertex 1.60086 2.60086 0
      vertex 1.33066 2.89899 3
      vertex 1.33066 2.89899 0
    endloop
  endfacet
  facet normal -0.740963 -0.671546 0
    outer loop
      vertex 1.33066 2.89899 3
      vertex 1.60086 2.60086 0
      vertex 1.60086 2.60086 3
    endloop
  endfacet
  facet normal -0.903979 0.427577 0
    outer loop
      vertex 0.712096 48.069 0
      vertex 0.884124 48.4327 3
      vertex 0.884124 48.4327 0
    endloop
  endfacet
  facet normal -0.903979 0.427577 0
    outer loop
      vertex 0.884124 48.4327 3
      vertex 0.712096 48.069 0
      vertex 0.712096 48.069 3
    endloop
  endfacet
  facet normal -0.941527 0.336939 0
    outer loop
      vertex 0.576537 47.6902 0
      vertex 0.712096 48.069 3
      vertex 0.712096 48.069 0
    endloop
  endfacet
  facet normal -0.941527 0.336939 0
    outer loop
      vertex 0.712096 48.069 3
      vertex 0.576537 47.6902 0
      vertex 0.576537 47.6902 3
    endloop
  endfacet
  facet normal -0.857727 0.514105 0
    outer loop
      vertex 0.884124 48.4327 0
      vertex 1.09097 48.7778 3
      vertex 1.09097 48.7778 0
    endloop
  endfacet
  facet normal -0.857727 0.514105 0
    outer loop
      vertex 1.09097 48.7778 3
      vertex 0.884124 48.4327 0
      vertex 0.884124 48.4327 3
    endloop
  endfacet
  facet normal -0.671546 0.740963 0
    outer loop
      vertex 1.89899 49.6693 0
      vertex 1.60086 49.3991 3
      vertex 1.89899 49.6693 3
    endloop
  endfacet
  facet normal -0.671546 0.740963 0
    outer loop
      vertex 1.60086 49.3991 3
      vertex 1.89899 49.6693 0
      vertex 1.60086 49.3991 0
    endloop
  endfacet
  facet normal -0.146736 -0.989176 0
    outer loop
      vertex 3.70013 1.47878 0
      vertex 4.09813 1.41974 3
      vertex 3.70013 1.47878 3
    endloop
  endfacet
  facet normal -0.146736 -0.989176 -0
    outer loop
      vertex 4.09813 1.41974 3
      vertex 3.70013 1.47878 0
      vertex 4.09813 1.41974 0
    endloop
  endfacet
  facet normal 0.989154 0.146882 0
    outer loop
      vertex 61.5803 46.9019 3
      vertex 61.5212 47.2999 0
      vertex 61.5212 47.2999 3
    endloop
  endfacet
  facet normal 0.989154 0.146882 0
    outer loop
      vertex 61.5212 47.2999 0
      vertex 61.5803 46.9019 3
      vertex 61.5803 46.9019 0
    endloop
  endfacet
  facet normal -0.998795 -0.0490736 0
    outer loop
      vertex 0.419738 5.09813 0
      vertex 0.399993 5.5 3
      vertex 0.399993 5.5 0
    endloop
  endfacet
  facet normal -0.998795 -0.0490736 0
    outer loop
      vertex 0.399993 5.5 3
      vertex 0.419738 5.09813 0
      vertex 0.419738 5.09813 3
    endloop
  endfacet
  facet normal -0.903988 -0.427558 0
    outer loop
      vertex 0.884124 3.56728 0
      vertex 0.712096 3.931 3
      vertex 0.712096 3.931 0
    endloop
  endfacet
  facet normal -0.903988 -0.427558 0
    outer loop
      vertex 0.712096 3.931 3
      vertex 0.884124 3.56728 0
      vertex 0.884124 3.56728 3
    endloop
  endfacet
  facet normal -0.671546 -0.740963 0
    outer loop
      vertex 1.60086 2.60086 0
      vertex 1.89899 2.33066 3
      vertex 1.60086 2.60086 3
    endloop
  endfacet
  facet normal -0.671546 -0.740963 -0
    outer loop
      vertex 1.89899 2.33066 3
      vertex 1.60086 2.60086 0
      vertex 1.89899 2.33066 0
    endloop
  endfacet
  facet normal -0.595705 -0.803204 0
    outer loop
      vertex 1.89899 2.33066 0
      vertex 2.22217 2.09097 3
      vertex 1.89899 2.33066 3
    endloop
  endfacet
  facet normal -0.595705 -0.803204 -0
    outer loop
      vertex 2.22217 2.09097 3
      vertex 1.89899 2.33066 0
      vertex 2.22217 2.09097 0
    endloop
  endfacet
  facet normal -0.427541 -0.903996 0
    outer loop
      vertex 2.56728 1.88412 0
      vertex 2.931 1.7121 3
      vertex 2.56728 1.88412 3
    endloop
  endfacet
  facet normal -0.427541 -0.903996 -0
    outer loop
      vertex 2.931 1.7121 3
      vertex 2.56728 1.88412 0
      vertex 2.931 1.7121 0
    endloop
  endfacet
  facet normal -0.336917 -0.941534 0
    outer loop
      vertex 2.931 1.7121 0
      vertex 3.30983 1.57654 3
      vertex 2.931 1.7121 3
    endloop
  endfacet
  facet normal -0.336917 -0.941534 -0
    outer loop
      vertex 3.30983 1.57654 3
      vertex 2.931 1.7121 0
      vertex 3.30983 1.57654 0
    endloop
  endfacet
  facet normal -0.998795 0.04907 0
    outer loop
      vertex 0.399993 46.5 0
      vertex 0.419738 46.9019 3
      vertex 0.419738 46.9019 0
    endloop
  endfacet
  facet normal -0.998795 0.04907 0
    outer loop
      vertex 0.419738 46.9019 3
      vertex 0.399993 46.5 0
      vertex 0.399993 46.5 3
    endloop
  endfacet
  facet normal 0 0 1
    outer loop
      vertex 61.6 46.5 3
      vertex 59.9748 26.3116 3
      vertex 59.9901 26 3
    endloop
  endfacet
  facet normal 0 0 1
    outer loop
      vertex 61.6 46.5 3
      vertex 59.9747 26.3127 3
      vertex 59.9748 26.3116 3
    endloop
  endfacet
  facet normal 0 0 1
    outer loop
      vertex 61.6 46.5 3
      vertex 59.9289 26.6213 3
      vertex 59.9747 26.3127 3
    endloop
  endfacet
  facet normal 0 0 1
    outer loop
      vertex 61.6 46.5 3
      vertex 59.9288 26.6224 3
      vertex 59.9289 26.6213 3
    endloop
  endfacet
  facet normal 0 0 1
    outer loop
      vertex 61.6 46.5 3
      vertex 59.9285 26.6234 3
      vertex 59.9288 26.6224 3
    endloop
  endfacet
  facet normal 0 0 1
    outer loop
      vertex 61.6 46.5 3
      vertex 59.8527 26.926 3
      vertex 59.9285 26.6234 3
    endloop
  endfacet
  facet normal 0 0 1
    outer loop
      vertex 61.6 46.5 3
      vertex 59.8523 26.9271 3
      vertex 59.8527 26.926 3
    endloop
  endfacet
  facet normal 0 0 1
    outer loop
      vertex 57.5 50.6 3
      vertex 60.101 49.6693 3
      vertex 59.7778 49.909 3
    endloop
  endfacet
  facet normal 0 0 1
    outer loop
      vertex 61.6 46.5 3
      vertex 59.7472 27.2208 3
      vertex 59.8523 26.9271 3
    endloop
  endfacet
  facet normal 0 0 1
    outer loop
      vertex 61.6 46.5 3
      vertex 59.7468 27.2218 3
      vertex 59.7472 27.2208 3
    endloop
  endfacet
  facet normal 0 0 1
    outer loop
      vertex 61.6 46.5 3
      vertex 59.6134 27.5038 3
      vertex 59.7468 27.2218 3
    endloop
  endfacet
  facet normal 0 0 1
    outer loop
      vertex 61.6 46.5 3
      vertex 59.453 27.7714 3
      vertex 59.6134 27.5038 3
    endloop
  endfacet
  facet normal 0 0 1
    outer loop
      vertex 61.6 46.5 3
      vertex 59.4524 27.7723 3
      vertex 59.453 27.7714 3
    endloop
  endfacet
  facet normal 0 0 1
    outer loop
      vertex 61.6 46.5 3
      vertex 59.4518 27.7732 3
      vertex 59.4524 27.7723 3
    endloop
  endfacet
  facet normal 0 0 1
    outer loop
      vertex 57.5 50.6 3
      vertex 59.7778 49.909 3
      vertex 59.4327 50.1159 3
    endloop
  endfacet
  facet normal 0 0 1
    outer loop
      vertex 61.6 46.5 3
      vertex 59.266 28.0238 3
      vertex 59.4518 27.7732 3
    endloop
  endfacet
  facet normal 0 0 1
    outer loop
      vertex 57.5 50.6 3
      vertex 59.4327 50.1159 3
      vertex 59.069 50.2879 3
    endloop
  endfacet
  facet normal 0 0 1
    outer loop
      vertex 61.6 46.5 3
      vertex 59.0565 28.2549 3
      vertex 59.266 28.0238 3
    endloop
  endfacet
  facet normal 0 0 1
    outer loop
      vertex 61.6 46.5 3
      vertex 59.0557 28.2557 3
      vertex 59.0565 28.2549 3
    endloop
  endfacet
  facet normal 0 0 1
    outer loop
      vertex 61.6 46.5 3
      vertex 59.0549 28.2565 3
      vertex 59.0557 28.2557 3
    endloop
  endfacet
  facet normal 0 0 1
    outer loop
      vertex 61.6 46.5 3
      vertex 58.8238 28.466 3
      vertex 59.0549 28.2565 3
    endloop
  endfacet
  facet normal 0 0 1
    outer loop
      vertex 57.5 50.6 3
      vertex 59.069 50.2879 3
      vertex 58.6902 50.4235 3
    endloop
  endfacet
  facet normal 0 0 1
    outer loop
      vertex 61.6 46.5 3
      vertex 58.5732 28.6518 3
      vertex 58.8238 28.466 3
    endloop
  endfacet
  facet normal 0 0 1
    outer loop
      vertex 61.6 46.5 3
      vertex 58.5723 28.6524 3
      vertex 58.5732 28.6518 3
    endloop
  endfacet
  facet normal 0 0 1
    outer loop
      vertex 61.6 46.5 3
      vertex 58.5714 28.653 3
      vertex 58.5723 28.6524 3
    endloop
  endfacet
  facet normal 0 0 1
    outer loop
      vertex 61.6 46.5 3
      vertex 58.3038 28.8134 3
      vertex 58.5714 28.653 3
    endloop
  endfacet
  facet normal 0 0 1
    outer loop
      vertex 57.5 50.6 3
      vertex 58.6902 50.4235 3
      vertex 58.2999 50.5212 3
    endloop
  endfacet
  facet normal 0 0 1
    outer loop
      vertex 61.6 46.5 3
      vertex 58.0218 28.9468 3
      vertex 58.3038 28.8134 3
    endloop
  endfacet
  facet normal 0 0 1
    outer loop
      vertex 61.6 46.5 3
      vertex 58.0208 28.9472 3
      vertex 58.0218 28.9468 3
    endloop
  endfacet
  facet normal 0 0 1
    outer loop
      vertex 57.5 50.6 3
      vertex 58.2999 50.5212 3
      vertex 57.9019 50.5803 3
    endloop
  endfacet
  facet normal 0 -0 1
    outer loop
      vertex 57.4224 29.1288 3
      vertex 61.6 46.5 3
      vertex 51 42.6 3
    endloop
  endfacet
  facet normal 0 0 1
    outer loop
      vertex 61.6 46.5 3
      vertex 57.7271 29.0523 3
      vertex 58.0208 28.9472 3
    endloop
  endfacet
  facet normal 0 0 1
    outer loop
      vertex 61.6 46.5 3
      vertex 57.5 50.6 3
      vertex 51 42.6 3
    endloop
  endfacet
  facet normal 0 0 1
    outer loop
      vertex 61.6 46.5 3
      vertex 57.726 29.0527 3
      vertex 57.7271 29.0523 3
    endloop
  endfacet
  facet normal 0 0 1
    outer loop
      vertex 61.6 46.5 3
      vertex 57.4234 29.1285 3
      vertex 57.726 29.0527 3
    endloop
  endfacet
  facet normal 0 0 1
    outer loop
      vertex 61.6 46.5 3
      vertex 57.4224 29.1288 3
      vertex 57.4234 29.1285 3
    endloop
  endfacet
  facet normal 0 0 1
    outer loop
      vertex 57.4224 29.1288 3
      vertex 51 42.6 3
      vertex 57.4213 29.1289 3
    endloop
  endfacet
  facet normal 0 0 1
    outer loop
      vertex 57.4213 29.1289 3
      vertex 51 42.6 3
      vertex 57.1127 29.1747 3
    endloop
  endfacet
  facet normal 0 0 1
    outer loop
      vertex 57.1127 29.1747 3
      vertex 51 42.6 3
      vertex 57.1116 29.1748 3
    endloop
  endfacet
  facet normal 0 0 1
    outer loop
      vertex 57.1116 29.1748 3
      vertex 51 42.6 3
      vertex 56.8 29.1901 3
    endloop
  endfacet
  facet normal 0 0 1
    outer loop
      vertex 56.8 29.1901 3
      vertex 51 42.6 3
      vertex 56.4884 29.1748 3
    endloop
  endfacet
  facet normal 0 0 1
    outer loop
      vertex 56.4884 29.1748 3
      vertex 51 42.6 3
      vertex 56.4873 29.1747 3
    endloop
  endfacet
  facet normal 0 0 1
    outer loop
      vertex 56.4873 29.1747 3
      vertex 51 42.6 3
      vertex 56.1787 29.1289 3
    endloop
  endfacet
  facet normal 0 0 1
    outer loop
      vertex 56.1787 29.1289 3
      vertex 51 42.6 3
      vertex 56.1777 29.1288 3
    endloop
  endfacet
  facet normal 0 0 1
    outer loop
      vertex 56.1777 29.1288 3
      vertex 51 42.6 3
      vertex 56.1766 29.1285 3
    endloop
  endfacet
  facet normal 0 0 1
    outer loop
      vertex 56.1766 29.1285 3
      vertex 51 42.6 3
      vertex 55.874 29.0527 3
    endloop
  endfacet
  facet normal 0 0 1
    outer loop
      vertex 55.874 29.0527 3
      vertex 51 42.6 3
      vertex 55.8729 29.0523 3
    endloop
  endfacet
  facet normal 0 0 1
    outer loop
      vertex 55.8729 29.0523 3
      vertex 51 42.6 3
      vertex 55.5792 28.9472 3
    endloop
  endfacet
  facet normal 0 0 1
    outer loop
      vertex 55.5792 28.9472 3
      vertex 51 42.6 3
      vertex 55.5782 28.9468 3
    endloop
  endfacet
  facet normal 0 0 1
    outer loop
      vertex 55.5782 28.9468 3
      vertex 51 42.6 3
      vertex 55.2962 28.8134 3
    endloop
  endfacet
  facet normal 0 0 1
    outer loop
      vertex 55.2962 28.8134 3
      vertex 51 42.6 3
      vertex 55.0286 28.653 3
    endloop
  endfacet
  facet normal 0 0 1
    outer loop
      vertex 55.0286 28.653 3
      vertex 51 42.6 3
      vertex 55.0277 28.6524 3
    endloop
  endfacet
  facet normal 0 0 1
    outer loop
      vertex 55.0277 28.6524 3
      vertex 51 42.6 3
      vertex 55.0268 28.6518 3
    endloop
  endfacet
  facet normal 0 0 1
    outer loop
      vertex 55.0268 28.6518 3
      vertex 51 42.6 3
      vertex 54.7762 28.466 3
    endloop
  endfacet
  facet normal 0 0 1
    outer loop
      vertex 54.7762 28.466 3
      vertex 51 42.6 3
      vertex 54.5451 28.2565 3
    endloop
  endfacet
  facet normal 0 0 1
    outer loop
      vertex 54.5451 28.2565 3
      vertex 51 42.6 3
      vertex 54.5443 28.2557 3
    endloop
  endfacet
  facet normal 0 0 1
    outer loop
      vertex 54.5443 28.2557 3
      vertex 51 42.6 3
      vertex 54.5435 28.2549 3
    endloop
  endfacet
  facet normal 0 0 1
    outer loop
      vertex 54.5435 28.2549 3
      vertex 51 42.6 3
      vertex 54.334 28.0238 3
    endloop
  endfacet
  facet normal 0 0 1
    outer loop
      vertex 54.334 28.0238 3
      vertex 51 42.6 3
      vertex 54.1482 27.7732 3
    endloop
  endfacet
  facet normal 0 0 1
    outer loop
      vertex 54.1482 27.7732 3
      vertex 51 42.6 3
      vertex 54.1476 27.7723 3
    endloop
  endfacet
  facet normal 0 0 1
    outer loop
      vertex 54.1476 27.7723 3
      vertex 51 42.6 3
      vertex 54.147 27.7714 3
    endloop
  endfacet
  facet normal 0 0 1
    outer loop
      vertex 54.147 27.7714 3
      vertex 51 42.6 3
      vertex 53.9866 27.5038 3
    endloop
  endfacet
  facet normal 0 0 1
    outer loop
      vertex 53.9866 27.5038 3
      vertex 51 42.6 3
      vertex 53.8532 27.2218 3
    endloop
  endfacet
  facet normal 0 0 1
    outer loop
      vertex 53.8532 27.2218 3
      vertex 51 42.6 3
      vertex 53.8528 27.2208 3
    endloop
  endfacet
  facet normal 0 0 1
    outer loop
      vertex 53.8528 27.2208 3
      vertex 51 42.6 3
      vertex 53.7477 26.9271 3
    endloop
  endfacet
  facet normal 0 0 1
    outer loop
      vertex 53.7477 26.9271 3
      vertex 51 42.6 3
      vertex 53.7473 26.926 3
    endloop
  endfacet
  facet normal 0 0 1
    outer loop
      vertex 53.7473 26.926 3
      vertex 51 42.6 3
      vertex 53.6715 26.6234 3
    endloop
  endfacet
  facet normal 0 0 -1
    outer loop
      vertex 53.6253 26.3127 3
      vertex 53.6099 26 3
      vertex 53.6252 26.3116 3
    endloop
  endfacet
  facet normal 0 0 1
    outer loop
      vertex 53.6253 26.3127 3
      vertex 51 42.6 3
      vertex 53.6099 26 3
    endloop
  endfacet
  facet normal 0 0 1
    outer loop
      vertex 53.6711 26.6213 3
      vertex 51 42.6 3
      vertex 53.6253 26.3127 3
    endloop
  endfacet
  facet normal 0 0 1
    outer loop
      vertex 53.6712 26.6224 3
      vertex 51 42.6 3
      vertex 53.6711 26.6213 3
    endloop
  endfacet
  facet normal 0 0 1
    outer loop
      vertex 53.6715 26.6234 3
      vertex 51 42.6 3
      vertex 53.6712 26.6224 3
    endloop
  endfacet
  facet normal 0 0 1
    outer loop
      vertex 57.5 50.6 3
      vertex 50.4 50.6 3
      vertex 51 42.6 3
    endloop
  endfacet
  facet normal 0 0 0
    outer loop
      vertex 57.5 50.6 3
      vertex 48 50.6 3
      vertex 50.4 50.6 3
    endloop
  endfacet
  facet normal 0 0 1
    outer loop
      vertex 48 50.6 3
      vertex 47.4 42.6 3
      vertex 48 42.6 3
    endloop
  endfacet
  facet normal 0 0 1
    outer loop
      vertex 13.4 1.4 3
      vertex 47.4 42.6 3
      vertex 13.4 50.6 3
    endloop
  endfacet
  facet normal 0 0 1
    outer loop
      vertex 48 50.6 3
      vertex 13.4 50.6 3
      vertex 47.4 42.6 3
    endloop
  endfacet
  facet normal 0 0 0
    outer loop
      vertex 57.5 50.6 3
      vertex 13.4 50.6 3
      vertex 48 50.6 3
    endloop
  endfacet
  facet normal 0 0 0
    outer loop
      vertex 57.5 50.6 3
      vertex 11 50.6 3
      vertex 13.4 50.6 3
    endloop
  endfacet
  facet normal 0 0 1
    outer loop
      vertex 11 50.6 3
      vertex 8.39007 26 3
      vertex 11 1.4 3
    endloop
  endfacet
  facet normal 0 0 1
    outer loop
      vertex 11 50.6 3
      vertex 8.37476 26.3116 3
      vertex 8.39007 26 3
    endloop
  endfacet
  facet normal 0 0 1
    outer loop
      vertex 11 50.6 3
      vertex 8.37471 26.3127 3
      vertex 8.37476 26.3116 3
    endloop
  endfacet
  facet normal 0 0 1
    outer loop
      vertex 11 50.6 3
      vertex 8.32893 26.6213 3
      vertex 8.37471 26.3127 3
    endloop
  endfacet
  facet normal 0 0 1
    outer loop
      vertex 11 50.6 3
      vertex 8.32877 26.6224 3
      vertex 8.32893 26.6213 3
    endloop
  endfacet
  facet normal 0 0 1
    outer loop
      vertex 11 50.6 3
      vertex 8.3285 26.6234 3
      vertex 8.32877 26.6224 3
    endloop
  endfacet
  facet normal 0 0 1
    outer loop
      vertex 11 50.6 3
      vertex 8.2527 26.926 3
      vertex 8.3285 26.6234 3
    endloop
  endfacet
  facet normal 0 0 1
    outer loop
      vertex 11 50.6 3
      vertex 8.25233 26.9271 3
      vertex 8.2527 26.926 3
    endloop
  endfacet
  facet normal 0 0 1
    outer loop
      vertex 11 50.6 3
      vertex 8.14724 27.2208 3
      vertex 8.25233 26.9271 3
    endloop
  endfacet
  facet normal 0 0 1
    outer loop
      vertex 11 50.6 3
      vertex 8.14676 27.2218 3
      vertex 8.14724 27.2208 3
    endloop
  endfacet
  facet normal 0 0 1
    outer loop
      vertex 11 50.6 3
      vertex 8.01339 27.5038 3
      vertex 8.14676 27.2218 3
    endloop
  endfacet
  facet normal 0 0 1
    outer loop
      vertex 11 50.6 3
      vertex 7.85301 27.7714 3
      vertex 8.01339 27.5038 3
    endloop
  endfacet
  facet normal 0 0 1
    outer loop
      vertex 11 50.6 3
      vertex 7.85244 27.7723 3
      vertex 7.85301 27.7714 3
    endloop
  endfacet
  facet normal 0 0 1
    outer loop
      vertex 11 50.6 3
      vertex 7.85179 27.7732 3
      vertex 7.85244 27.7723 3
    endloop
  endfacet
  facet normal 0 0 1
    outer loop
      vertex 11 50.6 3
      vertex 7.66595 28.0238 3
      vertex 7.85179 27.7732 3
    endloop
  endfacet
  facet normal 0 0 1
    outer loop
      vertex 11 50.6 3
      vertex 7.45646 28.2549 3
      vertex 7.66595 28.0238 3
    endloop
  endfacet
  facet normal 0 0 1
    outer loop
      vertex 11 50.6 3
      vertex 7.45572 28.2557 3
      vertex 7.45646 28.2549 3
    endloop
  endfacet
  facet normal 0 0 1
    outer loop
      vertex 11 50.6 3
      vertex 7.4549 28.2565 3
      vertex 7.45572 28.2557 3
    endloop
  endfacet
  facet normal 0 0 1
    outer loop
      vertex 11 50.6 3
      vertex 7.22376 28.466 3
      vertex 7.4549 28.2565 3
    endloop
  endfacet
  facet normal 0 0 1
    outer loop
      vertex 11 50.6 3
      vertex 6.97319 28.6518 3
      vertex 7.22376 28.466 3
    endloop
  endfacet
  facet normal 0 0 1
    outer loop
      vertex 11 50.6 3
      vertex 6.97231 28.6524 3
      vertex 6.97319 28.6518 3
    endloop
  endfacet
  facet normal 0 0 1
    outer loop
      vertex 11 50.6 3
      vertex 6.97136 28.653 3
      vertex 6.97231 28.6524 3
    endloop
  endfacet
  facet normal 0 0 1
    outer loop
      vertex 11 50.6 3
      vertex 6.70379 28.8134 3
      vertex 6.97136 28.653 3
    endloop
  endfacet
  facet normal 0 0 1
    outer loop
      vertex 11 50.6 3
      vertex 6.42178 28.9468 3
      vertex 6.70379 28.8134 3
    endloop
  endfacet
  facet normal 0 0 1
    outer loop
      vertex 11 50.6 3
      vertex 6.42079 28.9472 3
      vertex 6.42178 28.9468 3
    endloop
  endfacet
  facet normal 0 0 1
    outer loop
      vertex 11 50.6 3
      vertex 6.12707 29.0523 3
      vertex 6.42079 28.9472 3
    endloop
  endfacet
  facet normal 0 0 1
    outer loop
      vertex 11 50.6 3
      vertex 6.12603 29.0527 3
      vertex 6.12707 29.0523 3
    endloop
  endfacet
  facet normal -0 0 1
    outer loop
      vertex 0.399993 46.5 3
      vertex 6.12603 29.0527 3
      vertex 11 50.6 3
    endloop
  endfacet
  facet normal 0 0 1
    outer loop
      vertex 6.12603 29.0527 3
      vertex 0.399993 46.5 3
      vertex 5.82342 29.1285 3
    endloop
  endfacet
  facet normal 0 0 1
    outer loop
      vertex 5.82342 29.1285 3
      vertex 0.399993 46.5 3
      vertex 5.82235 29.1288 3
    endloop
  endfacet
  facet normal 0 0 1
    outer loop
      vertex 5.82235 29.1288 3
      vertex 0.399993 46.5 3
      vertex 5.82126 29.1289 3
    endloop
  endfacet
  facet normal 0 0 1
    outer loop
      vertex 5.82126 29.1289 3
      vertex 0.399993 46.5 3
      vertex 5.51268 29.1747 3
    endloop
  endfacet
  facet normal 0 0 1
    outer loop
      vertex 5.51268 29.1747 3
      vertex 0.399993 46.5 3
      vertex 5.51158 29.1748 3
    endloop
  endfacet
  facet normal 0 0 1
    outer loop
      vertex 5.51158 29.1748 3
      vertex 0.399993 46.5 3
      vertex 5.2 29.1901 3
    endloop
  endfacet
  facet normal 0 0 1
    outer loop
      vertex 5.2 29.1901 3
      vertex 0.399993 46.5 3
      vertex 4.88842 29.1748 3
    endloop
  endfacet
  facet normal 0 0 1
    outer loop
      vertex 4.88842 29.1748 3
      vertex 0.399993 46.5 3
      vertex 4.88732 29.1747 3
    endloop
  endfacet
  facet normal 0 0 1
    outer loop
      vertex 4.88732 29.1747 3
      vertex 0.399993 46.5 3
      vertex 4.57874 29.1289 3
    endloop
  endfacet
  facet normal 0 0 1
    outer loop
      vertex 4.57874 29.1289 3
      vertex 0.399993 46.5 3
      vertex 4.57765 29.1288 3
    endloop
  endfacet
  facet normal 0 0 0
    outer loop
      vertex 4.5 50.6 3
      vertex 11 50.6 3
      vertex 57.5 50.6 3
    endloop
  endfacet
  facet normal 0 0 1
    outer loop
      vertex 0.399993 46.5 3
      vertex 11 50.6 3
      vertex 4.5 50.6 3
    endloop
  endfacet
  facet normal 0 0 1
    outer loop
      vertex 4.57765 29.1288 3
      vertex 0.399993 46.5 3
      vertex 4.57658 29.1285 3
    endloop
  endfacet
  facet normal 0 0 1
    outer loop
      vertex 4.57658 29.1285 3
      vertex 0.399993 46.5 3
      vertex 4.27397 29.0527 3
    endloop
  endfacet
  facet normal 0 0 1
    outer loop
      vertex 0.399993 46.5 3
      vertex 4.5 50.6 3
      vertex 4.09813 50.5803 3
    endloop
  endfacet
  facet normal 0 0 1
    outer loop
      vertex 4.27397 29.0527 3
      vertex 0.399993 46.5 3
      vertex 4.27293 29.0523 3
    endloop
  endfacet
  facet normal 0 0 1
    outer loop
      vertex 4.27293 29.0523 3
      vertex 0.399993 46.5 3
      vertex 3.97921 28.9472 3
    endloop
  endfacet
  facet normal 0 0 1
    outer loop
      vertex 0.399993 46.5 3
      vertex 4.09813 50.5803 3
      vertex 3.70013 50.5212 3
    endloop
  endfacet
  facet normal 0 0 1
    outer loop
      vertex 3.97921 28.9472 3
      vertex 0.399993 46.5 3
      vertex 3.97822 28.9468 3
    endloop
  endfacet
  facet normal 0 0 1
    outer loop
      vertex 3.97822 28.9468 3
      vertex 0.399993 46.5 3
      vertex 3.69621 28.8134 3
    endloop
  endfacet
  facet normal 0 0 1
    outer loop
      vertex 3.69621 28.8134 3
      vertex 0.399993 46.5 3
      vertex 3.42864 28.653 3
    endloop
  endfacet
  facet normal 0 0 1
    outer loop
      vertex 3.42864 28.653 3
      vertex 0.399993 46.5 3
      vertex 3.42769 28.6524 3
    endloop
  endfacet
  facet normal 0 0 1
    outer loop
      vertex 0.399993 46.5 3
      vertex 3.70013 50.5212 3
      vertex 3.30983 50.4235 3
    endloop
  endfacet
  facet normal 0 0 1
    outer loop
      vertex 3.42769 28.6524 3
      vertex 0.399993 46.5 3
      vertex 3.42681 28.6518 3
    endloop
  endfacet
  facet normal 0 0 1
    outer loop
      vertex 3.42681 28.6518 3
      vertex 0.399993 46.5 3
      vertex 3.17624 28.466 3
    endloop
  endfacet
  facet normal 0 0 1
    outer loop
      vertex 3.17624 28.466 3
      vertex 0.399993 46.5 3
      vertex 2.9451 28.2565 3
    endloop
  endfacet
  facet normal 0 0 1
    outer loop
      vertex 2.9451 28.2565 3
      vertex 0.399993 46.5 3
      vertex 2.94428 28.2557 3
    endloop
  endfacet
  facet normal 0 0 1
    outer loop
      vertex 0.399993 46.5 3
      vertex 3.30983 50.4235 3
      vertex 2.931 50.2879 3
    endloop
  endfacet
  facet normal 0 0 1
    outer loop
      vertex 2.94428 28.2557 3
      vertex 0.399993 46.5 3
      vertex 2.94354 28.2549 3
    endloop
  endfacet
  facet normal 0 0 1
    outer loop
      vertex 0.399993 46.5 3
      vertex 2.931 50.2879 3
      vertex 2.56728 50.1159 3
    endloop
  endfacet
  facet normal 0 0 1
    outer loop
      vertex 2.94354 28.2549 3
      vertex 0.399993 46.5 3
      vertex 2.73405 28.0238 3
    endloop
  endfacet
  facet normal 0 0 1
    outer loop
      vertex 2.73405 28.0238 3
      vertex 0.399993 46.5 3
      vertex 2.54821 27.7732 3
    endloop
  endfacet
  facet normal 0 0 1
    outer loop
      vertex 2.54821 27.7732 3
      vertex 0.399993 46.5 3
      vertex 2.54756 27.7723 3
    endloop
  endfacet
  facet normal 0 0 1
    outer loop
      vertex 2.54756 27.7723 3
      vertex 0.399993 46.5 3
      vertex 2.54699 27.7714 3
    endloop
  endfacet
  facet normal 0 0 1
    outer loop
      vertex 2.54699 27.7714 3
      vertex 0.399993 46.5 3
      vertex 2.38661 27.5038 3
    endloop
  endfacet
  facet normal 0 0 1
    outer loop
      vertex 2.38661 27.5038 3
      vertex 0.399993 46.5 3
      vertex 2.25324 27.2218 3
    endloop
  endfacet
  facet normal 0 0 1
    outer loop
      vertex 0.399993 46.5 3
      vertex 2.56728 50.1159 3
      vertex 2.22217 49.909 3
    endloop
  endfacet
  facet normal 0 0 1
    outer loop
      vertex 2.25324 27.2218 3
      vertex 0.399993 46.5 3
      vertex 2.25276 27.2208 3
    endloop
  endfacet
  facet normal 0 0 1
    outer loop
      vertex 2.25276 27.2208 3
      vertex 0.399993 46.5 3
      vertex 2.14767 26.9271 3
    endloop
  endfacet
  facet normal 0 0 1
    outer loop
      vertex 2.14767 26.9271 3
      vertex 0.399993 46.5 3
      vertex 2.1473 26.926 3
    endloop
  endfacet
  facet normal 0 0 1
    outer loop
      vertex 2.1473 26.926 3
      vertex 0.399993 46.5 3
      vertex 2.0715 26.6234 3
    endloop
  endfacet
  facet normal 0 0 1
    outer loop
      vertex 2.0715 26.6234 3
      vertex 0.399993 46.5 3
      vertex 2.07123 26.6224 3
    endloop
  endfacet
  facet normal 0 0 1
    outer loop
      vertex 2.07123 26.6224 3
      vertex 0.399993 46.5 3
      vertex 2.07107 26.6213 3
    endloop
  endfacet
  facet normal 0 0 1
    outer loop
      vertex 2.07107 26.6213 3
      vertex 0.399993 46.5 3
      vertex 2.02529 26.3127 3
    endloop
  endfacet
  facet normal 0 0 1
    outer loop
      vertex 2.02529 26.3127 3
      vertex 0.399993 46.5 3
      vertex 2.02524 26.3116 3
    endloop
  endfacet
  facet normal 0 0 1
    outer loop
      vertex 0.399993 46.5 3
      vertex 2.22217 49.909 3
      vertex 1.89899 49.6693 3
    endloop
  endfacet
  facet normal 0 0 1
    outer loop
      vertex 60.101 49.6693 3
      vertex 61.6 46.5 3
      vertex 61.5803 46.9019 3
    endloop
  endfacet
  facet normal 0 0 1
    outer loop
      vertex 60.101 49.6693 3
      vertex 61.5803 46.9019 3
      vertex 61.5212 47.2999 3
    endloop
  endfacet
  facet normal 0 0 1
    outer loop
      vertex 60.101 49.6693 3
      vertex 61.5212 47.2999 3
      vertex 61.4235 47.6902 3
    endloop
  endfacet
  facet normal 0 0 1
    outer loop
      vertex 60.101 49.6693 3
      vertex 61.4235 47.6902 3
      vertex 61.2879 48.069 3
    endloop
  endfacet
  facet normal 0 0 1
    outer loop
      vertex 60.101 49.6693 3
      vertex 61.2879 48.069 3
      vertex 61.1159 48.4327 3
    endloop
  endfacet
  facet normal 0 0 1
    outer loop
      vertex 60.101 49.6693 3
      vertex 61.1159 48.4327 3
      vertex 60.909 48.7778 3
    endloop
  endfacet
  facet normal 0 0 1
    outer loop
      vertex 60.101 49.6693 3
      vertex 60.909 48.7778 3
      vertex 60.6693 49.101 3
    endloop
  endfacet
  facet normal 0 0 1
    outer loop
      vertex 60.101 49.6693 3
      vertex 60.6693 49.101 3
      vertex 60.3991 49.3991 3
    endloop
  endfacet
  facet normal 0 0 1
    outer loop
      vertex 57.5 50.6 3
      vertex 61.6 46.5 3
      vertex 60.101 49.6693 3
    endloop
  endfacet
  facet normal 0 0 1
    outer loop
      vertex 61.6 46.5 3
      vertex 59.9901 26 3
      vertex 61.6 8.8 3
    endloop
  endfacet
  facet normal -0 0 1
    outer loop
      vertex 59.9748 25.6884 3
      vertex 61.6 8.8 3
      vertex 59.9901 26 3
    endloop
  endfacet
  facet normal -0 0 1
    outer loop
      vertex 59.9747 25.6873 3
      vertex 61.6 8.8 3
      vertex 59.9748 25.6884 3
    endloop
  endfacet
  facet normal -0 0 1
    outer loop
      vertex 59.9289 25.3787 3
      vertex 61.6 8.8 3
      vertex 59.9747 25.6873 3
    endloop
  endfacet
  facet normal -0 0 1
    outer loop
      vertex 59.9288 25.3776 3
      vertex 61.6 8.8 3
      vertex 59.9289 25.3787 3
    endloop
  endfacet
  facet normal -0 0 1
    outer loop
      vertex 59.9285 25.3766 3
      vertex 61.6 8.8 3
      vertex 59.9288 25.3776 3
    endloop
  endfacet
  facet normal -0 0 1
    outer loop
      vertex 59.8527 25.074 3
      vertex 61.6 8.8 3
      vertex 59.9285 25.3766 3
    endloop
  endfacet
  facet normal -0 0 1
    outer loop
      vertex 59.8523 25.0729 3
      vertex 61.6 8.8 3
      vertex 59.8527 25.074 3
    endloop
  endfacet
  facet normal -0 0 1
    outer loop
      vertex 59.7472 24.7792 3
      vertex 61.6 8.8 3
      vertex 59.8523 25.0729 3
    endloop
  endfacet
  facet normal -0 0 1
    outer loop
      vertex 59.7468 24.7782 3
      vertex 61.6 8.8 3
      vertex 59.7472 24.7792 3
    endloop
  endfacet
  facet normal -0 0 1
    outer loop
      vertex 59.6134 24.4962 3
      vertex 61.6 8.8 3
      vertex 59.7468 24.7782 3
    endloop
  endfacet
  facet normal -0 0 1
    outer loop
      vertex 59.453 24.2286 3
      vertex 61.6 8.8 3
      vertex 59.6134 24.4962 3
    endloop
  endfacet
  facet normal -0 0 1
    outer loop
      vertex 59.4524 24.2277 3
      vertex 61.6 8.8 3
      vertex 59.453 24.2286 3
    endloop
  endfacet
  facet normal -0 0 1
    outer loop
      vertex 59.4518 24.2268 3
      vertex 61.6 8.8 3
      vertex 59.4524 24.2277 3
    endloop
  endfacet
  facet normal -0 0 1
    outer loop
      vertex 59.266 23.9762 3
      vertex 61.6 8.8 3
      vertex 59.4518 24.2268 3
    endloop
  endfacet
  facet normal -0 0 1
    outer loop
      vertex 59.0565 23.7451 3
      vertex 61.6 8.8 3
      vertex 59.266 23.9762 3
    endloop
  endfacet
  facet normal -0 0 1
    outer loop
      vertex 59.0557 23.7443 3
      vertex 61.6 8.8 3
      vertex 59.0565 23.7451 3
    endloop
  endfacet
  facet normal -0 0 1
    outer loop
      vertex 59.0549 23.7435 3
      vertex 61.6 8.8 3
      vertex 59.0557 23.7443 3
    endloop
  endfacet
  facet normal -0 0 1
    outer loop
      vertex 58.8238 23.534 3
      vertex 61.6 8.8 3
      vertex 59.0549 23.7435 3
    endloop
  endfacet
  facet normal -0 0 1
    outer loop
      vertex 58.5732 23.3482 3
      vertex 61.6 8.8 3
      vertex 58.8238 23.534 3
    endloop
  endfacet
  facet normal -0 0 1
    outer loop
      vertex 58.5723 23.3476 3
      vertex 61.6 8.8 3
      vertex 58.5732 23.3482 3
    endloop
  endfacet
  facet normal -0 0 1
    outer loop
      vertex 58.5714 23.347 3
      vertex 61.6 8.8 3
      vertex 58.5723 23.3476 3
    endloop
  endfacet
  facet normal -0 0 1
    outer loop
      vertex 58.3038 23.1866 3
      vertex 61.6 8.8 3
      vertex 58.5714 23.347 3
    endloop
  endfacet
  facet normal -0 0 1
    outer loop
      vertex 58.0218 23.0532 3
      vertex 61.6 8.8 3
      vertex 58.3038 23.1866 3
    endloop
  endfacet
  facet normal -0 0 1
    outer loop
      vertex 58.0208 23.0528 3
      vertex 61.6 8.8 3
      vertex 58.0218 23.0532 3
    endloop
  endfacet
  facet normal -0 0 1
    outer loop
      vertex 57.7271 22.9477 3
      vertex 61.6 8.8 3
      vertex 58.0208 23.0528 3
    endloop
  endfacet
  facet normal -0 0 1
    outer loop
      vertex 57.726 22.9473 3
      vertex 61.6 8.8 3
      vertex 57.7271 22.9477 3
    endloop
  endfacet
  facet normal -0 0 1
    outer loop
      vertex 57.4234 22.8715 3
      vertex 61.6 8.8 3
      vertex 57.726 22.9473 3
    endloop
  endfacet
  facet normal -0 0 1
    outer loop
      vertex 57.4224 22.8712 3
      vertex 61.6 8.8 3
      vertex 57.4234 22.8715 3
    endloop
  endfacet
  facet normal -0 0 1
    outer loop
      vertex 57.4213 22.8711 3
      vertex 61.6 8.8 3
      vertex 57.4224 22.8712 3
    endloop
  endfacet
  facet normal -0 0 1
    outer loop
      vertex 57.1127 22.8253 3
      vertex 61.6 8.8 3
      vertex 57.4213 22.8711 3
    endloop
  endfacet
  facet normal -0 0 1
    outer loop
      vertex 57.1116 22.8252 3
      vertex 61.6 8.8 3
      vertex 57.1127 22.8253 3
    endloop
  endfacet
  facet normal -0 0 1
    outer loop
      vertex 56.8 22.8099 3
      vertex 61.6 8.8 3
      vertex 57.1116 22.8252 3
    endloop
  endfacet
  facet normal 0 0 1
    outer loop
      vertex 56.4884 22.8252 3
      vertex 61.6 8.8 3
      vertex 56.8 22.8099 3
    endloop
  endfacet
  facet normal 0 0 1
    outer loop
      vertex 51 8.8 3
      vertex 56.4884 22.8252 3
      vertex 56.4873 22.8253 3
    endloop
  endfacet
  facet normal 0 0 1
    outer loop
      vertex 51 8.8 3
      vertex 56.4873 22.8253 3
      vertex 56.1787 22.8711 3
    endloop
  endfacet
  facet normal 0 0 1
    outer loop
      vertex 51 8.8 3
      vertex 56.1787 22.8711 3
      vertex 56.1777 22.8712 3
    endloop
  endfacet
  facet normal 0 0 1
    outer loop
      vertex 51 8.8 3
      vertex 56.1777 22.8712 3
      vertex 56.1766 22.8715 3
    endloop
  endfacet
  facet normal 0 0 1
    outer loop
      vertex 51 8.8 3
      vertex 56.1766 22.8715 3
      vertex 55.874 22.9473 3
    endloop
  endfacet
  facet normal 0 0 1
    outer loop
      vertex 51 8.8 3
      vertex 55.874 22.9473 3
      vertex 55.8729 22.9477 3
    endloop
  endfacet
  facet normal 0 0 1
    outer loop
      vertex 51 8.8 3
      vertex 55.8729 22.9477 3
      vertex 55.5792 23.0528 3
    endloop
  endfacet
  facet normal 0 0 1
    outer loop
      vertex 51 8.8 3
      vertex 55.5792 23.0528 3
      vertex 55.5782 23.0532 3
    endloop
  endfacet
  facet normal 0 0 1
    outer loop
      vertex 51 8.8 3
      vertex 55.5782 23.0532 3
      vertex 55.2962 23.1866 3
    endloop
  endfacet
  facet normal 0 0 1
    outer loop
      vertex 51 8.8 3
      vertex 55.2962 23.1866 3
      vertex 55.0286 23.347 3
    endloop
  endfacet
  facet normal 0 0 1
    outer loop
      vertex 51 8.8 3
      vertex 55.0286 23.347 3
      vertex 55.0277 23.3476 3
    endloop
  endfacet
  facet normal 0 0 1
    outer loop
      vertex 51 8.8 3
      vertex 55.0277 23.3476 3
      vertex 55.0268 23.3482 3
    endloop
  endfacet
  facet normal 0 0 1
    outer loop
      vertex 51 8.8 3
      vertex 55.0268 23.3482 3
      vertex 54.7762 23.534 3
    endloop
  endfacet
  facet normal 0 0 1
    outer loop
      vertex 51 8.8 3
      vertex 54.7762 23.534 3
      vertex 54.5451 23.7435 3
    endloop
  endfacet
  facet normal 0 0 1
    outer loop
      vertex 51 8.8 3
      vertex 54.5451 23.7435 3
      vertex 54.5443 23.7443 3
    endloop
  endfacet
  facet normal 0 0 1
    outer loop
      vertex 51 8.8 3
      vertex 54.5443 23.7443 3
      vertex 54.5435 23.7451 3
    endloop
  endfacet
  facet normal 0 0 1
    outer loop
      vertex 51 8.8 3
      vertex 54.5435 23.7451 3
      vertex 54.334 23.9762 3
    endloop
  endfacet
  facet normal 0 0 1
    outer loop
      vertex 51 8.8 3
      vertex 54.334 23.9762 3
      vertex 54.1482 24.2268 3
    endloop
  endfacet
  facet normal 0 0 1
    outer loop
      vertex 51 8.8 3
      vertex 54.1482 24.2268 3
      vertex 54.1476 24.2277 3
    endloop
  endfacet
  facet normal 0 0 1
    outer loop
      vertex 51 8.8 3
      vertex 54.1476 24.2277 3
      vertex 54.147 24.2286 3
    endloop
  endfacet
  facet normal 0 0 1
    outer loop
      vertex 51 8.8 3
      vertex 54.147 24.2286 3
      vertex 53.9866 24.4962 3
    endloop
  endfacet
  facet normal 0 0 1
    outer loop
      vertex 53.7473 25.074 3
      vertex 53.8528 24.7792 3
      vertex 53.7477 25.0729 3
    endloop
  endfacet
  facet normal 0 0 -1
    outer loop
      vertex 53.6099 26 3
      vertex 53.6253 25.6873 3
      vertex 53.6252 25.6884 3
    endloop
  endfacet
  facet normal 0 0 1
    outer loop
      vertex 51 8.8 3
      vertex 53.6099 26 3
      vertex 51 42.6 3
    endloop
  endfacet
  facet normal 0 0 1
    outer loop
      vertex 53.6099 26 3
      vertex 51 8.8 3
      vertex 53.6253 25.6873 3
    endloop
  endfacet
  facet normal 0 0 1
    outer loop
      vertex 53.6253 25.6873 3
      vertex 51 8.8 3
      vertex 53.6711 25.3787 3
    endloop
  endfacet
  facet normal 0 0 1
    outer loop
      vertex 56.4884 22.8252 3
      vertex 51 8.8 3
      vertex 61.6 8.8 3
    endloop
  endfacet
  facet normal 0 0 1
    outer loop
      vertex 53.8532 24.7782 3
      vertex 51 8.8 3
      vertex 53.9866 24.4962 3
    endloop
  endfacet
  facet normal 0 0 1
    outer loop
      vertex 53.8528 24.7792 3
      vertex 51 8.8 3
      vertex 53.8532 24.7782 3
    endloop
  endfacet
  facet normal 0 0 1
    outer loop
      vertex 53.7473 25.074 3
      vertex 51 8.8 3
      vertex 53.8528 24.7792 3
    endloop
  endfacet
  facet normal 0 0 1
    outer loop
      vertex 53.6715 25.3766 3
      vertex 51 8.8 3
      vertex 53.7473 25.074 3
    endloop
  endfacet
  facet normal 0 0 1
    outer loop
      vertex 53.6712 25.3776 3
      vertex 51 8.8 3
      vertex 53.6715 25.3766 3
    endloop
  endfacet
  facet normal 0 0 1
    outer loop
      vertex 53.6711 25.3787 3
      vertex 51 8.8 3
      vertex 53.6712 25.3776 3
    endloop
  endfacet
  facet normal 0 0 1
    outer loop
      vertex 51 42.6 3
      vertex 50.4 50.6 3
      vertex 50.4 42.6 3
    endloop
  endfacet
  facet normal 0 0 1
    outer loop
      vertex 47.4 42.6 3
      vertex 13.4 1.4 3
      vertex 47.4 1.39999 3
    endloop
  endfacet
  facet normal -0 0 1
    outer loop
      vertex 11 1.4 3
      vertex 47.4 1.39999 3
      vertex 13.4 1.4 3
    endloop
  endfacet
  facet normal -0 0 1
    outer loop
      vertex 8.37476 25.6884 3
      vertex 11 1.4 3
      vertex 8.39007 26 3
    endloop
  endfacet
  facet normal -0 0 1
    outer loop
      vertex 8.37471 25.6873 3
      vertex 11 1.4 3
      vertex 8.37476 25.6884 3
    endloop
  endfacet
  facet normal -0 0 1
    outer loop
      vertex 8.32893 25.3787 3
      vertex 11 1.4 3
      vertex 8.37471 25.6873 3
    endloop
  endfacet
  facet normal -0 0 1
    outer loop
      vertex 8.32877 25.3776 3
      vertex 11 1.4 3
      vertex 8.32893 25.3787 3
    endloop
  endfacet
  facet normal -0 0 1
    outer loop
      vertex 8.3285 25.3766 3
      vertex 11 1.4 3
      vertex 8.32877 25.3776 3
    endloop
  endfacet
  facet normal -0 0 1
    outer loop
      vertex 8.2527 25.074 3
      vertex 11 1.4 3
      vertex 8.3285 25.3766 3
    endloop
  endfacet
  facet normal -0 0 1
    outer loop
      vertex 8.25233 25.0729 3
      vertex 11 1.4 3
      vertex 8.2527 25.074 3
    endloop
  endfacet
  facet normal -0 0 1
    outer loop
      vertex 8.14724 24.7792 3
      vertex 11 1.4 3
      vertex 8.25233 25.0729 3
    endloop
  endfacet
  facet normal -0 0 1
    outer loop
      vertex 8.14676 24.7782 3
      vertex 11 1.4 3
      vertex 8.14724 24.7792 3
    endloop
  endfacet
  facet normal -0 0 1
    outer loop
      vertex 8.01339 24.4962 3
      vertex 11 1.4 3
      vertex 8.14676 24.7782 3
    endloop
  endfacet
  facet normal -0 0 1
    outer loop
      vertex 7.85301 24.2286 3
      vertex 11 1.4 3
      vertex 8.01339 24.4962 3
    endloop
  endfacet
  facet normal -0 0 1
    outer loop
      vertex 7.85244 24.2277 3
      vertex 11 1.4 3
      vertex 7.85301 24.2286 3
    endloop
  endfacet
  facet normal -0 0 1
    outer loop
      vertex 7.85179 24.2268 3
      vertex 11 1.4 3
      vertex 7.85244 24.2277 3
    endloop
  endfacet
  facet normal -0 0 1
    outer loop
      vertex 7.66595 23.9762 3
      vertex 11 1.4 3
      vertex 7.85179 24.2268 3
    endloop
  endfacet
  facet normal -0 0 1
    outer loop
      vertex 7.45646 23.7451 3
      vertex 11 1.4 3
      vertex 7.66595 23.9762 3
    endloop
  endfacet
  facet normal -0 0 1
    outer loop
      vertex 7.45572 23.7443 3
      vertex 11 1.4 3
      vertex 7.45646 23.7451 3
    endloop
  endfacet
  facet normal -0 0 1
    outer loop
      vertex 7.4549 23.7435 3
      vertex 11 1.4 3
      vertex 7.45572 23.7443 3
    endloop
  endfacet
  facet normal -0 0 1
    outer loop
      vertex 7.22376 23.534 3
      vertex 11 1.4 3
      vertex 7.4549 23.7435 3
    endloop
  endfacet
  facet normal -0 0 1
    outer loop
      vertex 6.97319 23.3482 3
      vertex 11 1.4 3
      vertex 7.22376 23.534 3
    endloop
  endfacet
  facet normal -0 0 1
    outer loop
      vertex 6.97231 23.3476 3
      vertex 11 1.4 3
      vertex 6.97319 23.3482 3
    endloop
  endfacet
  facet normal -0 0 1
    outer loop
      vertex 6.97136 23.347 3
      vertex 11 1.4 3
      vertex 6.97231 23.3476 3
    endloop
  endfacet
  facet normal -0 0 1
    outer loop
      vertex 6.70379 23.1866 3
      vertex 11 1.4 3
      vertex 6.97136 23.347 3
    endloop
  endfacet
  facet normal -0 0 1
    outer loop
      vertex 6.42178 23.0532 3
      vertex 11 1.4 3
      vertex 6.70379 23.1866 3
    endloop
  endfacet
  facet normal -0 0 1
    outer loop
      vertex 6.42079 23.0528 3
      vertex 11 1.4 3
      vertex 6.42178 23.0532 3
    endloop
  endfacet
  facet normal -0 0 1
    outer loop
      vertex 6.12707 22.9477 3
      vertex 11 1.4 3
      vertex 6.42079 23.0528 3
    endloop
  endfacet
  facet normal -0 0 1
    outer loop
      vertex 6.12603 22.9473 3
      vertex 11 1.4 3
      vertex 6.12707 22.9477 3
    endloop
  endfacet
  facet normal 0 0 1
    outer loop
      vertex 0.399993 5.5 3
      vertex 6.12603 22.9473 3
      vertex 5.82342 22.8715 3
    endloop
  endfacet
  facet normal 0 0 1
    outer loop
      vertex 0.399993 5.5 3
      vertex 5.82342 22.8715 3
      vertex 5.82235 22.8712 3
    endloop
  endfacet
  facet normal 0 0 1
    outer loop
      vertex 0.399993 5.5 3
      vertex 5.82235 22.8712 3
      vertex 5.82126 22.8711 3
    endloop
  endfacet
  facet normal 0 0 1
    outer loop
      vertex 0.399993 5.5 3
      vertex 5.82126 22.8711 3
      vertex 5.51268 22.8253 3
    endloop
  endfacet
  facet normal 0 0 1
    outer loop
      vertex 0.399993 5.5 3
      vertex 5.51268 22.8253 3
      vertex 5.51158 22.8252 3
    endloop
  endfacet
  facet normal 0 0 1
    outer loop
      vertex 0.399993 5.5 3
      vertex 5.51158 22.8252 3
      vertex 5.2 22.8099 3
    endloop
  endfacet
  facet normal 0 0 1
    outer loop
      vertex 0.399993 5.5 3
      vertex 5.2 22.8099 3
      vertex 4.88842 22.8252 3
    endloop
  endfacet
  facet normal 0 0 1
    outer loop
      vertex 0.399993 5.5 3
      vertex 4.88842 22.8252 3
      vertex 4.88732 22.8253 3
    endloop
  endfacet
  facet normal 0 0 1
    outer loop
      vertex 0.399993 5.5 3
      vertex 4.88732 22.8253 3
      vertex 4.57874 22.8711 3
    endloop
  endfacet
  facet normal 0 0 1
    outer loop
      vertex 0.399993 5.5 3
      vertex 4.57874 22.8711 3
      vertex 4.57765 22.8712 3
    endloop
  endfacet
  facet normal 0 0 1
    outer loop
      vertex 0.399993 5.5 3
      vertex 4.57765 22.8712 3
      vertex 4.57658 22.8715 3
    endloop
  endfacet
  facet normal 0 0 1
    outer loop
      vertex 11 1.4 3
      vertex 4.5 1.39999 3
      vertex 47.4 1.39999 3
    endloop
  endfacet
  facet normal 0 0 1
    outer loop
      vertex 6.12603 22.9473 3
      vertex 0.399993 5.5 3
      vertex 11 1.4 3
    endloop
  endfacet
  facet normal 0 0 1
    outer loop
      vertex 0.399993 5.5 3
      vertex 4.57658 22.8715 3
      vertex 4.27397 22.9473 3
    endloop
  endfacet
  facet normal 0 0 1
    outer loop
      vertex 0.399993 5.5 3
      vertex 4.27397 22.9473 3
      vertex 4.27293 22.9477 3
    endloop
  endfacet
  facet normal 0 0 1
    outer loop
      vertex 11 1.4 3
      vertex 0.399993 5.5 3
      vertex 4.5 1.39999 3
    endloop
  endfacet
  facet normal 0 0 1
    outer loop
      vertex 0.399993 5.5 3
      vertex 4.27293 22.9477 3
      vertex 3.97921 23.0528 3
    endloop
  endfacet
  facet normal 0 0 1
    outer loop
      vertex 0.399993 5.5 3
      vertex 3.97921 23.0528 3
      vertex 3.97822 23.0532 3
    endloop
  endfacet
  facet normal 0 0 1
    outer loop
      vertex 4.5 1.39999 3
      vertex 0.399993 5.5 3
      vertex 4.09813 1.41974 3
    endloop
  endfacet
  facet normal 0 0 1
    outer loop
      vertex 0.399993 5.5 3
      vertex 3.97822 23.0532 3
      vertex 3.69621 23.1866 3
    endloop
  endfacet
  facet normal 0 0 1
    outer loop
      vertex 0.399993 5.5 3
      vertex 3.69621 23.1866 3
      vertex 3.42864 23.347 3
    endloop
  endfacet
  facet normal 0 0 1
    outer loop
      vertex 0.399993 5.5 3
      vertex 3.42864 23.347 3
      vertex 3.42769 23.3476 3
    endloop
  endfacet
  facet normal 0 0 1
    outer loop
      vertex 0.399993 5.5 3
      vertex 3.42769 23.3476 3
      vertex 3.42681 23.3482 3
    endloop
  endfacet
  facet normal 0 0 1
    outer loop
      vertex 4.09813 1.41974 3
      vertex 0.399993 5.5 3
      vertex 3.70013 1.47878 3
    endloop
  endfacet
  facet normal 0 0 1
    outer loop
      vertex 0.399993 5.5 3
      vertex 3.42681 23.3482 3
      vertex 3.17624 23.534 3
    endloop
  endfacet
  facet normal 0 0 1
    outer loop
      vertex 0.399993 5.5 3
      vertex 3.17624 23.534 3
      vertex 2.9451 23.7435 3
    endloop
  endfacet
  facet normal 0 0 1
    outer loop
      vertex 0.399993 5.5 3
      vertex 2.9451 23.7435 3
      vertex 2.94428 23.7443 3
    endloop
  endfacet
  facet normal 0 0 1
    outer loop
      vertex 0.399993 5.5 3
      vertex 2.94428 23.7443 3
      vertex 2.94354 23.7451 3
    endloop
  endfacet
  facet normal 0 0 1
    outer loop
      vertex 3.70013 1.47878 3
      vertex 0.399993 5.5 3
      vertex 3.30983 1.57654 3
    endloop
  endfacet
  facet normal 0 0 1
    outer loop
      vertex 0.399993 5.5 3
      vertex 2.94354 23.7451 3
      vertex 2.73405 23.9762 3
    endloop
  endfacet
  facet normal 0 0 1
    outer loop
      vertex 3.30983 1.57654 3
      vertex 0.399993 5.5 3
      vertex 2.931 1.7121 3
    endloop
  endfacet
  facet normal 0 0 1
    outer loop
      vertex 0.399993 5.5 3
      vertex 2.73405 23.9762 3
      vertex 2.54821 24.2268 3
    endloop
  endfacet
  facet normal 0 0 1
    outer loop
      vertex 0.399993 5.5 3
      vertex 2.54821 24.2268 3
      vertex 2.54756 24.2277 3
    endloop
  endfacet
  facet normal 0 0 1
    outer loop
      vertex 0.399993 5.5 3
      vertex 2.54756 24.2277 3
      vertex 2.54699 24.2286 3
    endloop
  endfacet
  facet normal 0 0 1
    outer loop
      vertex 0.399993 5.5 3
      vertex 2.54699 24.2286 3
      vertex 2.38661 24.4962 3
    endloop
  endfacet
  facet normal 0 0 1
    outer loop
      vertex 0.399993 5.5 3
      vertex 2.38661 24.4962 3
      vertex 2.25324 24.7782 3
    endloop
  endfacet
  facet normal 0 0 1
    outer loop
      vertex 0.399993 5.5 3
      vertex 2.25324 24.7782 3
      vertex 2.25276 24.7792 3
    endloop
  endfacet
  facet normal 0 0 1
    outer loop
      vertex 2.931 1.7121 3
      vertex 0.399993 5.5 3
      vertex 2.56728 1.88412 3
    endloop
  endfacet
  facet normal 0 0 1
    outer loop
      vertex 0.399993 5.5 3
      vertex 2.25276 24.7792 3
      vertex 2.14767 25.0729 3
    endloop
  endfacet
  facet normal 0 0 1
    outer loop
      vertex 0.399993 5.5 3
      vertex 2.14767 25.0729 3
      vertex 2.1473 25.074 3
    endloop
  endfacet
  facet normal 0 0 1
    outer loop
      vertex 0.399993 5.5 3
      vertex 2.1473 25.074 3
      vertex 2.0715 25.3766 3
    endloop
  endfacet
  facet normal 0 0 1
    outer loop
      vertex 0.399993 5.5 3
      vertex 2.0715 25.3766 3
      vertex 2.07123 25.3776 3
    endloop
  endfacet
  facet normal 0 0 1
    outer loop
      vertex 0.399993 5.5 3
      vertex 2.07123 25.3776 3
      vertex 2.07107 25.3787 3
    endloop
  endfacet
  facet normal 0 0 1
    outer loop
      vertex 0.399993 5.5 3
      vertex 2.07107 25.3787 3
      vertex 2.02529 25.6873 3
    endloop
  endfacet
  facet normal 0 0 1
    outer loop
      vertex 0.399993 5.5 3
      vertex 2.02529 25.6873 3
      vertex 2.02524 25.6884 3
    endloop
  endfacet
  facet normal 0 0 1
    outer loop
      vertex 0.399993 5.5 3
      vertex 2.02524 25.6884 3
      vertex 2.00993 26 3
    endloop
  endfacet
  facet normal 0 0 1
    outer loop
      vertex 2.56728 1.88412 3
      vertex 0.399993 5.5 3
      vertex 2.22217 2.09097 3
    endloop
  endfacet
  facet normal 0 0 1
    outer loop
      vertex 2.02524 26.3116 3
      vertex 0.399993 46.5 3
      vertex 2.00993 26 3
    endloop
  endfacet
  facet normal 0 0 1
    outer loop
      vertex 0.399993 46.5 3
      vertex 1.89899 49.6693 3
      vertex 1.60086 49.3991 3
    endloop
  endfacet
  facet normal 0 0 1
    outer loop
      vertex 0.399993 5.5 3
      vertex 2.00993 26 3
      vertex 0.399993 46.5 3
    endloop
  endfacet
  facet normal 0 0 1
    outer loop
      vertex 0.399993 46.5 3
      vertex 1.60086 49.3991 3
      vertex 1.33066 49.101 3
    endloop
  endfacet
  facet normal 0 0 1
    outer loop
      vertex 2.22217 2.09097 3
      vertex 0.399993 5.5 3
      vertex 1.89899 2.33066 3
    endloop
  endfacet
  facet normal 0 0 1
    outer loop
      vertex 0.399993 46.5 3
      vertex 1.33066 49.101 3
      vertex 1.09097 48.7778 3
    endloop
  endfacet
  facet normal 0 0 1
    outer loop
      vertex 1.89899 2.33066 3
      vertex 0.399993 5.5 3
      vertex 1.60086 2.60086 3
    endloop
  endfacet
  facet normal 0 0 1
    outer loop
      vertex 0.399993 46.5 3
      vertex 1.09097 48.7778 3
      vertex 0.884124 48.4327 3
    endloop
  endfacet
  facet normal 0 0 1
    outer loop
      vertex 1.60086 2.60086 3
      vertex 0.399993 5.5 3
      vertex 1.33066 2.89899 3
    endloop
  endfacet
  facet normal 0 0 1
    outer loop
      vertex 0.399993 46.5 3
      vertex 0.884124 48.4327 3
      vertex 0.712096 48.069 3
    endloop
  endfacet
  facet normal 0 0 1
    outer loop
      vertex 1.33066 2.89899 3
      vertex 0.399993 5.5 3
      vertex 1.09097 3.22217 3
    endloop
  endfacet
  facet normal 0 0 1
    outer loop
      vertex 0.399993 46.5 3
      vertex 0.712096 48.069 3
      vertex 0.576537 47.6902 3
    endloop
  endfacet
  facet normal 0 0 1
    outer loop
      vertex 1.09097 3.22217 3
      vertex 0.399993 5.5 3
      vertex 0.884124 3.56728 3
    endloop
  endfacet
  facet normal 0 0 1
    outer loop
      vertex 0.399993 46.5 3
      vertex 0.576537 47.6902 3
      vertex 0.478774 47.2999 3
    endloop
  endfacet
  facet normal 0 0 1
    outer loop
      vertex 0.884124 3.56728 3
      vertex 0.399993 5.5 3
      vertex 0.712096 3.931 3
    endloop
  endfacet
  facet normal 0 0 1
    outer loop
      vertex 0.399993 46.5 3
      vertex 0.478774 47.2999 3
      vertex 0.419738 46.9019 3
    endloop
  endfacet
  facet normal 0 0 1
    outer loop
      vertex 0.712096 3.931 3
      vertex 0.399993 5.5 3
      vertex 0.576537 4.30983 3
    endloop
  endfacet
  facet normal 0 0 1
    outer loop
      vertex 0.576537 4.30983 3
      vertex 0.399993 5.5 3
      vertex 0.478774 4.70013 3
    endloop
  endfacet
  facet normal 0 0 1
    outer loop
      vertex 0.478774 4.70013 3
      vertex 0.399993 5.5 3
      vertex 0.419738 5.09813 3
    endloop
  endfacet
  facet normal -0.970032 0.242975 0
    outer loop
      vertex 0.478774 47.2999 0
      vertex 0.576537 47.6902 3
      vertex 0.576537 47.6902 0
    endloop
  endfacet
  facet normal -0.970032 0.242975 0
    outer loop
      vertex 0.576537 47.6902 3
      vertex 0.478774 47.2999 0
      vertex 0.478774 47.2999 3
    endloop
  endfacet
  facet normal -0.803221 0.595681 0
    outer loop
      vertex 1.09097 48.7778 0
      vertex 1.33066 49.101 3
      vertex 1.33066 49.101 0
    endloop
  endfacet
  facet normal -0.803221 0.595681 0
    outer loop
      vertex 1.33066 49.101 3
      vertex 1.09097 48.7778 0
      vertex 1.09097 48.7778 3
    endloop
  endfacet
  facet normal 0.970069 0.242828 0
    outer loop
      vertex 61.5212 47.2999 3
      vertex 61.4235 47.6902 0
      vertex 61.4235 47.6902 3
    endloop
  endfacet
  facet normal 0.970069 0.242828 0
    outer loop
      vertex 61.4235 47.6902 0
      vertex 61.5212 47.2999 3
      vertex 61.5212 47.2999 0
    endloop
  endfacet
  facet normal 0.904006 0.42752 0
    outer loop
      vertex 61.2879 48.069 3
      vertex 61.1159 48.4327 0
      vertex 61.1159 48.4327 3
    endloop
  endfacet
  facet normal 0.904006 0.42752 0
    outer loop
      vertex 61.1159 48.4327 0
      vertex 61.2879 48.069 3
      vertex 61.2879 48.069 0
    endloop
  endfacet
  facet normal 0.803209 0.595697 0
    outer loop
      vertex 60.909 48.7778 3
      vertex 60.6693 49.101 0
      vertex 60.6693 49.101 3
    endloop
  endfacet
  facet normal 0.803209 0.595697 0
    outer loop
      vertex 60.6693 49.101 0
      vertex 60.909 48.7778 3
      vertex 60.909 48.7778 0
    endloop
  endfacet
  facet normal 0.857668 0.514203 0
    outer loop
      vertex 61.1159 48.4327 3
      vertex 60.909 48.7778 0
      vertex 60.909 48.7778 3
    endloop
  endfacet
  facet normal 0.857668 0.514203 0
    outer loop
      vertex 60.909 48.7778 0
      vertex 61.1159 48.4327 3
      vertex 61.1159 48.4327 0
    endloop
  endfacet
  facet normal -0.989177 0.146726 0
    outer loop
      vertex 0.419738 46.9019 0
      vertex 0.478774 47.2999 3
      vertex 0.478774 47.2999 0
    endloop
  endfacet
  facet normal -0.989177 0.146726 0
    outer loop
      vertex 0.478774 47.2999 3
      vertex 0.419738 46.9019 0
      vertex 0.419738 46.9019 3
    endloop
  endfacet
  facet normal 0.941494 0.337029 0
    outer loop
      vertex 61.4235 47.6902 3
      vertex 61.2879 48.069 0
      vertex 61.2879 48.069 3
    endloop
  endfacet
  facet normal 0.941494 0.337029 0
    outer loop
      vertex 61.2879 48.069 0
      vertex 61.4235 47.6902 3
      vertex 61.4235 47.6902 0
    endloop
  endfacet
  facet normal 0.740929 0.671583 0
    outer loop
      vertex 60.6693 49.101 3
      vertex 60.3991 49.3991 0
      vertex 60.3991 49.3991 3
    endloop
  endfacet
  facet normal 0.740929 0.671583 0
    outer loop
      vertex 60.3991 49.3991 0
      vertex 60.6693 49.101 3
      vertex 60.6693 49.101 0
    endloop
  endfacet
  facet normal 0.514203 0.857668 -0
    outer loop
      vertex 59.7778 49.909 0
      vertex 59.4327 50.1159 3
      vertex 59.7778 49.909 3
    endloop
  endfacet
  facet normal 0.514203 0.857668 0
    outer loop
      vertex 59.4327 50.1159 3
      vertex 59.7778 49.909 0
      vertex 59.4327 50.1159 0
    endloop
  endfacet
  facet normal 1 -0 0
    outer loop
      vertex 47.4 1.39999 3
      vertex 47.4 42.6 0
      vertex 47.4 42.6 3
    endloop
  endfacet
  facet normal 1 0 0
    outer loop
      vertex 47.4 42.6 0
      vertex 47.4 1.39999 3
      vertex 47.4 1.39999 0
    endloop
  endfacet
  facet normal -1 0 0
    outer loop
      vertex 51 8.8 0
      vertex 51 42.6 3
      vertex 51 42.6 0
    endloop
  endfacet
  facet normal -1 -0 0
    outer loop
      vertex 51 42.6 3
      vertex 51 8.8 0
      vertex 51 8.8 3
    endloop
  endfacet
  facet normal 0 -1 0
    outer loop
      vertex 47.4 42.6 0
      vertex 48 42.6 3
      vertex 47.4 42.6 3
    endloop
  endfacet
  facet normal 0 -1 -0
    outer loop
      vertex 48 42.6 3
      vertex 47.4 42.6 0
      vertex 48 42.6 0
    endloop
  endfacet
  facet normal 0 -1 0
    outer loop
      vertex 50.4 42.6 0
      vertex 51 42.6 3
      vertex 50.4 42.6 3
    endloop
  endfacet
  facet normal 0 -1 -0
    outer loop
      vertex 51 42.6 3
      vertex 50.4 42.6 0
      vertex 51 42.6 0
    endloop
  endfacet
  facet normal 0 -1 0
    outer loop
      vertex 51 8.8 0
      vertex 61.6 8.8 3
      vertex 51 8.8 3
    endloop
  endfacet
  facet normal 0 -1 -0
    outer loop
      vertex 61.6 8.8 3
      vertex 51 8.8 0
      vertex 61.6 8.8 0
    endloop
  endfacet
  facet normal 0 -1 0
    outer loop
      vertex 13.4 1.4 4.2
      vertex 13.4 1.4 6.7
      vertex 11 1.4 6.7
    endloop
  endfacet
  facet normal 0 -1 0
    outer loop
      vertex 14.4 1.4 4.2
      vertex 13.4 1.4 6.7
      vertex 13.4 1.4 4.2
    endloop
  endfacet
  facet normal 0 -1 0
    outer loop
      vertex 11 1.4 3
      vertex 13.4 1.4 4.2
      vertex 11 1.4 6.7
    endloop
  endfacet
  facet normal 0 -1 -0
    outer loop
      vertex 13.4 1.4 4.2
      vertex 11 1.4 3
      vertex 13.4 1.4 3
    endloop
  endfacet
  facet normal 0 -1 0
    outer loop
      vertex 13.4 1.4 6.7
      vertex 14.4 1.4 4.2
      vertex 15.4 1.4 5.2
    endloop
  endfacet
  facet normal 0 1 -0
    outer loop
      vertex 14.4 50.6 4.2
      vertex 13.4 50.6 6.7
      vertex 15.4 50.6 5.2
    endloop
  endfacet
  facet normal 0 1 0
    outer loop
      vertex 13.4 50.6 6.7
      vertex 14.4 50.6 4.2
      vertex 13.4 50.6 4.2
    endloop
  endfacet
  facet normal 0 1 0
    outer loop
      vertex 13.4 50.6 6.7
      vertex 13.4 50.6 4.2
      vertex 11 50.6 6.7
    endloop
  endfacet
  facet normal 0 1 0
    outer loop
      vertex 11 50.6 3
      vertex 13.4 50.6 4.2
      vertex 13.4 50.6 3
    endloop
  endfacet
  facet normal 0 1 0
    outer loop
      vertex 13.4 50.6 4.2
      vertex 11 50.6 3
      vertex 11 50.6 6.7
    endloop
  endfacet
  facet normal 0.707107 0 -0.707107
    outer loop
      vertex 15.4 1.4 5.2
      vertex 14.4 50.6 4.2
      vertex 15.4 50.6 5.2
    endloop
  endfacet
  facet normal 0.707107 0 -0.707107
    outer loop
      vertex 14.4 50.6 4.2
      vertex 15.4 1.4 5.2
      vertex 14.4 1.4 4.2
    endloop
  endfacet
  facet normal 0 0 -1
    outer loop
      vertex 13.4 1.4 4.2
      vertex 14.4 50.6 4.2
      vertex 14.4 1.4 4.2
    endloop
  endfacet
  facet normal -0 0 -1
    outer loop
      vertex 14.4 50.6 4.2
      vertex 13.4 1.4 4.2
      vertex 13.4 50.6 4.2
    endloop
  endfacet
  facet normal 1 -0 0
    outer loop
      vertex 13.4 1.4 4.2
      vertex 13.4 50.6 3
      vertex 13.4 50.6 4.2
    endloop
  endfacet
  facet normal 1 0 0
    outer loop
      vertex 13.4 50.6 3
      vertex 13.4 1.4 4.2
      vertex 13.4 1.4 3
    endloop
  endfacet
  facet normal -1 0 0
    outer loop
      vertex 11 1.4 3
      vertex 11 50.6 6.7
      vertex 11 50.6 3
    endloop
  endfacet
  facet normal -1 -0 0
    outer loop
      vertex 11 50.6 6.7
      vertex 11 1.4 3
      vertex 11 1.4 6.7
    endloop
  endfacet
  facet normal -0 0 1
    outer loop
      vertex 11 50.6 6.7
      vertex 13.4 1.4 6.7
      vertex 13.4 50.6 6.7
    endloop
  endfacet
  facet normal 0 0 1
    outer loop
      vertex 13.4 1.4 6.7
      vertex 11 50.6 6.7
      vertex 11 1.4 6.7
    endloop
  endfacet
  facet normal 0.6 0 0.8
    outer loop
      vertex 13.4 50.6 6.7
      vertex 15.4 1.4 5.2
      vertex 15.4 50.6 5.2
    endloop
  endfacet
  facet normal 0.6 0 0.8
    outer loop
      vertex 15.4 1.4 5.2
      vertex 13.4 50.6 6.7
      vertex 13.4 1.4 6.7
    endloop
  endfacet
  facet normal 0 -1 0
    outer loop
      vertex 47 1.4 4.2
      vertex 48 1.4 6.7
      vertex 46 1.4 5.2
    endloop
  endfacet
  facet normal 0 -1 -0
    outer loop
      vertex 48 1.4 6.7
      vertex 47 1.4 4.2
      vertex 48 1.4 4.2
    endloop
  endfacet
  facet normal 0 -1 0
    outer loop
      vertex 48 1.4 6.7
      vertex 48 1.4 4.2
      vertex 50.4 1.4 6.7
    endloop
  endfacet
  facet normal 0 -1 0
    outer loop
      vertex 48 1.4 4.2
      vertex 50.4 1.4 3
      vertex 50.4 1.4 6.7
    endloop
  endfacet
  facet normal 0 -1 0
    outer loop
      vertex 48 1.4 0
      vertex 50.4 1.4 3
      vertex 48 1.4 4.2
    endloop
  endfacet
  facet normal 0 -1 0
    outer loop
      vertex 57.39 1.4 0
      vertex 50.4 1.4 3
      vertex 48 1.4 0
    endloop
  endfacet
  facet normal 0 -1 0
    outer loop
      vertex 50.4 1.4 3
      vertex 57.39 1.4 0
      vertex 57.39 1.4 3
    endloop
  endfacet
  facet normal 0 1 0
    outer loop
      vertex 48 50.6 4.2
      vertex 48 50.6 6.7
      vertex 50.4 50.6 6.7
    endloop
  endfacet
  facet normal 0 1 0
    outer loop
      vertex 47 50.6 4.2
      vertex 48 50.6 6.7
      vertex 48 50.6 4.2
    endloop
  endfacet
  facet normal 0 1 -0
    outer loop
      vertex 50.4 50.6 3
      vertex 48 50.6 4.2
      vertex 50.4 50.6 6.7
    endloop
  endfacet
  facet normal 0 1 0
    outer loop
      vertex 48 50.6 4.2
      vertex 50.4 50.6 3
      vertex 48 50.6 3
    endloop
  endfacet
  facet normal 0 1 0
    outer loop
      vertex 48 50.6 6.7
      vertex 47 50.6 4.2
      vertex 46 50.6 5.2
    endloop
  endfacet
  facet normal -1 0 0
    outer loop
      vertex 48 42.6 0
      vertex 48 1.4 0
      vertex 48 42.6 3
    endloop
  endfacet
  facet normal -1 0 0
    outer loop
      vertex 48 42.6 3
      vertex 48 50.6 4.2
      vertex 48 50.6 3
    endloop
  endfacet
  facet normal -1 0 0
    outer loop
      vertex 48 1.4 4.2
      vertex 48 42.6 3
      vertex 48 1.4 0
    endloop
  endfacet
  facet normal -1 0 0
    outer loop
      vertex 48 42.6 3
      vertex 48 1.4 4.2
      vertex 48 50.6 4.2
    endloop
  endfacet
  facet normal 0 0 -1
    outer loop
      vertex 47 1.4 4.2
      vertex 48 50.6 4.2
      vertex 48 1.4 4.2
    endloop
  endfacet
  facet normal -0 0 -1
    outer loop
      vertex 48 50.6 4.2
      vertex 47 1.4 4.2
      vertex 47 50.6 4.2
    endloop
  endfacet
  facet normal -0.707107 0 -0.707107
    outer loop
      vertex 47 1.4 4.2
      vertex 46 50.6 5.2
      vertex 47 50.6 4.2
    endloop
  endfacet
  facet normal -0.707107 -0 -0.707107
    outer loop
      vertex 46 50.6 5.2
      vertex 47 1.4 4.2
      vertex 46 1.4 5.2
    endloop
  endfacet
  facet normal -0.6 0 0.8
    outer loop
      vertex 46 50.6 5.2
      vertex 48 1.4 6.7
      vertex 48 50.6 6.7
    endloop
  endfacet
  facet normal -0.6 0 0.8
    outer loop
      vertex 48 1.4 6.7
      vertex 46 50.6 5.2
      vertex 46 1.4 5.2
    endloop
  endfacet
  facet normal -0 0 1
    outer loop
      vertex 48 50.6 6.7
      vertex 50.4 1.4 6.7
      vertex 50.4 50.6 6.7
    endloop
  endfacet
  facet normal 0 0 1
    outer loop
      vertex 50.4 1.4 6.7
      vertex 48 50.6 6.7
      vertex 48 1.4 6.7
    endloop
  endfacet
  facet normal 1 0 0
    outer loop
      vertex 50.4 50.6 6.7
      vertex 50.4 42.6 3
      vertex 50.4 50.6 3
    endloop
  endfacet
  facet normal 1 0 0
    outer loop
      vertex 50.4 42.6 3
      vertex 50.4 7.4 3
      vertex 50.4 42.6 0
    endloop
  endfacet
  facet normal 1 -0 0
    outer loop
      vertex 50.4 1.4 6.7
      vertex 50.4 42.6 3
      vertex 50.4 50.6 6.7
    endloop
  endfacet
  facet normal 1 0 0
    outer loop
      vertex 50.4 42.6 3
      vertex 50.4 1.4 6.7
      vertex 50.4 7.4 3
    endloop
  endfacet
  facet normal 1 0 0
    outer loop
      vertex 50.4 7.4 3
      vertex 50.4 1.4 6.7
      vertex 50.4 1.4 3
    endloop
  endfacet
  facet normal 1 0 0
    outer loop
      vertex 50.4 42.6 0
      vertex 50.4 7.4 3
      vertex 50.4 7.4 0
    endloop
  endfacet
  facet normal 1 -0 0
    outer loop
      vertex 57.39 1.4 3
      vertex 57.39 7.4 0
      vertex 57.39 7.4 3
    endloop
  endfacet
  facet normal 1 0 0
    outer loop
      vertex 57.39 7.4 0
      vertex 57.39 1.4 3
      vertex 57.39 1.4 0
    endloop
  endfacet
  facet normal -0 0 1
    outer loop
      vertex 50.4 7.4 3
      vertex 57.39 1.4 3
      vertex 57.39 7.4 3
    endloop
  endfacet
  facet normal 0 0 1
    outer loop
      vertex 57.39 1.4 3
      vertex 50.4 7.4 3
      vertex 50.4 1.4 3
    endloop
  endfacet
  facet normal 0 1 -0
    outer loop
      vertex 57.39 7.4 0
      vertex 50.4 7.4 3
      vertex 57.39 7.4 3
    endloop
  endfacet
  facet normal 0 1 0
    outer loop
      vertex 50.4 7.4 3
      vertex 57.39 7.4 0
      vertex 50.4 7.4 0
    endloop
  endfacet
  facet normal -0.97003 0.242987 0
    outer loop
      vertex 6.8268 25.5065 0
      vertex 6.86733 25.6683 1.5
      vertex 6.86733 25.6683 0
    endloop
  endfacet
  facet normal -0.97003 0.242987 0
    outer loop
      vertex 6.86733 25.6683 1.5
      vertex 6.8268 25.5065 0
      vertex 6.8268 25.5065 1.5
    endloop
  endfacet
  facet normal -0.998794 0.0491004 0
    outer loop
      vertex 6.89181 25.8334 0
      vertex 6.9 26 1.5
      vertex 6.9 26 0
    endloop
  endfacet
  facet normal -0.998794 0.0491004 0
    outer loop
      vertex 6.9 26 1.5
      vertex 6.89181 25.8334 0
      vertex 6.89181 25.8334 1.5
    endloop
  endfacet
  facet normal 0.998794 0.0491004 0
    outer loop
      vertex 3.50819 25.8334 1.5
      vertex 3.5 26 0
      vertex 3.5 26 1.5
    endloop
  endfacet
  facet normal 0.998794 0.0491004 0
    outer loop
      vertex 3.5 26 0
      vertex 3.50819 25.8334 1.5
      vertex 3.50819 25.8334 0
    endloop
  endfacet
  facet normal -0.0491513 0.998791 0
    outer loop
      vertex 5.36663 24.3082 0
      vertex 5.2 24.3 1.5
      vertex 5.36663 24.3082 1.5
    endloop
  endfacet
  facet normal -0.0491513 0.998791 0
    outer loop
      vertex 5.2 24.3 1.5
      vertex 5.36663 24.3082 0
      vertex 5.2 24.3 0
    endloop
  endfacet
  facet normal -0.671448 0.741051 0
    outer loop
      vertex 6.40208 24.7979 0
      vertex 6.27847 24.6859 1.5
      vertex 6.40208 24.7979 1.5
    endloop
  endfacet
  facet normal -0.671448 0.741051 0
    outer loop
      vertex 6.27847 24.6859 1.5
      vertex 6.40208 24.7979 0
      vertex 6.27847 24.6859 0
    endloop
  endfacet
  facet normal 0.671448 0.741051 -0
    outer loop
      vertex 4.12153 24.6859 0
      vertex 3.99792 24.7979 1.5
      vertex 4.12153 24.6859 1.5
    endloop
  endfacet
  facet normal 0.671448 0.741051 0
    outer loop
      vertex 3.99792 24.7979 1.5
      vertex 4.12153 24.6859 0
      vertex 3.99792 24.7979 0
    endloop
  endfacet
  facet normal 0.336868 0.941552 -0
    outer loop
      vertex 4.70652 24.3732 0
      vertex 4.54944 24.4294 1.5
      vertex 4.70652 24.3732 1.5
    endloop
  endfacet
  facet normal 0.336868 0.941552 0
    outer loop
      vertex 4.54944 24.4294 1.5
      vertex 4.70652 24.3732 0
      vertex 4.54944 24.4294 0
    endloop
  endfacet
  facet normal 0.803211 -0.595695 0
    outer loop
      vertex 3.7865 26.9445 1.5
      vertex 3.88588 27.0785 0
      vertex 3.88588 27.0785 1.5
    endloop
  endfacet
  facet normal 0.803211 -0.595695 0
    outer loop
      vertex 3.88588 27.0785 0
      vertex 3.7865 26.9445 1.5
      vertex 3.7865 26.9445 0
    endloop
  endfacet
  facet normal -0.941546 0.336883 0
    outer loop
      vertex 6.77059 25.3494 0
      vertex 6.8268 25.5065 1.5
      vertex 6.8268 25.5065 0
    endloop
  endfacet
  facet normal -0.941546 0.336883 0
    outer loop
      vertex 6.8268 25.5065 1.5
      vertex 6.77059 25.3494 0
      vertex 6.77059 25.3494 1.5
    endloop
  endfacet
  facet normal -0.427419 0.904054 0
    outer loop
      vertex 6.00137 24.5007 0
      vertex 5.85056 24.4294 1.5
      vertex 6.00137 24.5007 1.5
    endloop
  endfacet
  facet normal -0.427419 0.904054 0
    outer loop
      vertex 5.85056 24.4294 1.5
      vertex 6.00137 24.5007 0
      vertex 5.85056 24.4294 0
    endloop
  endfacet
  facet normal -0.595772 0.803154 0
    outer loop
      vertex 6.27847 24.6859 0
      vertex 6.14447 24.5865 1.5
      vertex 6.27847 24.6859 1.5
    endloop
  endfacet
  facet normal -0.595772 0.803154 0
    outer loop
      vertex 6.14447 24.5865 1.5
      vertex 6.27847 24.6859 0
      vertex 6.14447 24.5865 0
    endloop
  endfacet
  facet normal 0.857731 0.514099 0
    outer loop
      vertex 3.7865 25.0555 1.5
      vertex 3.70073 25.1986 0
      vertex 3.70073 25.1986 1.5
    endloop
  endfacet
  facet normal 0.857731 0.514099 0
    outer loop
      vertex 3.70073 25.1986 0
      vertex 3.7865 25.0555 1.5
      vertex 3.7865 25.0555 0
    endloop
  endfacet
  facet normal 0.803211 0.595695 0
    outer loop
      vertex 3.88588 24.9215 1.5
      vertex 3.7865 25.0555 0
      vertex 3.7865 25.0555 1.5
    endloop
  endfacet
  facet normal 0.803211 0.595695 0
    outer loop
      vertex 3.7865 25.0555 0
      vertex 3.88588 24.9215 1.5
      vertex 3.88588 24.9215 0
    endloop
  endfacet
  facet normal -0.903996 -0.42754 0
    outer loop
      vertex 6.77059 26.6506 0
      vertex 6.69927 26.8014 1.5
      vertex 6.69927 26.8014 0
    endloop
  endfacet
  facet normal -0.903996 -0.42754 0
    outer loop
      vertex 6.69927 26.8014 1.5
      vertex 6.77059 26.6506 0
      vertex 6.77059 26.6506 1.5
    endloop
  endfacet
  facet normal -0.242775 -0.970083 0
    outer loop
      vertex 5.53165 27.6673 0
      vertex 5.69348 27.6268 1.5
      vertex 5.53165 27.6673 1.5
    endloop
  endfacet
  facet normal -0.242775 -0.970083 -0
    outer loop
      vertex 5.69348 27.6268 1.5
      vertex 5.53165 27.6673 0
      vertex 5.69348 27.6268 0
    endloop
  endfacet
  facet normal -0.740905 -0.67161 0
    outer loop
      vertex 6.51412 27.0785 0
      vertex 6.40208 27.2021 1.5
      vertex 6.40208 27.2021 0
    endloop
  endfacet
  facet normal -0.740905 -0.67161 0
    outer loop
      vertex 6.40208 27.2021 1.5
      vertex 6.51412 27.0785 0
      vertex 6.51412 27.0785 1.5
    endloop
  endfacet
  facet normal -0.97003 -0.242987 0
    outer loop
      vertex 6.86733 26.3317 0
      vertex 6.8268 26.4935 1.5
      vertex 6.8268 26.4935 0
    endloop
  endfacet
  facet normal -0.97003 -0.242987 0
    outer loop
      vertex 6.8268 26.4935 1.5
      vertex 6.86733 26.3317 0
      vertex 6.86733 26.3317 1.5
    endloop
  endfacet
  facet normal 0.336868 -0.941552 0
    outer loop
      vertex 4.54944 27.5706 0
      vertex 4.70652 27.6268 1.5
      vertex 4.54944 27.5706 1.5
    endloop
  endfacet
  facet normal 0.336868 -0.941552 0
    outer loop
      vertex 4.70652 27.6268 1.5
      vertex 4.54944 27.5706 0
      vertex 4.70652 27.6268 0
    endloop
  endfacet
  facet normal 0.514231 -0.857652 0
    outer loop
      vertex 4.25553 27.4135 0
      vertex 4.39863 27.4993 1.5
      vertex 4.25553 27.4135 1.5
    endloop
  endfacet
  facet normal 0.514231 -0.857652 0
    outer loop
      vertex 4.39863 27.4993 1.5
      vertex 4.25553 27.4135 0
      vertex 4.39863 27.4993 0
    endloop
  endfacet
  facet normal -0.989185 0.14667 0
    outer loop
      vertex 6.86733 25.6683 0
      vertex 6.89181 25.8334 1.5
      vertex 6.89181 25.8334 0
    endloop
  endfacet
  facet normal -0.989185 0.14667 0
    outer loop
      vertex 6.89181 25.8334 1.5
      vertex 6.86733 25.6683 0
      vertex 6.86733 25.6683 1.5
    endloop
  endfacet
  facet normal -0.903996 0.42754 0
    outer loop
      vertex 6.69927 25.1986 0
      vertex 6.77059 25.3494 1.5
      vertex 6.77059 25.3494 0
    endloop
  endfacet
  facet normal -0.903996 0.42754 0
    outer loop
      vertex 6.77059 25.3494 1.5
      vertex 6.69927 25.1986 0
      vertex 6.69927 25.1986 1.5
    endloop
  endfacet
  facet normal -0.857731 0.514099 0
    outer loop
      vertex 6.6135 25.0555 0
      vertex 6.69927 25.1986 1.5
      vertex 6.69927 25.1986 0
    endloop
  endfacet
  facet normal -0.857731 0.514099 0
    outer loop
      vertex 6.69927 25.1986 1.5
      vertex 6.6135 25.0555 0
      vertex 6.6135 25.0555 1.5
    endloop
  endfacet
  facet normal -0.803211 0.595695 0
    outer loop
      vertex 6.51412 24.9215 0
      vertex 6.6135 25.0555 1.5
      vertex 6.6135 25.0555 0
    endloop
  endfacet
  facet normal -0.803211 0.595695 0
    outer loop
      vertex 6.6135 25.0555 1.5
      vertex 6.51412 24.9215 0
      vertex 6.51412 24.9215 1.5
    endloop
  endfacet
  facet normal -0.336868 0.941552 0
    outer loop
      vertex 5.85056 24.4294 0
      vertex 5.69348 24.3732 1.5
      vertex 5.85056 24.4294 1.5
    endloop
  endfacet
  facet normal -0.336868 0.941552 0
    outer loop
      vertex 5.69348 24.3732 1.5
      vertex 5.85056 24.4294 0
      vertex 5.69348 24.3732 0
    endloop
  endfacet
  facet normal -0.242775 0.970083 0
    outer loop
      vertex 5.69348 24.3732 0
      vertex 5.53165 24.3327 1.5
      vertex 5.69348 24.3732 1.5
    endloop
  endfacet
  facet normal -0.242775 0.970083 0
    outer loop
      vertex 5.53165 24.3327 1.5
      vertex 5.69348 24.3732 0
      vertex 5.53165 24.3327 0
    endloop
  endfacet
  facet normal -0.146857 0.989158 0
    outer loop
      vertex 5.53165 24.3327 0
      vertex 5.36663 24.3082 1.5
      vertex 5.53165 24.3327 1.5
    endloop
  endfacet
  facet normal -0.146857 0.989158 0
    outer loop
      vertex 5.36663 24.3082 1.5
      vertex 5.53165 24.3327 0
      vertex 5.36663 24.3082 0
    endloop
  endfacet
  facet normal -0.514231 0.857652 0
    outer loop
      vertex 6.14447 24.5865 0
      vertex 6.00137 24.5007 1.5
      vertex 6.14447 24.5865 1.5
    endloop
  endfacet
  facet normal -0.514231 0.857652 0
    outer loop
      vertex 6.00137 24.5007 1.5
      vertex 6.14447 24.5865 0
      vertex 6.00137 24.5007 0
    endloop
  endfacet
  facet normal 0.903996 0.42754 0
    outer loop
      vertex 3.70073 25.1986 1.5
      vertex 3.62941 25.3494 0
      vertex 3.62941 25.3494 1.5
    endloop
  endfacet
  facet normal 0.903996 0.42754 0
    outer loop
      vertex 3.62941 25.3494 0
      vertex 3.70073 25.1986 1.5
      vertex 3.70073 25.1986 0
    endloop
  endfacet
  facet normal 0.97003 0.242987 0
    outer loop
      vertex 3.5732 25.5065 1.5
      vertex 3.53267 25.6683 0
      vertex 3.53267 25.6683 1.5
    endloop
  endfacet
  facet normal 0.97003 0.242987 0
    outer loop
      vertex 3.53267 25.6683 0
      vertex 3.5732 25.5065 1.5
      vertex 3.5732 25.5065 0
    endloop
  endfacet
  facet normal 0.514231 0.857652 -0
    outer loop
      vertex 4.39863 24.5007 0
      vertex 4.25553 24.5865 1.5
      vertex 4.39863 24.5007 1.5
    endloop
  endfacet
  facet normal 0.514231 0.857652 0
    outer loop
      vertex 4.25553 24.5865 1.5
      vertex 4.39863 24.5007 0
      vertex 4.25553 24.5865 0
    endloop
  endfacet
  facet normal 0.0491513 0.998791 -0
    outer loop
      vertex 5.2 24.3 0
      vertex 5.03337 24.3082 1.5
      vertex 5.2 24.3 1.5
    endloop
  endfacet
  facet normal 0.0491513 0.998791 0
    outer loop
      vertex 5.03337 24.3082 1.5
      vertex 5.2 24.3 0
      vertex 5.03337 24.3082 0
    endloop
  endfacet
  facet normal 0.242775 0.970083 -0
    outer loop
      vertex 4.86835 24.3327 0
      vertex 4.70652 24.3732 1.5
      vertex 4.86835 24.3327 1.5
    endloop
  endfacet
  facet normal 0.242775 0.970083 0
    outer loop
      vertex 4.70652 24.3732 1.5
      vertex 4.86835 24.3327 0
      vertex 4.70652 24.3732 0
    endloop
  endfacet
  facet normal 0.146857 0.989158 -0
    outer loop
      vertex 5.03337 24.3082 0
      vertex 4.86835 24.3327 1.5
      vertex 5.03337 24.3082 1.5
    endloop
  endfacet
  facet normal 0.146857 0.989158 0
    outer loop
      vertex 4.86835 24.3327 1.5
      vertex 5.03337 24.3082 0
      vertex 4.86835 24.3327 0
    endloop
  endfacet
  facet normal -0.0491513 -0.998791 0
    outer loop
      vertex 5.2 27.7 0
      vertex 5.36663 27.6918 1.5
      vertex 5.2 27.7 1.5
    endloop
  endfacet
  facet normal -0.0491513 -0.998791 -0
    outer loop
      vertex 5.36663 27.6918 1.5
      vertex 5.2 27.7 0
      vertex 5.36663 27.6918 0
    endloop
  endfacet
  facet normal -0.146857 -0.989158 0
    outer loop
      vertex 5.36663 27.6918 0
      vertex 5.53165 27.6673 1.5
      vertex 5.36663 27.6918 1.5
    endloop
  endfacet
  facet normal -0.146857 -0.989158 -0
    outer loop
      vertex 5.53165 27.6673 1.5
      vertex 5.36663 27.6918 0
      vertex 5.53165 27.6673 0
    endloop
  endfacet
  facet normal -0.514231 -0.857652 0
    outer loop
      vertex 6.00137 27.4993 0
      vertex 6.14447 27.4135 1.5
      vertex 6.00137 27.4993 1.5
    endloop
  endfacet
  facet normal -0.514231 -0.857652 -0
    outer loop
      vertex 6.14447 27.4135 1.5
      vertex 6.00137 27.4993 0
      vertex 6.14447 27.4135 0
    endloop
  endfacet
  facet normal -0.671448 -0.741051 0
    outer loop
      vertex 6.27847 27.3141 0
      vertex 6.40208 27.2021 1.5
      vertex 6.27847 27.3141 1.5
    endloop
  endfacet
  facet normal -0.671448 -0.741051 -0
    outer loop
      vertex 6.40208 27.2021 1.5
      vertex 6.27847 27.3141 0
      vertex 6.40208 27.2021 0
    endloop
  endfacet
  facet normal -0.595772 -0.803154 0
    outer loop
      vertex 6.14447 27.4135 0
      vertex 6.27847 27.3141 1.5
      vertex 6.14447 27.4135 1.5
    endloop
  endfacet
  facet normal -0.595772 -0.803154 -0
    outer loop
      vertex 6.27847 27.3141 1.5
      vertex 6.14447 27.4135 0
      vertex 6.27847 27.3141 0
    endloop
  endfacet
  facet normal -0.803211 -0.595695 0
    outer loop
      vertex 6.6135 26.9445 0
      vertex 6.51412 27.0785 1.5
      vertex 6.51412 27.0785 0
    endloop
  endfacet
  facet normal -0.803211 -0.595695 0
    outer loop
      vertex 6.51412 27.0785 1.5
      vertex 6.6135 26.9445 0
      vertex 6.6135 26.9445 1.5
    endloop
  endfacet
  facet normal -0.857731 -0.514099 0
    outer loop
      vertex 6.69927 26.8014 0
      vertex 6.6135 26.9445 1.5
      vertex 6.6135 26.9445 0
    endloop
  endfacet
  facet normal -0.857731 -0.514099 0
    outer loop
      vertex 6.6135 26.9445 1.5
      vertex 6.69927 26.8014 0
      vertex 6.69927 26.8014 1.5
    endloop
  endfacet
  facet normal 0.146857 -0.989158 0
    outer loop
      vertex 4.86835 27.6673 0
      vertex 5.03337 27.6918 1.5
      vertex 4.86835 27.6673 1.5
    endloop
  endfacet
  facet normal 0.146857 -0.989158 0
    outer loop
      vertex 5.03337 27.6918 1.5
      vertex 4.86835 27.6673 0
      vertex 5.03337 27.6918 0
    endloop
  endfacet
  facet normal 0.671448 -0.741051 0
    outer loop
      vertex 3.99792 27.2021 0
      vertex 4.12153 27.3141 1.5
      vertex 3.99792 27.2021 1.5
    endloop
  endfacet
  facet normal 0.671448 -0.741051 0
    outer loop
      vertex 4.12153 27.3141 1.5
      vertex 3.99792 27.2021 0
      vertex 4.12153 27.3141 0
    endloop
  endfacet
  facet normal 0.427419 -0.904054 0
    outer loop
      vertex 4.39863 27.4993 0
      vertex 4.54944 27.5706 1.5
      vertex 4.39863 27.4993 1.5
    endloop
  endfacet
  facet normal 0.427419 -0.904054 0
    outer loop
      vertex 4.54944 27.5706 1.5
      vertex 4.39863 27.4993 0
      vertex 4.54944 27.5706 0
    endloop
  endfacet
  facet normal 0.0491513 -0.998791 0
    outer loop
      vertex 5.03337 27.6918 0
      vertex 5.2 27.7 1.5
      vertex 5.03337 27.6918 1.5
    endloop
  endfacet
  facet normal 0.0491513 -0.998791 0
    outer loop
      vertex 5.2 27.7 1.5
      vertex 5.03337 27.6918 0
      vertex 5.2 27.7 0
    endloop
  endfacet
  facet normal 0.595772 -0.803154 0
    outer loop
      vertex 4.12153 27.3141 0
      vertex 4.25553 27.4135 1.5
      vertex 4.12153 27.3141 1.5
    endloop
  endfacet
  facet normal 0.595772 -0.803154 0
    outer loop
      vertex 4.25553 27.4135 1.5
      vertex 4.12153 27.3141 0
      vertex 4.25553 27.4135 0
    endloop
  endfacet
  facet normal 0.740905 -0.67161 0
    outer loop
      vertex 3.88588 27.0785 1.5
      vertex 3.99792 27.2021 0
      vertex 3.99792 27.2021 1.5
    endloop
  endfacet
  facet normal 0.740905 -0.67161 0
    outer loop
      vertex 3.99792 27.2021 0
      vertex 3.88588 27.0785 1.5
      vertex 3.88588 27.0785 0
    endloop
  endfacet
  facet normal 0.903996 -0.42754 0
    outer loop
      vertex 3.62941 26.6506 1.5
      vertex 3.70073 26.8014 0
      vertex 3.70073 26.8014 1.5
    endloop
  endfacet
  facet normal 0.903996 -0.42754 0
    outer loop
      vertex 3.70073 26.8014 0
      vertex 3.62941 26.6506 1.5
      vertex 3.62941 26.6506 0
    endloop
  endfacet
  facet normal 0.97003 -0.242987 0
    outer loop
      vertex 3.53267 26.3317 1.5
      vertex 3.5732 26.4935 0
      vertex 3.5732 26.4935 1.5
    endloop
  endfacet
  facet normal 0.97003 -0.242987 0
    outer loop
      vertex 3.5732 26.4935 0
      vertex 3.53267 26.3317 1.5
      vertex 3.53267 26.3317 0
    endloop
  endfacet
  facet normal 0.998794 -0.0491004 0
    outer loop
      vertex 3.5 26 1.5
      vertex 3.50819 26.1666 0
      vertex 3.50819 26.1666 1.5
    endloop
  endfacet
  facet normal 0.998794 -0.0491004 0
    outer loop
      vertex 3.50819 26.1666 0
      vertex 3.5 26 1.5
      vertex 3.5 26 0
    endloop
  endfacet
  facet normal 0.941546 -0.336883 0
    outer loop
      vertex 3.5732 26.4935 1.5
      vertex 3.62941 26.6506 0
      vertex 3.62941 26.6506 1.5
    endloop
  endfacet
  facet normal 0.941546 -0.336883 0
    outer loop
      vertex 3.62941 26.6506 0
      vertex 3.5732 26.4935 1.5
      vertex 3.5732 26.4935 0
    endloop
  endfacet
  facet normal -0.740905 0.67161 0
    outer loop
      vertex 6.40208 24.7979 0
      vertex 6.51412 24.9215 1.5
      vertex 6.51412 24.9215 0
    endloop
  endfacet
  facet normal -0.740905 0.67161 0
    outer loop
      vertex 6.51412 24.9215 1.5
      vertex 6.40208 24.7979 0
      vertex 6.40208 24.7979 1.5
    endloop
  endfacet
  facet normal 0.740905 0.67161 0
    outer loop
      vertex 3.99792 24.7979 1.5
      vertex 3.88588 24.9215 0
      vertex 3.88588 24.9215 1.5
    endloop
  endfacet
  facet normal 0.740905 0.67161 0
    outer loop
      vertex 3.88588 24.9215 0
      vertex 3.99792 24.7979 1.5
      vertex 3.99792 24.7979 0
    endloop
  endfacet
  facet normal 0.989185 0.14667 0
    outer loop
      vertex 3.53267 25.6683 1.5
      vertex 3.50819 25.8334 0
      vertex 3.50819 25.8334 1.5
    endloop
  endfacet
  facet normal 0.989185 0.14667 0
    outer loop
      vertex 3.50819 25.8334 0
      vertex 3.53267 25.6683 1.5
      vertex 3.53267 25.6683 0
    endloop
  endfacet
  facet normal 0.941546 0.336883 0
    outer loop
      vertex 3.62941 25.3494 1.5
      vertex 3.5732 25.5065 0
      vertex 3.5732 25.5065 1.5
    endloop
  endfacet
  facet normal 0.941546 0.336883 0
    outer loop
      vertex 3.5732 25.5065 0
      vertex 3.62941 25.3494 1.5
      vertex 3.62941 25.3494 0
    endloop
  endfacet
  facet normal 0.595772 0.803154 -0
    outer loop
      vertex 4.25553 24.5865 0
      vertex 4.12153 24.6859 1.5
      vertex 4.25553 24.5865 1.5
    endloop
  endfacet
  facet normal 0.595772 0.803154 0
    outer loop
      vertex 4.12153 24.6859 1.5
      vertex 4.25553 24.5865 0
      vertex 4.12153 24.6859 0
    endloop
  endfacet
  facet normal 0.427419 0.904054 -0
    outer loop
      vertex 4.54944 24.4294 0
      vertex 4.39863 24.5007 1.5
      vertex 4.54944 24.4294 1.5
    endloop
  endfacet
  facet normal 0.427419 0.904054 0
    outer loop
      vertex 4.39863 24.5007 1.5
      vertex 4.54944 24.4294 0
      vertex 4.39863 24.5007 0
    endloop
  endfacet
  facet normal -0.427419 -0.904054 0
    outer loop
      vertex 5.85056 27.5706 0
      vertex 6.00137 27.4993 1.5
      vertex 5.85056 27.5706 1.5
    endloop
  endfacet
  facet normal -0.427419 -0.904054 -0
    outer loop
      vertex 6.00137 27.4993 1.5
      vertex 5.85056 27.5706 0
      vertex 6.00137 27.4993 0
    endloop
  endfacet
  facet normal -0.941546 -0.336883 0
    outer loop
      vertex 6.8268 26.4935 0
      vertex 6.77059 26.6506 1.5
      vertex 6.77059 26.6506 0
    endloop
  endfacet
  facet normal -0.941546 -0.336883 0
    outer loop
      vertex 6.77059 26.6506 1.5
      vertex 6.8268 26.4935 0
      vertex 6.8268 26.4935 1.5
    endloop
  endfacet
  facet normal -0.989185 -0.14667 0
    outer loop
      vertex 6.89181 26.1666 0
      vertex 6.86733 26.3317 1.5
      vertex 6.86733 26.3317 0
    endloop
  endfacet
  facet normal -0.989185 -0.14667 0
    outer loop
      vertex 6.86733 26.3317 1.5
      vertex 6.89181 26.1666 0
      vertex 6.89181 26.1666 1.5
    endloop
  endfacet
  facet normal -0.998794 -0.0491004 0
    outer loop
      vertex 6.9 26 0
      vertex 6.89181 26.1666 1.5
      vertex 6.89181 26.1666 0
    endloop
  endfacet
  facet normal -0.998794 -0.0491004 0
    outer loop
      vertex 6.89181 26.1666 1.5
      vertex 6.9 26 0
      vertex 6.9 26 1.5
    endloop
  endfacet
  facet normal 0.242775 -0.970083 0
    outer loop
      vertex 4.70652 27.6268 0
      vertex 4.86835 27.6673 1.5
      vertex 4.70652 27.6268 1.5
    endloop
  endfacet
  facet normal 0.242775 -0.970083 0
    outer loop
      vertex 4.86835 27.6673 1.5
      vertex 4.70652 27.6268 0
      vertex 4.86835 27.6673 0
    endloop
  endfacet
  facet normal 0.857731 -0.514099 0
    outer loop
      vertex 3.70073 26.8014 1.5
      vertex 3.7865 26.9445 0
      vertex 3.7865 26.9445 1.5
    endloop
  endfacet
  facet normal 0.857731 -0.514099 0
    outer loop
      vertex 3.7865 26.9445 0
      vertex 3.70073 26.8014 1.5
      vertex 3.70073 26.8014 0
    endloop
  endfacet
  facet normal 0.989185 -0.14667 0
    outer loop
      vertex 3.50819 26.1666 1.5
      vertex 3.53267 26.3317 0
      vertex 3.53267 26.3317 1.5
    endloop
  endfacet
  facet normal 0.989185 -0.14667 0
    outer loop
      vertex 3.53267 26.3317 0
      vertex 3.50819 26.1666 1.5
      vertex 3.50819 26.1666 0
    endloop
  endfacet
  facet normal -0.336868 -0.941552 0
    outer loop
      vertex 5.69348 27.6268 0
      vertex 5.85056 27.5706 1.5
      vertex 5.69348 27.6268 1.5
    endloop
  endfacet
  facet normal -0.336868 -0.941552 -0
    outer loop
      vertex 5.85056 27.5706 1.5
      vertex 5.69348 27.6268 0
      vertex 5.85056 27.5706 0
    endloop
  endfacet
  facet normal -0.709021 0.0348367 0.704327
    outer loop
      vertex 8.37476 25.6884 3
      vertex 8.39007 26 3
      vertex 6.9 26 1.5
    endloop
  endfacet
  facet normal -0.668378 -0.239155 0.704326
    outer loop
      vertex 8.25233 26.9271 3
      vertex 8.14724 27.2208 3
      vertex 6.77059 26.6506 1.5
    endloop
  endfacet
  facet normal -0.0348158 0.709014 0.704334
    outer loop
      vertex 5.2 22.8099 3
      vertex 5.51158 22.8252 3
      vertex 5.2 24.3 1.5
    endloop
  endfacet
  facet normal 0.709021 -0.0348367 0.704327
    outer loop
      vertex 3.5 26 1.5
      vertex 2.02524 26.3116 3
      vertex 2.00993 26 3
    endloop
  endfacet
  facet normal -0.672585 0.226233 0.70459
    outer loop
      vertex 6.8268 25.5065 1.5
      vertex 8.25233 25.0729 3
      vertex 8.2527 25.074 3
    endloop
  endfacet
  facet normal -0.668381 0.239145 0.704327
    outer loop
      vertex 8.25233 25.0729 3
      vertex 6.8268 25.5065 1.5
      vertex 6.77059 25.3494 1.5
    endloop
  endfacet
  facet normal -0.303411 0.641759 0.704335
    outer loop
      vertex 5.85056 24.4294 1.5
      vertex 6.42178 23.0532 3
      vertex 6.00137 24.5007 1.5
    endloop
  endfacet
  facet normal -0.265782 0.65781 0.704732
    outer loop
      vertex 6.42178 23.0532 3
      vertex 5.85056 24.4294 1.5
      vertex 6.42079 23.0528 3
    endloop
  endfacet
  facet normal -0.685696 0.185138 0.703949
    outer loop
      vertex 6.86733 25.6683 1.5
      vertex 8.3285 25.3766 3
      vertex 8.32877 25.3776 3
    endloop
  endfacet
  facet normal -0.688605 0.172492 0.704323
    outer loop
      vertex 8.3285 25.3766 3
      vertex 6.86733 25.6683 1.5
      vertex 6.8268 25.5065 1.5
    endloop
  endfacet
  facet normal -0.265782 -0.65781 0.704732
    outer loop
      vertex 5.85056 27.5706 1.5
      vertex 6.42178 28.9468 3
      vertex 6.42079 28.9472 3
    endloop
  endfacet
  facet normal -0.303411 -0.641759 0.704335
    outer loop
      vertex 6.42178 28.9468 3
      vertex 5.85056 27.5706 1.5
      vertex 6.00137 27.4993 1.5
    endloop
  endfacet
  facet normal -0.0649908 0.7084 0.702813
    outer loop
      vertex 5.53165 24.3327 1.5
      vertex 5.82126 22.8711 3
      vertex 5.82235 22.8712 3
    endloop
  endfacet
  facet normal -0.10425 0.702177 0.704329
    outer loop
      vertex 5.82126 22.8711 3
      vertex 5.53165 24.3327 1.5
      vertex 5.36663 24.3082 1.5
    endloop
  endfacet
  facet normal -0.422815 0.570208 0.704337
    outer loop
      vertex 6.97319 23.3482 3
      vertex 7.22376 23.534 3
      vertex 6.27847 24.6859 1.5
    endloop
  endfacet
  facet normal 0.172338 0.688628 0.704337
    outer loop
      vertex 4.57658 22.8715 3
      vertex 4.86835 24.3327 1.5
      vertex 4.70652 24.3732 1.5
    endloop
  endfacet
  facet normal 0.191804 0.684102 0.703715
    outer loop
      vertex 4.86835 24.3327 1.5
      vertex 4.57658 22.8715 3
      vertex 4.57765 22.8712 3
    endloop
  endfacet
  facet normal 0.641728 0.303501 0.704324
    outer loop
      vertex 3.62941 25.3494 1.5
      vertex 2.25324 24.7782 3
      vertex 3.70073 25.1986 1.5
    endloop
  endfacet
  facet normal 0.640065 0.307231 0.70422
    outer loop
      vertex 2.25324 24.7782 3
      vertex 3.62941 25.3494 1.5
      vertex 2.25276 24.7792 3
    endloop
  endfacet
  facet normal 0.521008 -0.481933 0.70448
    outer loop
      vertex 2.94354 28.2549 3
      vertex 3.99792 27.2021 1.5
      vertex 2.94428 28.2557 3
    endloop
  endfacet
  facet normal 0.525952 -0.476761 0.704325
    outer loop
      vertex 3.99792 27.2021 1.5
      vertex 2.94354 28.2549 3
      vertex 3.88588 27.0785 1.5
    endloop
  endfacet
  facet normal 0.239164 -0.668384 0.704317
    outer loop
      vertex 4.54944 27.5706 1.5
      vertex 4.27293 29.0523 3
      vertex 3.97921 28.9472 3
    endloop
  endfacet
  facet normal -0.575333 0.415518 0.704512
    outer loop
      vertex 6.6135 25.0555 1.5
      vertex 7.85179 24.2268 3
      vertex 7.85244 24.2277 3
    endloop
  endfacet
  facet normal -0.570183 0.422871 0.704323
    outer loop
      vertex 7.85179 24.2268 3
      vertex 6.6135 25.0555 1.5
      vertex 6.51412 24.9215 1.5
    endloop
  endfacet
  facet normal -0.0649908 -0.7084 0.702813
    outer loop
      vertex 5.82126 29.1289 3
      vertex 5.53165 27.6673 1.5
      vertex 5.82235 29.1288 3
    endloop
  endfacet
  facet normal -0.10425 -0.702177 0.704329
    outer loop
      vertex 5.53165 27.6673 1.5
      vertex 5.82126 29.1289 3
      vertex 5.36663 27.6918 1.5
    endloop
  endfacet
  facet normal -0.364993 -0.608861 0.704321
    outer loop
      vertex 6.97136 28.653 3
      vertex 6.70379 28.8134 3
      vertex 6.00137 27.4993 1.5
    endloop
  endfacet
  facet normal -0.709021 -0.0348367 0.704327
    outer loop
      vertex 8.39007 26 3
      vertex 8.37476 26.3116 3
      vertex 6.9 26 1.5
    endloop
  endfacet
  facet normal -0.709208 -0.0322367 0.704262
    outer loop
      vertex 6.89181 26.1666 1.5
      vertex 8.37476 26.3116 3
      vertex 8.37471 26.3127 3
    endloop
  endfacet
  facet normal -0.709018 -0.0348551 0.704328
    outer loop
      vertex 8.37476 26.3116 3
      vertex 6.89181 26.1666 1.5
      vertex 6.9 26 1.5
    endloop
  endfacet
  facet normal -0.688604 -0.172492 0.704323
    outer loop
      vertex 8.3285 26.6234 3
      vertex 8.2527 26.926 3
      vertex 6.8268 26.4935 1.5
    endloop
  endfacet
  facet normal -0.702189 -0.104168 0.70433
    outer loop
      vertex 8.37471 26.3127 3
      vertex 8.32893 26.6213 3
      vertex 6.89181 26.1666 1.5
    endloop
  endfacet
  facet normal -0.239164 0.668384 0.704317
    outer loop
      vertex 6.12707 22.9477 3
      vertex 6.42079 23.0528 3
      vertex 5.85056 24.4294 1.5
    endloop
  endfacet
  facet normal -0.378909 0.59994 0.704628
    outer loop
      vertex 6.14447 24.5865 1.5
      vertex 6.97136 23.347 3
      vertex 6.97231 23.3476 3
    endloop
  endfacet
  facet normal -0.365041 0.608827 0.704326
    outer loop
      vertex 6.97136 23.347 3
      vertex 6.14447 24.5865 1.5
      vertex 6.00137 24.5007 1.5
    endloop
  endfacet
  facet normal 0.172486 0.688603 0.704325
    outer loop
      vertex 4.57658 22.8715 3
      vertex 4.70652 24.3732 1.5
      vertex 4.27397 22.9473 3
    endloop
  endfacet
  facet normal -0.172338 0.688628 0.704337
    outer loop
      vertex 5.53165 24.3327 1.5
      vertex 5.82342 22.8715 3
      vertex 5.69348 24.3732 1.5
    endloop
  endfacet
  facet normal -0.191804 0.684102 0.703715
    outer loop
      vertex 5.82342 22.8715 3
      vertex 5.53165 24.3327 1.5
      vertex 5.82235 22.8712 3
    endloop
  endfacet
  facet normal -0.0642315 0.706546 0.704746
    outer loop
      vertex 5.36663 24.3082 1.5
      vertex 5.51158 22.8252 3
      vertex 5.51268 22.8253 3
    endloop
  endfacet
  facet normal -0.0348907 0.709004 0.704341
    outer loop
      vertex 5.51158 22.8252 3
      vertex 5.36663 24.3082 1.5
      vertex 5.2 24.3 1.5
    endloop
  endfacet
  facet normal -0.104219 0.702184 0.704327
    outer loop
      vertex 5.51268 22.8253 3
      vertex 5.82126 22.8711 3
      vertex 5.36663 24.3082 1.5
    endloop
  endfacet
  facet normal 0.0348158 0.709014 0.704334
    outer loop
      vertex 5.2 22.8099 3
      vertex 5.2 24.3 1.5
      vertex 4.88842 22.8252 3
    endloop
  endfacet
  facet normal 0.525952 0.476761 0.704325
    outer loop
      vertex 2.94354 23.7451 3
      vertex 3.99792 24.7979 1.5
      vertex 3.88588 24.9215 1.5
    endloop
  endfacet
  facet normal 0.521008 0.481933 0.70448
    outer loop
      vertex 3.99792 24.7979 1.5
      vertex 2.94354 23.7451 3
      vertex 2.94428 23.7443 3
    endloop
  endfacet
  facet normal 0.709021 0.0348367 0.704327
    outer loop
      vertex 2.02524 25.6884 3
      vertex 3.5 26 1.5
      vertex 2.00993 26 3
    endloop
  endfacet
  facet normal 0.688605 0.172492 0.704323
    outer loop
      vertex 3.53267 25.6683 1.5
      vertex 2.0715 25.3766 3
      vertex 3.5732 25.5065 1.5
    endloop
  endfacet
  facet normal 0.685696 0.185138 0.703949
    outer loop
      vertex 2.0715 25.3766 3
      vertex 3.53267 25.6683 1.5
      vertex 2.07123 25.3776 3
    endloop
  endfacet
  facet normal 0.668378 0.239155 0.704326
    outer loop
      vertex 2.25276 24.7792 3
      vertex 3.62941 25.3494 1.5
      vertex 2.14767 25.0729 3
    endloop
  endfacet
  facet normal 0.7022 0.104118 0.704326
    outer loop
      vertex 2.07107 25.3787 3
      vertex 3.53267 25.6683 1.5
      vertex 3.50819 25.8334 1.5
    endloop
  endfacet
  facet normal 0.702533 0.102187 0.704277
    outer loop
      vertex 3.53267 25.6683 1.5
      vertex 2.07107 25.3787 3
      vertex 2.07123 25.3776 3
    endloop
  endfacet
  facet normal 0.570183 0.422871 0.704323
    outer loop
      vertex 3.7865 25.0555 1.5
      vertex 2.54821 24.2268 3
      vertex 3.88588 24.9215 1.5
    endloop
  endfacet
  facet normal 0.575333 0.415518 0.704512
    outer loop
      vertex 2.54821 24.2268 3
      vertex 3.7865 25.0555 1.5
      vertex 2.54756 24.2277 3
    endloop
  endfacet
  facet normal 0.608882 0.364947 0.704327
    outer loop
      vertex 2.54699 24.2286 3
      vertex 3.7865 25.0555 1.5
      vertex 3.70073 25.1986 1.5
    endloop
  endfacet
  facet normal 0.599453 0.379653 0.704642
    outer loop
      vertex 3.7865 25.0555 1.5
      vertex 2.54699 24.2286 3
      vertex 2.54756 24.2277 3
    endloop
  endfacet
  facet normal 0.702189 -0.104168 0.70433
    outer loop
      vertex 3.50819 26.1666 1.5
      vertex 2.07107 26.6213 3
      vertex 2.02529 26.3127 3
    endloop
  endfacet
  facet normal 0.10425 -0.702177 0.704329
    outer loop
      vertex 4.57874 29.1289 3
      vertex 4.86835 27.6673 1.5
      vertex 5.03337 27.6918 1.5
    endloop
  endfacet
  facet normal 0.0649908 -0.7084 0.702813
    outer loop
      vertex 4.86835 27.6673 1.5
      vertex 4.57874 29.1289 3
      vertex 4.57765 29.1288 3
    endloop
  endfacet
  facet normal -0.7022 0.104118 0.704326
    outer loop
      vertex 6.86733 25.6683 1.5
      vertex 8.32893 25.3787 3
      vertex 6.89181 25.8334 1.5
    endloop
  endfacet
  facet normal -0.702533 0.102187 0.704277
    outer loop
      vertex 8.32893 25.3787 3
      vertex 6.86733 25.6683 1.5
      vertex 8.32877 25.3776 3
    endloop
  endfacet
  facet normal -0.668378 0.239155 0.704326
    outer loop
      vertex 8.14724 24.7792 3
      vertex 8.25233 25.0729 3
      vertex 6.77059 25.3494 1.5
    endloop
  endfacet
  facet normal -0.688604 0.172492 0.704323
    outer loop
      vertex 8.2527 25.074 3
      vertex 8.3285 25.3766 3
      vertex 6.8268 25.5065 1.5
    endloop
  endfacet
  facet normal -0.608896 0.364928 0.704325
    outer loop
      vertex 7.85301 24.2286 3
      vertex 8.01339 24.4962 3
      vertex 6.69927 25.1986 1.5
    endloop
  endfacet
  facet normal -0.608882 0.364947 0.704327
    outer loop
      vertex 6.6135 25.0555 1.5
      vertex 7.85301 24.2286 3
      vertex 6.69927 25.1986 1.5
    endloop
  endfacet
  facet normal -0.599453 0.379653 0.704642
    outer loop
      vertex 7.85301 24.2286 3
      vertex 6.6135 25.0555 1.5
      vertex 7.85244 24.2277 3
    endloop
  endfacet
  facet normal -0.525947 0.476766 0.704325
    outer loop
      vertex 7.45646 23.7451 3
      vertex 7.66595 23.9762 3
      vertex 6.51412 24.9215 1.5
    endloop
  endfacet
  facet normal -0.570198 0.422847 0.704326
    outer loop
      vertex 7.66595 23.9762 3
      vertex 7.85179 24.2268 3
      vertex 6.51412 24.9215 1.5
    endloop
  endfacet
  facet normal 0.0348158 -0.709014 0.704334
    outer loop
      vertex 5.2 27.7 1.5
      vertex 5.2 29.1901 3
      vertex 4.88842 29.1748 3
    endloop
  endfacet
  facet normal -0.239164 -0.668384 0.704317
    outer loop
      vertex 6.42079 28.9472 3
      vertex 6.12707 29.0523 3
      vertex 5.85056 27.5706 1.5
    endloop
  endfacet
  facet normal -0.303548 -0.641706 0.704323
    outer loop
      vertex 6.70379 28.8134 3
      vertex 6.42178 28.9468 3
      vertex 6.00137 27.4993 1.5
    endloop
  endfacet
  facet normal -0.49545 -0.507836 0.704721
    outer loop
      vertex 7.4549 28.2565 3
      vertex 6.40208 27.2021 1.5
      vertex 7.45572 28.2557 3
    endloop
  endfacet
  facet normal -0.476644 -0.526054 0.704328
    outer loop
      vertex 6.40208 27.2021 1.5
      vertex 7.4549 28.2565 3
      vertex 6.27847 27.3141 1.5
    endloop
  endfacet
  facet normal -0.672585 -0.226233 0.70459
    outer loop
      vertex 8.25233 26.9271 3
      vertex 6.8268 26.4935 1.5
      vertex 8.2527 26.926 3
    endloop
  endfacet
  facet normal -0.668381 -0.239145 0.704327
    outer loop
      vertex 6.8268 26.4935 1.5
      vertex 8.25233 26.9271 3
      vertex 6.77059 26.6506 1.5
    endloop
  endfacet
  facet normal -0.364993 0.608861 0.704321
    outer loop
      vertex 6.70379 23.1866 3
      vertex 6.97136 23.347 3
      vertex 6.00137 24.5007 1.5
    endloop
  endfacet
  facet normal -0.303548 0.641706 0.704323
    outer loop
      vertex 6.42178 23.0532 3
      vertex 6.70379 23.1866 3
      vertex 6.00137 24.5007 1.5
    endloop
  endfacet
  facet normal -0.476725 0.525968 0.704337
    outer loop
      vertex 7.22376 23.534 3
      vertex 7.4549 23.7435 3
      vertex 6.27847 24.6859 1.5
    endloop
  endfacet
  facet normal 0.239164 0.668384 0.704317
    outer loop
      vertex 4.27293 22.9477 3
      vertex 4.54944 24.4294 1.5
      vertex 3.97921 23.0528 3
    endloop
  endfacet
  facet normal 0.422815 0.570208 0.704337
    outer loop
      vertex 3.42681 23.3482 3
      vertex 4.12153 24.6859 1.5
      vertex 3.17624 23.534 3
    endloop
  endfacet
  facet normal 0.476644 0.526054 0.704328
    outer loop
      vertex 3.99792 24.7979 1.5
      vertex 2.9451 23.7435 3
      vertex 4.12153 24.6859 1.5
    endloop
  endfacet
  facet normal 0.49545 0.507836 0.704721
    outer loop
      vertex 2.9451 23.7435 3
      vertex 3.99792 24.7979 1.5
      vertex 2.94428 23.7443 3
    endloop
  endfacet
  facet normal 0.476725 0.525968 0.704337
    outer loop
      vertex 3.17624 23.534 3
      vertex 4.12153 24.6859 1.5
      vertex 2.9451 23.7435 3
    endloop
  endfacet
  facet normal -0.239137 0.668392 0.70432
    outer loop
      vertex 5.69348 24.3732 1.5
      vertex 6.12707 22.9477 3
      vertex 5.85056 24.4294 1.5
    endloop
  endfacet
  facet normal -0.255012 0.663032 0.703816
    outer loop
      vertex 6.12707 22.9477 3
      vertex 5.69348 24.3732 1.5
      vertex 6.12603 22.9473 3
    endloop
  endfacet
  facet normal -0.172486 0.688603 0.704325
    outer loop
      vertex 5.82342 22.8715 3
      vertex 6.12603 22.9473 3
      vertex 5.69348 24.3732 1.5
    endloop
  endfacet
  facet normal 0.0348907 0.709004 0.704341
    outer loop
      vertex 5.03337 24.3082 1.5
      vertex 4.88842 22.8252 3
      vertex 5.2 24.3 1.5
    endloop
  endfacet
  facet normal 0.0642315 0.706546 0.704746
    outer loop
      vertex 4.88842 22.8252 3
      vertex 5.03337 24.3082 1.5
      vertex 4.88732 22.8253 3
    endloop
  endfacet
  facet normal 0.668381 0.239145 0.704327
    outer loop
      vertex 3.5732 25.5065 1.5
      vertex 2.14767 25.0729 3
      vertex 3.62941 25.3494 1.5
    endloop
  endfacet
  facet normal 0.672585 0.226233 0.70459
    outer loop
      vertex 2.14767 25.0729 3
      vertex 3.5732 25.5065 1.5
      vertex 2.1473 25.074 3
    endloop
  endfacet
  facet normal 0.688604 0.172492 0.704323
    outer loop
      vertex 2.1473 25.074 3
      vertex 3.5732 25.5065 1.5
      vertex 2.0715 25.3766 3
    endloop
  endfacet
  facet normal 0.702189 0.104168 0.70433
    outer loop
      vertex 2.07107 25.3787 3
      vertex 3.50819 25.8334 1.5
      vertex 2.02529 25.6873 3
    endloop
  endfacet
  facet normal 0.709018 0.0348551 0.704328
    outer loop
      vertex 2.02524 25.6884 3
      vertex 3.50819 25.8334 1.5
      vertex 3.5 26 1.5
    endloop
  endfacet
  facet normal 0.709208 0.0322367 0.704262
    outer loop
      vertex 3.50819 25.8334 1.5
      vertex 2.02524 25.6884 3
      vertex 2.02529 25.6873 3
    endloop
  endfacet
  facet normal 0.525947 0.476766 0.704325
    outer loop
      vertex 2.94354 23.7451 3
      vertex 3.88588 24.9215 1.5
      vertex 2.73405 23.9762 3
    endloop
  endfacet
  facet normal 0.570198 0.422847 0.704326
    outer loop
      vertex 2.73405 23.9762 3
      vertex 3.88588 24.9215 1.5
      vertex 2.54821 24.2268 3
    endloop
  endfacet
  facet normal 0.608896 0.364928 0.704325
    outer loop
      vertex 2.54699 24.2286 3
      vertex 3.70073 25.1986 1.5
      vertex 2.38661 24.4962 3
    endloop
  endfacet
  facet normal 0.641728 0.303501 0.704324
    outer loop
      vertex 2.38661 24.4962 3
      vertex 3.70073 25.1986 1.5
      vertex 2.25324 24.7782 3
    endloop
  endfacet
  facet normal 0.709208 -0.0322367 0.704262
    outer loop
      vertex 2.02524 26.3116 3
      vertex 3.50819 26.1666 1.5
      vertex 2.02529 26.3127 3
    endloop
  endfacet
  facet normal 0.709018 -0.0348551 0.704328
    outer loop
      vertex 3.50819 26.1666 1.5
      vertex 2.02524 26.3116 3
      vertex 3.5 26 1.5
    endloop
  endfacet
  facet normal 0.570183 -0.422871 0.704323
    outer loop
      vertex 2.54821 27.7732 3
      vertex 3.7865 26.9445 1.5
      vertex 3.88588 27.0785 1.5
    endloop
  endfacet
  facet normal 0.575333 -0.415518 0.704512
    outer loop
      vertex 3.7865 26.9445 1.5
      vertex 2.54821 27.7732 3
      vertex 2.54756 27.7723 3
    endloop
  endfacet
  facet normal 0.104219 -0.702184 0.704327
    outer loop
      vertex 5.03337 27.6918 1.5
      vertex 4.88732 29.1747 3
      vertex 4.57874 29.1289 3
    endloop
  endfacet
  facet normal 0.476725 -0.525968 0.704337
    outer loop
      vertex 4.12153 27.3141 1.5
      vertex 3.17624 28.466 3
      vertex 2.9451 28.2565 3
    endloop
  endfacet
  facet normal 0.303548 -0.641706 0.704323
    outer loop
      vertex 4.39863 27.4993 1.5
      vertex 3.97822 28.9468 3
      vertex 3.69621 28.8134 3
    endloop
  endfacet
  facet normal 0.422815 -0.570208 0.704337
    outer loop
      vertex 4.12153 27.3141 1.5
      vertex 3.42681 28.6518 3
      vertex 3.17624 28.466 3
    endloop
  endfacet
  facet normal 0.365041 -0.608827 0.704326
    outer loop
      vertex 3.42864 28.653 3
      vertex 4.25553 27.4135 1.5
      vertex 4.39863 27.4993 1.5
    endloop
  endfacet
  facet normal 0.378909 -0.59994 0.704628
    outer loop
      vertex 4.25553 27.4135 1.5
      vertex 3.42864 28.653 3
      vertex 3.42769 28.6524 3
    endloop
  endfacet
  facet normal -0.709018 0.0348551 0.704328
    outer loop
      vertex 6.89181 25.8334 1.5
      vertex 8.37476 25.6884 3
      vertex 6.9 26 1.5
    endloop
  endfacet
  facet normal -0.709208 0.0322367 0.704262
    outer loop
      vertex 8.37476 25.6884 3
      vertex 6.89181 25.8334 1.5
      vertex 8.37471 25.6873 3
    endloop
  endfacet
  facet normal -0.702189 0.104168 0.70433
    outer loop
      vertex 8.32893 25.3787 3
      vertex 8.37471 25.6873 3
      vertex 6.89181 25.8334 1.5
    endloop
  endfacet
  facet normal -0.640065 0.307231 0.70422
    outer loop
      vertex 6.77059 25.3494 1.5
      vertex 8.14676 24.7782 3
      vertex 8.14724 24.7792 3
    endloop
  endfacet
  facet normal -0.641728 0.303501 0.704324
    outer loop
      vertex 8.14676 24.7782 3
      vertex 6.77059 25.3494 1.5
      vertex 6.69927 25.1986 1.5
    endloop
  endfacet
  facet normal -0.641728 0.303501 0.704324
    outer loop
      vertex 8.01339 24.4962 3
      vertex 8.14676 24.7782 3
      vertex 6.69927 25.1986 1.5
    endloop
  endfacet
  facet normal -0.599453 -0.379653 0.704642
    outer loop
      vertex 6.6135 26.9445 1.5
      vertex 7.85301 27.7714 3
      vertex 7.85244 27.7723 3
    endloop
  endfacet
  facet normal -0.608882 -0.364947 0.704327
    outer loop
      vertex 7.85301 27.7714 3
      vertex 6.6135 26.9445 1.5
      vertex 6.69927 26.8014 1.5
    endloop
  endfacet
  facet normal -0.525947 -0.476766 0.704325
    outer loop
      vertex 7.66595 28.0238 3
      vertex 7.45646 28.2549 3
      vertex 6.51412 27.0785 1.5
    endloop
  endfacet
  facet normal -0.104219 -0.702184 0.704327
    outer loop
      vertex 5.82126 29.1289 3
      vertex 5.51268 29.1747 3
      vertex 5.36663 27.6918 1.5
    endloop
  endfacet
  facet normal -0.399674 -0.586188 0.70473
    outer loop
      vertex 6.14447 27.4135 1.5
      vertex 6.97319 28.6518 3
      vertex 6.97231 28.6524 3
    endloop
  endfacet
  facet normal -0.422924 -0.57014 0.704326
    outer loop
      vertex 6.97319 28.6518 3
      vertex 6.14447 27.4135 1.5
      vertex 6.27847 27.3141 1.5
    endloop
  endfacet
  facet normal -0.476725 -0.525968 0.704337
    outer loop
      vertex 7.4549 28.2565 3
      vertex 7.22376 28.466 3
      vertex 6.27847 27.3141 1.5
    endloop
  endfacet
  facet normal -0.422815 -0.570208 0.704337
    outer loop
      vertex 7.22376 28.466 3
      vertex 6.97319 28.6518 3
      vertex 6.27847 27.3141 1.5
    endloop
  endfacet
  facet normal -0.640065 -0.307231 0.70422
    outer loop
      vertex 8.14676 27.2218 3
      vertex 6.77059 26.6506 1.5
      vertex 8.14724 27.2208 3
    endloop
  endfacet
  facet normal -0.641728 -0.303501 0.704324
    outer loop
      vertex 6.77059 26.6506 1.5
      vertex 8.14676 27.2218 3
      vertex 6.69927 26.8014 1.5
    endloop
  endfacet
  facet normal -0.685696 -0.185138 0.703949
    outer loop
      vertex 8.3285 26.6234 3
      vertex 6.86733 26.3317 1.5
      vertex 8.32877 26.6224 3
    endloop
  endfacet
  facet normal -0.688605 -0.172492 0.704323
    outer loop
      vertex 6.86733 26.3317 1.5
      vertex 8.3285 26.6234 3
      vertex 6.8268 26.4935 1.5
    endloop
  endfacet
  facet normal -0.422924 0.57014 0.704326
    outer loop
      vertex 6.14447 24.5865 1.5
      vertex 6.97319 23.3482 3
      vertex 6.27847 24.6859 1.5
    endloop
  endfacet
  facet normal -0.399674 0.586188 0.70473
    outer loop
      vertex 6.97319 23.3482 3
      vertex 6.14447 24.5865 1.5
      vertex 6.97231 23.3476 3
    endloop
  endfacet
  facet normal 0.303411 0.641759 0.704335
    outer loop
      vertex 3.97822 23.0532 3
      vertex 4.54944 24.4294 1.5
      vertex 4.39863 24.5007 1.5
    endloop
  endfacet
  facet normal 0.265782 0.65781 0.704732
    outer loop
      vertex 4.54944 24.4294 1.5
      vertex 3.97822 23.0532 3
      vertex 3.97921 23.0528 3
    endloop
  endfacet
  facet normal 0.364993 0.608861 0.704321
    outer loop
      vertex 3.69621 23.1866 3
      vertex 4.39863 24.5007 1.5
      vertex 3.42864 23.347 3
    endloop
  endfacet
  facet normal 0.303548 0.641706 0.704323
    outer loop
      vertex 3.97822 23.0532 3
      vertex 4.39863 24.5007 1.5
      vertex 3.69621 23.1866 3
    endloop
  endfacet
  facet normal 0.422924 0.57014 0.704326
    outer loop
      vertex 3.42681 23.3482 3
      vertex 4.25553 24.5865 1.5
      vertex 4.12153 24.6859 1.5
    endloop
  endfacet
  facet normal 0.399674 0.586188 0.70473
    outer loop
      vertex 4.25553 24.5865 1.5
      vertex 3.42681 23.3482 3
      vertex 3.42769 23.3476 3
    endloop
  endfacet
  facet normal 0.104219 0.702184 0.704327
    outer loop
      vertex 4.88732 22.8253 3
      vertex 5.03337 24.3082 1.5
      vertex 4.57874 22.8711 3
    endloop
  endfacet
  facet normal 0.10425 0.702177 0.704329
    outer loop
      vertex 4.86835 24.3327 1.5
      vertex 4.57874 22.8711 3
      vertex 5.03337 24.3082 1.5
    endloop
  endfacet
  facet normal 0.0649908 0.7084 0.702813
    outer loop
      vertex 4.57874 22.8711 3
      vertex 4.86835 24.3327 1.5
      vertex 4.57765 22.8712 3
    endloop
  endfacet
  facet normal 0.688605 -0.172492 0.704323
    outer loop
      vertex 2.0715 26.6234 3
      vertex 3.53267 26.3317 1.5
      vertex 3.5732 26.4935 1.5
    endloop
  endfacet
  facet normal 0.685696 -0.185138 0.703949
    outer loop
      vertex 3.53267 26.3317 1.5
      vertex 2.0715 26.6234 3
      vertex 2.07123 26.6224 3
    endloop
  endfacet
  facet normal 0.688604 -0.172492 0.704323
    outer loop
      vertex 3.5732 26.4935 1.5
      vertex 2.1473 26.926 3
      vertex 2.0715 26.6234 3
    endloop
  endfacet
  facet normal 0.641728 -0.303501 0.704324
    outer loop
      vertex 2.25324 27.2218 3
      vertex 3.62941 26.6506 1.5
      vertex 3.70073 26.8014 1.5
    endloop
  endfacet
  facet normal 0.640065 -0.307231 0.70422
    outer loop
      vertex 3.62941 26.6506 1.5
      vertex 2.25324 27.2218 3
      vertex 2.25276 27.2208 3
    endloop
  endfacet
  facet normal 0.570198 -0.422847 0.704326
    outer loop
      vertex 3.88588 27.0785 1.5
      vertex 2.73405 28.0238 3
      vertex 2.54821 27.7732 3
    endloop
  endfacet
  facet normal 0.525947 -0.476766 0.704325
    outer loop
      vertex 3.88588 27.0785 1.5
      vertex 2.94354 28.2549 3
      vertex 2.73405 28.0238 3
    endloop
  endfacet
  facet normal -0.0348158 -0.709014 0.704334
    outer loop
      vertex 5.2 27.7 1.5
      vertex 5.51158 29.1748 3
      vertex 5.2 29.1901 3
    endloop
  endfacet
  facet normal 0.255012 -0.663032 0.703816
    outer loop
      vertex 4.27293 29.0523 3
      vertex 4.70652 27.6268 1.5
      vertex 4.27397 29.0527 3
    endloop
  endfacet
  facet normal 0.239137 -0.668392 0.70432
    outer loop
      vertex 4.70652 27.6268 1.5
      vertex 4.27293 29.0523 3
      vertex 4.54944 27.5706 1.5
    endloop
  endfacet
  facet normal 0.265782 -0.65781 0.704732
    outer loop
      vertex 3.97822 28.9468 3
      vertex 4.54944 27.5706 1.5
      vertex 3.97921 28.9472 3
    endloop
  endfacet
  facet normal 0.303411 -0.641759 0.704335
    outer loop
      vertex 4.54944 27.5706 1.5
      vertex 3.97822 28.9468 3
      vertex 4.39863 27.4993 1.5
    endloop
  endfacet
  facet normal 0.476644 -0.526054 0.704328
    outer loop
      vertex 2.9451 28.2565 3
      vertex 3.99792 27.2021 1.5
      vertex 4.12153 27.3141 1.5
    endloop
  endfacet
  facet normal 0.49545 -0.507836 0.704721
    outer loop
      vertex 3.99792 27.2021 1.5
      vertex 2.9451 28.2565 3
      vertex 2.94428 28.2557 3
    endloop
  endfacet
  facet normal 0.364993 -0.608861 0.704321
    outer loop
      vertex 4.39863 27.4993 1.5
      vertex 3.69621 28.8134 3
      vertex 3.42864 28.653 3
    endloop
  endfacet
  facet normal -0.525952 0.476761 0.704325
    outer loop
      vertex 6.40208 24.7979 1.5
      vertex 7.45646 23.7451 3
      vertex 6.51412 24.9215 1.5
    endloop
  endfacet
  facet normal -0.521008 0.481933 0.70448
    outer loop
      vertex 7.45646 23.7451 3
      vertex 6.40208 24.7979 1.5
      vertex 7.45572 23.7443 3
    endloop
  endfacet
  facet normal -0.49545 0.507836 0.704721
    outer loop
      vertex 6.40208 24.7979 1.5
      vertex 7.4549 23.7435 3
      vertex 7.45572 23.7443 3
    endloop
  endfacet
  facet normal -0.476644 0.526054 0.704328
    outer loop
      vertex 7.4549 23.7435 3
      vertex 6.40208 24.7979 1.5
      vertex 6.27847 24.6859 1.5
    endloop
  endfacet
  facet normal -0.570198 -0.422847 0.704326
    outer loop
      vertex 7.85179 27.7732 3
      vertex 7.66595 28.0238 3
      vertex 6.51412 27.0785 1.5
    endloop
  endfacet
  facet normal -0.575333 -0.415518 0.704512
    outer loop
      vertex 7.85179 27.7732 3
      vertex 6.6135 26.9445 1.5
      vertex 7.85244 27.7723 3
    endloop
  endfacet
  facet normal -0.570183 -0.422871 0.704323
    outer loop
      vertex 6.6135 26.9445 1.5
      vertex 7.85179 27.7732 3
      vertex 6.51412 27.0785 1.5
    endloop
  endfacet
  facet normal -0.0348907 -0.709004 0.704341
    outer loop
      vertex 5.36663 27.6918 1.5
      vertex 5.51158 29.1748 3
      vertex 5.2 27.7 1.5
    endloop
  endfacet
  facet normal -0.0642315 -0.706546 0.704746
    outer loop
      vertex 5.51158 29.1748 3
      vertex 5.36663 27.6918 1.5
      vertex 5.51268 29.1747 3
    endloop
  endfacet
  facet normal -0.191804 -0.684102 0.703715
    outer loop
      vertex 5.53165 27.6673 1.5
      vertex 5.82342 29.1285 3
      vertex 5.82235 29.1288 3
    endloop
  endfacet
  facet normal -0.172338 -0.688628 0.704337
    outer loop
      vertex 5.82342 29.1285 3
      vertex 5.53165 27.6673 1.5
      vertex 5.69348 27.6268 1.5
    endloop
  endfacet
  facet normal -0.378909 -0.59994 0.704628
    outer loop
      vertex 6.97136 28.653 3
      vertex 6.14447 27.4135 1.5
      vertex 6.97231 28.6524 3
    endloop
  endfacet
  facet normal -0.365041 -0.608827 0.704326
    outer loop
      vertex 6.14447 27.4135 1.5
      vertex 6.97136 28.653 3
      vertex 6.00137 27.4993 1.5
    endloop
  endfacet
  facet normal -0.608896 -0.364928 0.704325
    outer loop
      vertex 8.01339 27.5038 3
      vertex 7.85301 27.7714 3
      vertex 6.69927 26.8014 1.5
    endloop
  endfacet
  facet normal -0.641728 -0.303501 0.704324
    outer loop
      vertex 8.14676 27.2218 3
      vertex 8.01339 27.5038 3
      vertex 6.69927 26.8014 1.5
    endloop
  endfacet
  facet normal -0.702533 -0.102187 0.704277
    outer loop
      vertex 6.86733 26.3317 1.5
      vertex 8.32893 26.6213 3
      vertex 8.32877 26.6224 3
    endloop
  endfacet
  facet normal -0.7022 -0.104118 0.704326
    outer loop
      vertex 8.32893 26.6213 3
      vertex 6.86733 26.3317 1.5
      vertex 6.89181 26.1666 1.5
    endloop
  endfacet
  facet normal 0.239137 0.668392 0.70432
    outer loop
      vertex 4.27293 22.9477 3
      vertex 4.70652 24.3732 1.5
      vertex 4.54944 24.4294 1.5
    endloop
  endfacet
  facet normal 0.255012 0.663032 0.703816
    outer loop
      vertex 4.70652 24.3732 1.5
      vertex 4.27293 22.9477 3
      vertex 4.27397 22.9473 3
    endloop
  endfacet
  facet normal 0.365041 0.608827 0.704326
    outer loop
      vertex 4.25553 24.5865 1.5
      vertex 3.42864 23.347 3
      vertex 4.39863 24.5007 1.5
    endloop
  endfacet
  facet normal 0.378909 0.59994 0.704628
    outer loop
      vertex 3.42864 23.347 3
      vertex 4.25553 24.5865 1.5
      vertex 3.42769 23.3476 3
    endloop
  endfacet
  facet normal 0.702533 -0.102187 0.704277
    outer loop
      vertex 2.07107 26.6213 3
      vertex 3.53267 26.3317 1.5
      vertex 2.07123 26.6224 3
    endloop
  endfacet
  facet normal 0.7022 -0.104118 0.704326
    outer loop
      vertex 3.53267 26.3317 1.5
      vertex 2.07107 26.6213 3
      vertex 3.50819 26.1666 1.5
    endloop
  endfacet
  facet normal 0.608896 -0.364928 0.704325
    outer loop
      vertex 3.70073 26.8014 1.5
      vertex 2.54699 27.7714 3
      vertex 2.38661 27.5038 3
    endloop
  endfacet
  facet normal 0.641728 -0.303501 0.704324
    outer loop
      vertex 3.70073 26.8014 1.5
      vertex 2.38661 27.5038 3
      vertex 2.25324 27.2218 3
    endloop
  endfacet
  facet normal 0.668381 -0.239145 0.704327
    outer loop
      vertex 2.14767 26.9271 3
      vertex 3.5732 26.4935 1.5
      vertex 3.62941 26.6506 1.5
    endloop
  endfacet
  facet normal 0.672585 -0.226233 0.70459
    outer loop
      vertex 3.5732 26.4935 1.5
      vertex 2.14767 26.9271 3
      vertex 2.1473 26.926 3
    endloop
  endfacet
  facet normal 0.668378 -0.239155 0.704326
    outer loop
      vertex 3.62941 26.6506 1.5
      vertex 2.25276 27.2208 3
      vertex 2.14767 26.9271 3
    endloop
  endfacet
  facet normal 0.599453 -0.379653 0.704642
    outer loop
      vertex 2.54699 27.7714 3
      vertex 3.7865 26.9445 1.5
      vertex 2.54756 27.7723 3
    endloop
  endfacet
  facet normal 0.608882 -0.364947 0.704327
    outer loop
      vertex 3.7865 26.9445 1.5
      vertex 2.54699 27.7714 3
      vertex 3.70073 26.8014 1.5
    endloop
  endfacet
  facet normal 0.172486 -0.688603 0.704325
    outer loop
      vertex 4.70652 27.6268 1.5
      vertex 4.57658 29.1285 3
      vertex 4.27397 29.0527 3
    endloop
  endfacet
  facet normal 0.191804 -0.684102 0.703715
    outer loop
      vertex 4.57658 29.1285 3
      vertex 4.86835 27.6673 1.5
      vertex 4.57765 29.1288 3
    endloop
  endfacet
  facet normal 0.172338 -0.688628 0.704337
    outer loop
      vertex 4.86835 27.6673 1.5
      vertex 4.57658 29.1285 3
      vertex 4.70652 27.6268 1.5
    endloop
  endfacet
  facet normal 0.399674 -0.586188 0.70473
    outer loop
      vertex 3.42681 28.6518 3
      vertex 4.25553 27.4135 1.5
      vertex 3.42769 28.6524 3
    endloop
  endfacet
  facet normal 0.422924 -0.57014 0.704326
    outer loop
      vertex 4.25553 27.4135 1.5
      vertex 3.42681 28.6518 3
      vertex 4.12153 27.3141 1.5
    endloop
  endfacet
  facet normal -0.521008 -0.481933 0.70448
    outer loop
      vertex 6.40208 27.2021 1.5
      vertex 7.45646 28.2549 3
      vertex 7.45572 28.2557 3
    endloop
  endfacet
  facet normal -0.525952 -0.476761 0.704325
    outer loop
      vertex 7.45646 28.2549 3
      vertex 6.40208 27.2021 1.5
      vertex 6.51412 27.0785 1.5
    endloop
  endfacet
  facet normal 0.0642315 -0.706546 0.704746
    outer loop
      vertex 5.03337 27.6918 1.5
      vertex 4.88842 29.1748 3
      vertex 4.88732 29.1747 3
    endloop
  endfacet
  facet normal 0.0348907 -0.709004 0.704341
    outer loop
      vertex 4.88842 29.1748 3
      vertex 5.03337 27.6918 1.5
      vertex 5.2 27.7 1.5
    endloop
  endfacet
  facet normal -0.172486 -0.688603 0.704325
    outer loop
      vertex 6.12603 29.0527 3
      vertex 5.82342 29.1285 3
      vertex 5.69348 27.6268 1.5
    endloop
  endfacet
  facet normal -0.255012 -0.663032 0.703816
    outer loop
      vertex 5.69348 27.6268 1.5
      vertex 6.12707 29.0523 3
      vertex 6.12603 29.0527 3
    endloop
  endfacet
  facet normal -0.239137 -0.668392 0.70432
    outer loop
      vertex 6.12707 29.0523 3
      vertex 5.69348 27.6268 1.5
      vertex 5.85056 27.5706 1.5
    endloop
  endfacet
  facet normal -0.970072 0.242818 0
    outer loop
      vertex 58.4268 25.5065 0
      vertex 58.4673 25.6683 1.5
      vertex 58.4673 25.6683 0
    endloop
  endfacet
  facet normal -0.970072 0.242818 0
    outer loop
      vertex 58.4673 25.6683 1.5
      vertex 58.4268 25.5065 0
      vertex 58.4268 25.5065 1.5
    endloop
  endfacet
  facet normal -0.998791 0.0491602 0
    outer loop
      vertex 58.4918 25.8334 0
      vertex 58.5 26 1.5
      vertex 58.5 26 0
    endloop
  endfacet
  facet normal -0.998791 0.0491602 0
    outer loop
      vertex 58.5 26 1.5
      vertex 58.4918 25.8334 0
      vertex 58.4918 25.8334 1.5
    endloop
  endfacet
  facet normal 0.998791 0.0491602 0
    outer loop
      vertex 55.1082 25.8334 1.5
      vertex 55.1 26 0
      vertex 55.1 26 1.5
    endloop
  endfacet
  facet normal 0.998791 0.0491602 0
    outer loop
      vertex 55.1 26 0
      vertex 55.1082 25.8334 1.5
      vertex 55.1082 25.8334 0
    endloop
  endfacet
  facet normal -0.0491602 0.998791 0
    outer loop
      vertex 56.9666 24.3082 0
      vertex 56.8 24.3 1.5
      vertex 56.9666 24.3082 1.5
    endloop
  endfacet
  facet normal -0.0491602 0.998791 0
    outer loop
      vertex 56.8 24.3 1.5
      vertex 56.9666 24.3082 0
      vertex 56.8 24.3 0
    endloop
  endfacet
  facet normal -0.671478 0.741024 0
    outer loop
      vertex 58.0021 24.7979 0
      vertex 57.8785 24.6859 1.5
      vertex 58.0021 24.7979 1.5
    endloop
  endfacet
  facet normal -0.671478 0.741024 0
    outer loop
      vertex 57.8785 24.6859 1.5
      vertex 58.0021 24.7979 0
      vertex 57.8785 24.6859 0
    endloop
  endfacet
  facet normal 0.671478 0.741024 -0
    outer loop
      vertex 55.7215 24.6859 0
      vertex 55.5979 24.7979 1.5
      vertex 55.7215 24.6859 1.5
    endloop
  endfacet
  facet normal 0.671478 0.741024 0
    outer loop
      vertex 55.5979 24.7979 1.5
      vertex 55.7215 24.6859 0
      vertex 55.5979 24.7979 0
    endloop
  endfacet
  facet normal 0.33683 0.941566 -0
    outer loop
      vertex 56.3065 24.3732 0
      vertex 56.1494 24.4294 1.5
      vertex 56.3065 24.3732 1.5
    endloop
  endfacet
  facet normal 0.33683 0.941566 0
    outer loop
      vertex 56.1494 24.4294 1.5
      vertex 56.3065 24.3732 0
      vertex 56.1494 24.4294 0
    endloop
  endfacet
  facet normal 0.803154 -0.595772 0
    outer loop
      vertex 55.3865 26.9445 1.5
      vertex 55.4859 27.0785 0
      vertex 55.4859 27.0785 1.5
    endloop
  endfacet
  facet normal 0.803154 -0.595772 0
    outer loop
      vertex 55.4859 27.0785 0
      vertex 55.3865 26.9445 1.5
      vertex 55.3865 26.9445 0
    endloop
  endfacet
  facet normal -0.941566 0.33683 0
    outer loop
      vertex 58.3706 25.3494 0
      vertex 58.4268 25.5065 1.5
      vertex 58.4268 25.5065 0
    endloop
  endfacet
  facet normal -0.941566 0.33683 0
    outer loop
      vertex 58.4268 25.5065 1.5
      vertex 58.3706 25.3494 0
      vertex 58.3706 25.3494 1.5
    endloop
  endfacet
  facet normal -0.427442 0.904043 0
    outer loop
      vertex 57.6014 24.5007 0
      vertex 57.4506 24.4294 1.5
      vertex 57.6014 24.5007 1.5
    endloop
  endfacet
  facet normal -0.427442 0.904043 0
    outer loop
      vertex 57.4506 24.4294 1.5
      vertex 57.6014 24.5007 0
      vertex 57.4506 24.4294 0
    endloop
  endfacet
  facet normal -0.595772 0.803154 0
    outer loop
      vertex 57.8785 24.6859 0
      vertex 57.7445 24.5865 1.5
      vertex 57.8785 24.6859 1.5
    endloop
  endfacet
  facet normal -0.595772 0.803154 0
    outer loop
      vertex 57.7445 24.5865 1.5
      vertex 57.8785 24.6859 0
      vertex 57.7445 24.5865 0
    endloop
  endfacet
  facet normal 0.857652 0.514231 0
    outer loop
      vertex 55.3865 25.0555 1.5
      vertex 55.3007 25.1986 0
      vertex 55.3007 25.1986 1.5
    endloop
  endfacet
  facet normal 0.857652 0.514231 0
    outer loop
      vertex 55.3007 25.1986 0
      vertex 55.3865 25.0555 1.5
      vertex 55.3865 25.0555 0
    endloop
  endfacet
  facet normal 0.803154 0.595772 0
    outer loop
      vertex 55.4859 24.9215 1.5
      vertex 55.3865 25.0555 0
      vertex 55.3865 25.0555 1.5
    endloop
  endfacet
  facet normal 0.803154 0.595772 0
    outer loop
      vertex 55.3865 25.0555 0
      vertex 55.4859 24.9215 1.5
      vertex 55.4859 24.9215 0
    endloop
  endfacet
  facet normal -0.904043 -0.427442 0
    outer loop
      vertex 58.3706 26.6506 0
      vertex 58.2993 26.8014 1.5
      vertex 58.2993 26.8014 0
    endloop
  endfacet
  facet normal -0.904043 -0.427442 0
    outer loop
      vertex 58.2993 26.8014 1.5
      vertex 58.3706 26.6506 0
      vertex 58.3706 26.6506 1.5
    endloop
  endfacet
  facet normal -0.242818 -0.970072 0
    outer loop
      vertex 57.1317 27.6673 0
      vertex 57.2935 27.6268 1.5
      vertex 57.1317 27.6673 1.5
    endloop
  endfacet
  facet normal -0.242818 -0.970072 -0
    outer loop
      vertex 57.2935 27.6268 1.5
      vertex 57.1317 27.6673 0
      vertex 57.2935 27.6268 0
    endloop
  endfacet
  facet normal -0.741024 -0.671478 0
    outer loop
      vertex 58.1141 27.0785 0
      vertex 58.0021 27.2021 1.5
      vertex 58.0021 27.2021 0
    endloop
  endfacet
  facet normal -0.741024 -0.671478 0
    outer loop
      vertex 58.0021 27.2021 1.5
      vertex 58.1141 27.0785 0
      vertex 58.1141 27.0785 1.5
    endloop
  endfacet
  facet normal -0.970072 -0.242818 0
    outer loop
      vertex 58.4673 26.3317 0
      vertex 58.4268 26.4935 1.5
      vertex 58.4268 26.4935 0
    endloop
  endfacet
  facet normal -0.970072 -0.242818 0
    outer loop
      vertex 58.4268 26.4935 1.5
      vertex 58.4673 26.3317 0
      vertex 58.4673 26.3317 1.5
    endloop
  endfacet
  facet normal 0.33683 -0.941566 0
    outer loop
      vertex 56.1494 27.5706 0
      vertex 56.3065 27.6268 1.5
      vertex 56.1494 27.5706 1.5
    endloop
  endfacet
  facet normal 0.33683 -0.941566 0
    outer loop
      vertex 56.3065 27.6268 1.5
      vertex 56.1494 27.5706 0
      vertex 56.3065 27.6268 0
    endloop
  endfacet
  facet normal 0.514231 -0.857652 0
    outer loop
      vertex 55.8555 27.4135 0
      vertex 55.9986 27.4993 1.5
      vertex 55.8555 27.4135 1.5
    endloop
  endfacet
  facet normal 0.514231 -0.857652 0
    outer loop
      vertex 55.9986 27.4993 1.5
      vertex 55.8555 27.4135 0
      vertex 55.9986 27.4993 0
    endloop
  endfacet
  facet normal 0.970072 -0.242818 0
    outer loop
      vertex 55.1327 26.3317 1.5
      vertex 55.1732 26.4935 0
      vertex 55.1732 26.4935 1.5
    endloop
  endfacet
  facet normal 0.970072 -0.242818 0
    outer loop
      vertex 55.1732 26.4935 0
      vertex 55.1327 26.3317 1.5
      vertex 55.1327 26.3317 0
    endloop
  endfacet
  facet normal -0.904043 0.427442 0
    outer loop
      vertex 58.2993 25.1986 0
      vertex 58.3706 25.3494 1.5
      vertex 58.3706 25.3494 0
    endloop
  endfacet
  facet normal -0.904043 0.427442 0
    outer loop
      vertex 58.3706 25.3494 1.5
      vertex 58.2993 25.1986 0
      vertex 58.2993 25.1986 1.5
    endloop
  endfacet
  facet normal -0.857652 0.514231 0
    outer loop
      vertex 58.2135 25.0555 0
      vertex 58.2993 25.1986 1.5
      vertex 58.2993 25.1986 0
    endloop
  endfacet
  facet normal -0.857652 0.514231 0
    outer loop
      vertex 58.2993 25.1986 1.5
      vertex 58.2135 25.0555 0
      vertex 58.2135 25.0555 1.5
    endloop
  endfacet
  facet normal -0.741024 0.671478 0
    outer loop
      vertex 58.0021 24.7979 0
      vertex 58.1141 24.9215 1.5
      vertex 58.1141 24.9215 0
    endloop
  endfacet
  facet normal -0.741024 0.671478 0
    outer loop
      vertex 58.1141 24.9215 1.5
      vertex 58.0021 24.7979 0
      vertex 58.0021 24.7979 1.5
    endloop
  endfacet
  facet normal -0.803154 0.595772 0
    outer loop
      vertex 58.1141 24.9215 0
      vertex 58.2135 25.0555 1.5
      vertex 58.2135 25.0555 0
    endloop
  endfacet
  facet normal -0.803154 0.595772 0
    outer loop
      vertex 58.2135 25.0555 1.5
      vertex 58.1141 24.9215 0
      vertex 58.1141 24.9215 1.5
    endloop
  endfacet
  facet normal -0.242818 0.970072 0
    outer loop
      vertex 57.2935 24.3732 0
      vertex 57.1317 24.3327 1.5
      vertex 57.2935 24.3732 1.5
    endloop
  endfacet
  facet normal -0.242818 0.970072 0
    outer loop
      vertex 57.1317 24.3327 1.5
      vertex 57.2935 24.3732 0
      vertex 57.1317 24.3327 0
    endloop
  endfacet
  facet normal -0.514231 0.857652 0
    outer loop
      vertex 57.7445 24.5865 0
      vertex 57.6014 24.5007 1.5
      vertex 57.7445 24.5865 1.5
    endloop
  endfacet
  facet normal -0.514231 0.857652 0
    outer loop
      vertex 57.6014 24.5007 1.5
      vertex 57.7445 24.5865 0
      vertex 57.6014 24.5007 0
    endloop
  endfacet
  facet normal 0.904043 0.427442 0
    outer loop
      vertex 55.3007 25.1986 1.5
      vertex 55.2294 25.3494 0
      vertex 55.2294 25.3494 1.5
    endloop
  endfacet
  facet normal 0.904043 0.427442 0
    outer loop
      vertex 55.2294 25.3494 0
      vertex 55.3007 25.1986 1.5
      vertex 55.3007 25.1986 0
    endloop
  endfacet
  facet normal 0.970072 0.242818 0
    outer loop
      vertex 55.1732 25.5065 1.5
      vertex 55.1327 25.6683 0
      vertex 55.1327 25.6683 1.5
    endloop
  endfacet
  facet normal 0.970072 0.242818 0
    outer loop
      vertex 55.1327 25.6683 0
      vertex 55.1732 25.5065 1.5
      vertex 55.1732 25.5065 0
    endloop
  endfacet
  facet normal 0.514231 0.857652 -0
    outer loop
      vertex 55.9986 24.5007 0
      vertex 55.8555 24.5865 1.5
      vertex 55.9986 24.5007 1.5
    endloop
  endfacet
  facet normal 0.514231 0.857652 0
    outer loop
      vertex 55.8555 24.5865 1.5
      vertex 55.9986 24.5007 0
      vertex 55.8555 24.5865 0
    endloop
  endfacet
  facet normal 0.0491602 0.998791 -0
    outer loop
      vertex 56.8 24.3 0
      vertex 56.6334 24.3082 1.5
      vertex 56.8 24.3 1.5
    endloop
  endfacet
  facet normal 0.0491602 0.998791 0
    outer loop
      vertex 56.6334 24.3082 1.5
      vertex 56.8 24.3 0
      vertex 56.6334 24.3082 0
    endloop
  endfacet
  facet normal 0.146788 0.989168 -0
    outer loop
      vertex 56.6334 24.3082 0
      vertex 56.4683 24.3327 1.5
      vertex 56.6334 24.3082 1.5
    endloop
  endfacet
  facet normal 0.146788 0.989168 0
    outer loop
      vertex 56.4683 24.3327 1.5
      vertex 56.6334 24.3082 0
      vertex 56.4683 24.3327 0
    endloop
  endfacet
  facet normal -0.0491602 -0.998791 0
    outer loop
      vertex 56.8 27.7 0
      vertex 56.9666 27.6918 1.5
      vertex 56.8 27.7 1.5
    endloop
  endfacet
  facet normal -0.0491602 -0.998791 -0
    outer loop
      vertex 56.9666 27.6918 1.5
      vertex 56.8 27.7 0
      vertex 56.9666 27.6918 0
    endloop
  endfacet
  facet normal -0.146788 -0.989168 0
    outer loop
      vertex 56.9666 27.6918 0
      vertex 57.1317 27.6673 1.5
      vertex 56.9666 27.6918 1.5
    endloop
  endfacet
  facet normal -0.146788 -0.989168 -0
    outer loop
      vertex 57.1317 27.6673 1.5
      vertex 56.9666 27.6918 0
      vertex 57.1317 27.6673 0
    endloop
  endfacet
  facet normal -0.514231 -0.857652 0
    outer loop
      vertex 57.6014 27.4993 0
      vertex 57.7445 27.4135 1.5
      vertex 57.6014 27.4993 1.5
    endloop
  endfacet
  facet normal -0.514231 -0.857652 -0
    outer loop
      vertex 57.7445 27.4135 1.5
      vertex 57.6014 27.4993 0
      vertex 57.7445 27.4135 0
    endloop
  endfacet
  facet normal -0.671478 -0.741024 0
    outer loop
      vertex 57.8785 27.3141 0
      vertex 58.0021 27.2021 1.5
      vertex 57.8785 27.3141 1.5
    endloop
  endfacet
  facet normal -0.671478 -0.741024 -0
    outer loop
      vertex 58.0021 27.2021 1.5
      vertex 57.8785 27.3141 0
      vertex 58.0021 27.2021 0
    endloop
  endfacet
  facet normal -0.595772 -0.803154 0
    outer loop
      vertex 57.7445 27.4135 0
      vertex 57.8785 27.3141 1.5
      vertex 57.7445 27.4135 1.5
    endloop
  endfacet
  facet normal -0.595772 -0.803154 -0
    outer loop
      vertex 57.8785 27.3141 1.5
      vertex 57.7445 27.4135 0
      vertex 57.8785 27.3141 0
    endloop
  endfacet
  facet normal -0.803154 -0.595772 0
    outer loop
      vertex 58.2135 26.9445 0
      vertex 58.1141 27.0785 1.5
      vertex 58.1141 27.0785 0
    endloop
  endfacet
  facet normal -0.803154 -0.595772 0
    outer loop
      vertex 58.1141 27.0785 1.5
      vertex 58.2135 26.9445 0
      vertex 58.2135 26.9445 1.5
    endloop
  endfacet
  facet normal -0.857652 -0.514231 0
    outer loop
      vertex 58.2993 26.8014 0
      vertex 58.2135 26.9445 1.5
      vertex 58.2135 26.9445 0
    endloop
  endfacet
  facet normal -0.857652 -0.514231 0
    outer loop
      vertex 58.2135 26.9445 1.5
      vertex 58.2993 26.8014 0
      vertex 58.2993 26.8014 1.5
    endloop
  endfacet
  facet normal 0.146788 -0.989168 0
    outer loop
      vertex 56.4683 27.6673 0
      vertex 56.6334 27.6918 1.5
      vertex 56.4683 27.6673 1.5
    endloop
  endfacet
  facet normal 0.146788 -0.989168 0
    outer loop
      vertex 56.6334 27.6918 1.5
      vertex 56.4683 27.6673 0
      vertex 56.6334 27.6918 0
    endloop
  endfacet
  facet normal 0.671478 -0.741024 0
    outer loop
      vertex 55.5979 27.2021 0
      vertex 55.7215 27.3141 1.5
      vertex 55.5979 27.2021 1.5
    endloop
  endfacet
  facet normal 0.671478 -0.741024 0
    outer loop
      vertex 55.7215 27.3141 1.5
      vertex 55.5979 27.2021 0
      vertex 55.7215 27.3141 0
    endloop
  endfacet
  facet normal 0.427442 -0.904043 0
    outer loop
      vertex 55.9986 27.4993 0
      vertex 56.1494 27.5706 1.5
      vertex 55.9986 27.4993 1.5
    endloop
  endfacet
  facet normal 0.427442 -0.904043 0
    outer loop
      vertex 56.1494 27.5706 1.5
      vertex 55.9986 27.4993 0
      vertex 56.1494 27.5706 0
    endloop
  endfacet
  facet normal 0.0491602 -0.998791 0
    outer loop
      vertex 56.6334 27.6918 0
      vertex 56.8 27.7 1.5
      vertex 56.6334 27.6918 1.5
    endloop
  endfacet
  facet normal 0.0491602 -0.998791 0
    outer loop
      vertex 56.8 27.7 1.5
      vertex 56.6334 27.6918 0
      vertex 56.8 27.7 0
    endloop
  endfacet
  facet normal 0.595772 -0.803154 0
    outer loop
      vertex 55.7215 27.3141 0
      vertex 55.8555 27.4135 1.5
      vertex 55.7215 27.3141 1.5
    endloop
  endfacet
  facet normal 0.595772 -0.803154 0
    outer loop
      vertex 55.8555 27.4135 1.5
      vertex 55.7215 27.3141 0
      vertex 55.8555 27.4135 0
    endloop
  endfacet
  facet normal 0.904043 -0.427442 0
    outer loop
      vertex 55.2294 26.6506 1.5
      vertex 55.3007 26.8014 0
      vertex 55.3007 26.8014 1.5
    endloop
  endfacet
  facet normal 0.904043 -0.427442 0
    outer loop
      vertex 55.3007 26.8014 0
      vertex 55.2294 26.6506 1.5
      vertex 55.2294 26.6506 0
    endloop
  endfacet
  facet normal 0.857652 -0.514231 0
    outer loop
      vertex 55.3007 26.8014 1.5
      vertex 55.3865 26.9445 0
      vertex 55.3865 26.9445 1.5
    endloop
  endfacet
  facet normal 0.857652 -0.514231 0
    outer loop
      vertex 55.3865 26.9445 0
      vertex 55.3007 26.8014 1.5
      vertex 55.3007 26.8014 0
    endloop
  endfacet
  facet normal 0.998791 -0.0491602 0
    outer loop
      vertex 55.1 26 1.5
      vertex 55.1082 26.1666 0
      vertex 55.1082 26.1666 1.5
    endloop
  endfacet
  facet normal 0.998791 -0.0491602 0
    outer loop
      vertex 55.1082 26.1666 0
      vertex 55.1 26 1.5
      vertex 55.1 26 0
    endloop
  endfacet
  facet normal -0.989168 0.146788 0
    outer loop
      vertex 58.4673 25.6683 0
      vertex 58.4918 25.8334 1.5
      vertex 58.4918 25.8334 0
    endloop
  endfacet
  facet normal -0.989168 0.146788 0
    outer loop
      vertex 58.4918 25.8334 1.5
      vertex 58.4673 25.6683 0
      vertex 58.4673 25.6683 1.5
    endloop
  endfacet
  facet normal -0.146788 0.989168 0
    outer loop
      vertex 57.1317 24.3327 0
      vertex 56.9666 24.3082 1.5
      vertex 57.1317 24.3327 1.5
    endloop
  endfacet
  facet normal -0.146788 0.989168 0
    outer loop
      vertex 56.9666 24.3082 1.5
      vertex 57.1317 24.3327 0
      vertex 56.9666 24.3082 0
    endloop
  endfacet
  facet normal -0.33683 0.941566 0
    outer loop
      vertex 57.4506 24.4294 0
      vertex 57.2935 24.3732 1.5
      vertex 57.4506 24.4294 1.5
    endloop
  endfacet
  facet normal -0.33683 0.941566 0
    outer loop
      vertex 57.2935 24.3732 1.5
      vertex 57.4506 24.4294 0
      vertex 57.2935 24.3732 0
    endloop
  endfacet
  facet normal 0.741024 0.671478 0
    outer loop
      vertex 55.5979 24.7979 1.5
      vertex 55.4859 24.9215 0
      vertex 55.4859 24.9215 1.5
    endloop
  endfacet
  facet normal 0.741024 0.671478 0
    outer loop
      vertex 55.4859 24.9215 0
      vertex 55.5979 24.7979 1.5
      vertex 55.5979 24.7979 0
    endloop
  endfacet
  facet normal 0.989168 0.146788 0
    outer loop
      vertex 55.1327 25.6683 1.5
      vertex 55.1082 25.8334 0
      vertex 55.1082 25.8334 1.5
    endloop
  endfacet
  facet normal 0.989168 0.146788 0
    outer loop
      vertex 55.1082 25.8334 0
      vertex 55.1327 25.6683 1.5
      vertex 55.1327 25.6683 0
    endloop
  endfacet
  facet normal 0.941566 0.33683 0
    outer loop
      vertex 55.2294 25.3494 1.5
      vertex 55.1732 25.5065 0
      vertex 55.1732 25.5065 1.5
    endloop
  endfacet
  facet normal 0.941566 0.33683 0
    outer loop
      vertex 55.1732 25.5065 0
      vertex 55.2294 25.3494 1.5
      vertex 55.2294 25.3494 0
    endloop
  endfacet
  facet normal 0.595772 0.803154 -0
    outer loop
      vertex 55.8555 24.5865 0
      vertex 55.7215 24.6859 1.5
      vertex 55.8555 24.5865 1.5
    endloop
  endfacet
  facet normal 0.595772 0.803154 0
    outer loop
      vertex 55.7215 24.6859 1.5
      vertex 55.8555 24.5865 0
      vertex 55.7215 24.6859 0
    endloop
  endfacet
  facet normal 0.427442 0.904043 -0
    outer loop
      vertex 56.1494 24.4294 0
      vertex 55.9986 24.5007 1.5
      vertex 56.1494 24.4294 1.5
    endloop
  endfacet
  facet normal 0.427442 0.904043 0
    outer loop
      vertex 55.9986 24.5007 1.5
      vertex 56.1494 24.4294 0
      vertex 55.9986 24.5007 0
    endloop
  endfacet
  facet normal 0.242818 0.970072 -0
    outer loop
      vertex 56.4683 24.3327 0
      vertex 56.3065 24.3732 1.5
      vertex 56.4683 24.3327 1.5
    endloop
  endfacet
  facet normal 0.242818 0.970072 0
    outer loop
      vertex 56.3065 24.3732 1.5
      vertex 56.4683 24.3327 0
      vertex 56.3065 24.3732 0
    endloop
  endfacet
  facet normal -0.427442 -0.904043 0
    outer loop
      vertex 57.4506 27.5706 0
      vertex 57.6014 27.4993 1.5
      vertex 57.4506 27.5706 1.5
    endloop
  endfacet
  facet normal -0.427442 -0.904043 -0
    outer loop
      vertex 57.6014 27.4993 1.5
      vertex 57.4506 27.5706 0
      vertex 57.6014 27.4993 0
    endloop
  endfacet
  facet normal -0.33683 -0.941566 0
    outer loop
      vertex 57.2935 27.6268 0
      vertex 57.4506 27.5706 1.5
      vertex 57.2935 27.6268 1.5
    endloop
  endfacet
  facet normal -0.33683 -0.941566 -0
    outer loop
      vertex 57.4506 27.5706 1.5
      vertex 57.2935 27.6268 0
      vertex 57.4506 27.5706 0
    endloop
  endfacet
  facet normal -0.941566 -0.33683 0
    outer loop
      vertex 58.4268 26.4935 0
      vertex 58.3706 26.6506 1.5
      vertex 58.3706 26.6506 0
    endloop
  endfacet
  facet normal -0.941566 -0.33683 0
    outer loop
      vertex 58.3706 26.6506 1.5
      vertex 58.4268 26.4935 0
      vertex 58.4268 26.4935 1.5
    endloop
  endfacet
  facet normal -0.989168 -0.146788 0
    outer loop
      vertex 58.4918 26.1666 0
      vertex 58.4673 26.3317 1.5
      vertex 58.4673 26.3317 0
    endloop
  endfacet
  facet normal -0.989168 -0.146788 0
    outer loop
      vertex 58.4673 26.3317 1.5
      vertex 58.4918 26.1666 0
      vertex 58.4918 26.1666 1.5
    endloop
  endfacet
  facet normal -0.998791 -0.0491602 0
    outer loop
      vertex 58.5 26 0
      vertex 58.4918 26.1666 1.5
      vertex 58.4918 26.1666 0
    endloop
  endfacet
  facet normal -0.998791 -0.0491602 0
    outer loop
      vertex 58.4918 26.1666 1.5
      vertex 58.5 26 0
      vertex 58.5 26 1.5
    endloop
  endfacet
  facet normal 0.242818 -0.970072 0
    outer loop
      vertex 56.3065 27.6268 0
      vertex 56.4683 27.6673 1.5
      vertex 56.3065 27.6268 1.5
    endloop
  endfacet
  facet normal 0.242818 -0.970072 0
    outer loop
      vertex 56.4683 27.6673 1.5
      vertex 56.3065 27.6268 0
      vertex 56.4683 27.6673 0
    endloop
  endfacet
  facet normal 0.741024 -0.671478 0
    outer loop
      vertex 55.4859 27.0785 1.5
      vertex 55.5979 27.2021 0
      vertex 55.5979 27.2021 1.5
    endloop
  endfacet
  facet normal 0.741024 -0.671478 0
    outer loop
      vertex 55.5979 27.2021 0
      vertex 55.4859 27.0785 1.5
      vertex 55.4859 27.0785 0
    endloop
  endfacet
  facet normal 0.989168 -0.146788 0
    outer loop
      vertex 55.1082 26.1666 1.5
      vertex 55.1327 26.3317 0
      vertex 55.1327 26.3317 1.5
    endloop
  endfacet
  facet normal 0.989168 -0.146788 0
    outer loop
      vertex 55.1327 26.3317 0
      vertex 55.1082 26.1666 1.5
      vertex 55.1082 26.1666 0
    endloop
  endfacet
  facet normal 0.941566 -0.33683 0
    outer loop
      vertex 55.1732 26.4935 1.5
      vertex 55.2294 26.6506 0
      vertex 55.2294 26.6506 1.5
    endloop
  endfacet
  facet normal 0.941566 -0.33683 0
    outer loop
      vertex 55.2294 26.6506 0
      vertex 55.1732 26.4935 1.5
      vertex 55.1732 26.4935 0
    endloop
  endfacet
  facet normal -0.709014 0.0348136 0.704335
    outer loop
      vertex 59.9748 25.6884 3
      vertex 59.9901 26 3
      vertex 58.5 26 1.5
    endloop
  endfacet
  facet normal -0.668381 -0.239179 0.704315
    outer loop
      vertex 59.8523 26.9271 3
      vertex 59.7472 27.2208 3
      vertex 58.3706 26.6506 1.5
    endloop
  endfacet
  facet normal -0.0348136 0.709014 0.704335
    outer loop
      vertex 56.8 22.8099 3
      vertex 57.1116 22.8252 3
      vertex 56.8 24.3 1.5
    endloop
  endfacet
  facet normal 0.709014 -0.0348136 0.704335
    outer loop
      vertex 55.1 26 1.5
      vertex 53.6252 26.3116 3
      vertex 53.6099 26 3
    endloop
  endfacet
  facet normal -0.66723 0.242629 0.704227
    outer loop
      vertex 58.4268 25.5065 1.5
      vertex 59.8523 25.0729 3
      vertex 59.8527 25.074 3
    endloop
  endfacet
  facet normal -0.6684 0.239109 0.704321
    outer loop
      vertex 59.8523 25.0729 3
      vertex 58.4268 25.5065 1.5
      vertex 58.3706 25.3494 1.5
    endloop
  endfacet
  facet normal -0.303428 0.641753 0.704333
    outer loop
      vertex 57.4506 24.4294 1.5
      vertex 58.0218 23.0532 3
      vertex 57.6014 24.5007 1.5
    endloop
  endfacet
  facet normal -0.263498 0.658744 0.704716
    outer loop
      vertex 58.0218 23.0532 3
      vertex 57.4506 24.4294 1.5
      vertex 58.0208 23.0528 3
    endloop
  endfacet
  facet normal -0.681045 0.204313 0.70316
    outer loop
      vertex 58.4673 25.6683 1.5
      vertex 59.9285 25.3766 3
      vertex 59.9288 25.3776 3
    endloop
  endfacet
  facet normal -0.688625 0.172369 0.704333
    outer loop
      vertex 59.9285 25.3766 3
      vertex 58.4673 25.6683 1.5
      vertex 58.4268 25.5065 1.5
    endloop
  endfacet
  facet normal -0.263498 -0.658744 0.704716
    outer loop
      vertex 57.4506 27.5706 1.5
      vertex 58.0218 28.9468 3
      vertex 58.0208 28.9472 3
    endloop
  endfacet
  facet normal -0.303428 -0.641753 0.704333
    outer loop
      vertex 58.0218 28.9468 3
      vertex 57.4506 27.5706 1.5
      vertex 57.6014 27.4993 1.5
    endloop
  endfacet
  facet normal -0.0644076 0.708484 0.702782
    outer loop
      vertex 57.1317 24.3327 1.5
      vertex 57.4213 22.8711 3
      vertex 57.4224 22.8712 3
    endloop
  endfacet
  facet normal -0.104201 0.702186 0.704328
    outer loop
      vertex 57.4213 22.8711 3
      vertex 57.1317 24.3327 1.5
      vertex 56.9666 24.3082 1.5
    endloop
  endfacet
  facet normal -0.422782 0.570232 0.704337
    outer loop
      vertex 58.5732 23.3482 3
      vertex 58.8238 23.534 3
      vertex 57.8785 24.6859 1.5
    endloop
  endfacet
  facet normal 0.172369 0.688625 0.704333
    outer loop
      vertex 56.1766 22.8715 3
      vertex 56.4683 24.3327 1.5
      vertex 56.3065 24.3732 1.5
    endloop
  endfacet
  facet normal 0.186893 0.685276 0.703895
    outer loop
      vertex 56.4683 24.3327 1.5
      vertex 56.1766 22.8715 3
      vertex 56.1777 22.8712 3
    endloop
  endfacet
  facet normal 0.641753 0.303428 0.704333
    outer loop
      vertex 55.2294 25.3494 1.5
      vertex 53.8532 24.7782 3
      vertex 55.3007 25.1986 1.5
    endloop
  endfacet
  facet normal 0.658744 0.263498 0.704716
    outer loop
      vertex 53.8532 24.7782 3
      vertex 55.2294 25.3494 1.5
      vertex 53.8528 24.7792 3
    endloop
  endfacet
  facet normal 0.501667 -0.501667 0.704742
    outer loop
      vertex 54.5435 28.2549 3
      vertex 55.5979 27.2021 1.5
      vertex 54.5443 28.2557 3
    endloop
  endfacet
  facet normal 0.526036 -0.476667 0.704325
    outer loop
      vertex 55.5979 27.2021 1.5
      vertex 54.5435 28.2549 3
      vertex 55.4859 27.0785 1.5
    endloop
  endfacet
  facet normal 0.239179 -0.668381 0.704315
    outer loop
      vertex 56.1494 27.5706 1.5
      vertex 55.8729 29.0523 3
      vertex 55.5792 28.9472 3
    endloop
  endfacet
  facet normal -0.590311 0.393541 0.70474
    outer loop
      vertex 58.2135 25.0555 1.5
      vertex 59.4518 24.2268 3
      vertex 59.4524 24.2277 3
    endloop
  endfacet
  facet normal -0.570142 0.422926 0.704324
    outer loop
      vertex 59.4518 24.2268 3
      vertex 58.2135 25.0555 1.5
      vertex 58.1141 24.9215 1.5
    endloop
  endfacet
  facet normal -0.0644076 -0.708484 0.702782
    outer loop
      vertex 57.4213 29.1289 3
      vertex 57.1317 27.6673 1.5
      vertex 57.4224 29.1288 3
    endloop
  endfacet
  facet normal -0.104201 -0.702186 0.704328
    outer loop
      vertex 57.1317 27.6673 1.5
      vertex 57.4213 29.1289 3
      vertex 56.9666 27.6918 1.5
    endloop
  endfacet
  facet normal -0.364964 -0.60888 0.70432
    outer loop
      vertex 58.5714 28.653 3
      vertex 58.3038 28.8134 3
      vertex 57.6014 27.4993 1.5
    endloop
  endfacet
  facet normal -0.709014 -0.0348136 0.704335
    outer loop
      vertex 59.9901 26 3
      vertex 59.9748 26.3116 3
      vertex 58.5 26 1.5
    endloop
  endfacet
  facet normal -0.706545 -0.0642314 0.704747
    outer loop
      vertex 58.4918 26.1666 1.5
      vertex 59.9748 26.3116 3
      vertex 59.9747 26.3127 3
    endloop
  endfacet
  facet normal -0.709003 -0.0348969 0.704341
    outer loop
      vertex 59.9748 26.3116 3
      vertex 58.4918 26.1666 1.5
      vertex 58.5 26 1.5
    endloop
  endfacet
  facet normal -0.688604 -0.172492 0.704323
    outer loop
      vertex 59.9285 26.6234 3
      vertex 59.8527 26.926 3
      vertex 58.4268 26.4935 1.5
    endloop
  endfacet
  facet normal -0.702183 -0.104213 0.704329
    outer loop
      vertex 59.9747 26.3127 3
      vertex 59.9289 26.6213 3
      vertex 58.4918 26.1666 1.5
    endloop
  endfacet
  facet normal -0.239179 0.668381 0.704315
    outer loop
      vertex 57.7271 22.9477 3
      vertex 58.0208 23.0528 3
      vertex 57.4506 24.4294 1.5
    endloop
  endfacet
  facet normal -0.393541 0.590311 0.70474
    outer loop
      vertex 57.7445 24.5865 1.5
      vertex 58.5714 23.347 3
      vertex 58.5723 23.3476 3
    endloop
  endfacet
  facet normal -0.36504 0.608826 0.704327
    outer loop
      vertex 58.5714 23.347 3
      vertex 57.7445 24.5865 1.5
      vertex 57.6014 24.5007 1.5
    endloop
  endfacet
  facet normal 0.172492 0.688604 0.704323
    outer loop
      vertex 56.1766 22.8715 3
      vertex 56.3065 24.3732 1.5
      vertex 55.874 22.9473 3
    endloop
  endfacet
  facet normal -0.172369 0.688625 0.704333
    outer loop
      vertex 57.1317 24.3327 1.5
      vertex 57.4234 22.8715 3
      vertex 57.2935 24.3732 1.5
    endloop
  endfacet
  facet normal -0.204313 0.681045 0.70316
    outer loop
      vertex 57.4234 22.8715 3
      vertex 57.1317 24.3327 1.5
      vertex 57.4224 22.8712 3
    endloop
  endfacet
  facet normal -0.0642314 0.706545 0.704747
    outer loop
      vertex 56.9666 24.3082 1.5
      vertex 57.1116 22.8252 3
      vertex 57.1127 22.8253 3
    endloop
  endfacet
  facet normal -0.0348969 0.709003 0.704341
    outer loop
      vertex 57.1116 22.8252 3
      vertex 56.9666 24.3082 1.5
      vertex 56.8 24.3 1.5
    endloop
  endfacet
  facet normal -0.104213 0.702183 0.704329
    outer loop
      vertex 57.1127 22.8253 3
      vertex 57.4213 22.8711 3
      vertex 56.9666 24.3082 1.5
    endloop
  endfacet
  facet normal 0.0348136 0.709014 0.704335
    outer loop
      vertex 56.8 22.8099 3
      vertex 56.8 24.3 1.5
      vertex 56.4884 22.8252 3
    endloop
  endfacet
  facet normal 0.526036 0.476667 0.704325
    outer loop
      vertex 54.5435 23.7451 3
      vertex 55.5979 24.7979 1.5
      vertex 55.4859 24.9215 1.5
    endloop
  endfacet
  facet normal 0.501667 0.501667 0.704742
    outer loop
      vertex 55.5979 24.7979 1.5
      vertex 54.5435 23.7451 3
      vertex 54.5443 23.7443 3
    endloop
  endfacet
  facet normal 0.709014 0.0348136 0.704335
    outer loop
      vertex 53.6252 25.6884 3
      vertex 55.1 26 1.5
      vertex 53.6099 26 3
    endloop
  endfacet
  facet normal 0.688625 0.172369 0.704333
    outer loop
      vertex 55.1327 25.6683 1.5
      vertex 53.6715 25.3766 3
      vertex 55.1732 25.5065 1.5
    endloop
  endfacet
  facet normal 0.681045 0.204313 0.70316
    outer loop
      vertex 53.6715 25.3766 3
      vertex 55.1327 25.6683 1.5
      vertex 53.6712 25.3776 3
    endloop
  endfacet
  facet normal 0.668381 0.239179 0.704315
    outer loop
      vertex 53.8528 24.7792 3
      vertex 55.2294 25.3494 1.5
      vertex 53.7477 25.0729 3
    endloop
  endfacet
  facet normal 0.702186 0.104201 0.704328
    outer loop
      vertex 53.6711 25.3787 3
      vertex 55.1327 25.6683 1.5
      vertex 55.1082 25.8334 1.5
    endloop
  endfacet
  facet normal 0.708484 0.0644076 0.702782
    outer loop
      vertex 55.1327 25.6683 1.5
      vertex 53.6711 25.3787 3
      vertex 53.6712 25.3776 3
    endloop
  endfacet
  facet normal 0.570142 0.422926 0.704324
    outer loop
      vertex 55.3865 25.0555 1.5
      vertex 54.1482 24.2268 3
      vertex 55.4859 24.9215 1.5
    endloop
  endfacet
  facet normal 0.590311 0.393541 0.70474
    outer loop
      vertex 54.1482 24.2268 3
      vertex 55.3865 25.0555 1.5
      vertex 54.1476 24.2277 3
    endloop
  endfacet
  facet normal 0.608826 0.36504 0.704327
    outer loop
      vertex 54.147 24.2286 3
      vertex 55.3865 25.0555 1.5
      vertex 55.3007 25.1986 1.5
    endloop
  endfacet
  facet normal 0.590311 0.393541 0.70474
    outer loop
      vertex 55.3865 25.0555 1.5
      vertex 54.147 24.2286 3
      vertex 54.1476 24.2277 3
    endloop
  endfacet
  facet normal 0.702183 -0.104213 0.704329
    outer loop
      vertex 55.1082 26.1666 1.5
      vertex 53.6711 26.6213 3
      vertex 53.6253 26.3127 3
    endloop
  endfacet
  facet normal -0.702186 0.104201 0.704328
    outer loop
      vertex 58.4673 25.6683 1.5
      vertex 59.9289 25.3787 3
      vertex 58.4918 25.8334 1.5
    endloop
  endfacet
  facet normal -0.708484 0.0644076 0.702782
    outer loop
      vertex 59.9289 25.3787 3
      vertex 58.4673 25.6683 1.5
      vertex 59.9288 25.3776 3
    endloop
  endfacet
  facet normal -0.668381 0.239179 0.704315
    outer loop
      vertex 59.7472 24.7792 3
      vertex 59.8523 25.0729 3
      vertex 58.3706 25.3494 1.5
    endloop
  endfacet
  facet normal -0.688604 0.172492 0.704323
    outer loop
      vertex 59.8527 25.074 3
      vertex 59.9285 25.3766 3
      vertex 58.4268 25.5065 1.5
    endloop
  endfacet
  facet normal -0.60888 0.364964 0.70432
    outer loop
      vertex 59.453 24.2286 3
      vertex 59.6134 24.4962 3
      vertex 58.2993 25.1986 1.5
    endloop
  endfacet
  facet normal -0.608826 0.36504 0.704327
    outer loop
      vertex 58.2135 25.0555 1.5
      vertex 59.453 24.2286 3
      vertex 58.2993 25.1986 1.5
    endloop
  endfacet
  facet normal -0.590311 0.393541 0.70474
    outer loop
      vertex 59.453 24.2286 3
      vertex 58.2135 25.0555 1.5
      vertex 59.4524 24.2277 3
    endloop
  endfacet
  facet normal -0.525927 0.47677 0.704337
    outer loop
      vertex 59.0565 23.7451 3
      vertex 59.266 23.9762 3
      vertex 58.1141 24.9215 1.5
    endloop
  endfacet
  facet normal -0.570232 0.422782 0.704337
    outer loop
      vertex 59.266 23.9762 3
      vertex 59.4518 24.2268 3
      vertex 58.1141 24.9215 1.5
    endloop
  endfacet
  facet normal 0.0642314 -0.706545 0.704747
    outer loop
      vertex 56.6334 27.6918 1.5
      vertex 56.4884 29.1748 3
      vertex 56.4873 29.1747 3
    endloop
  endfacet
  facet normal 0.0348969 -0.709003 0.704341
    outer loop
      vertex 56.4884 29.1748 3
      vertex 56.6334 27.6918 1.5
      vertex 56.8 27.7 1.5
    endloop
  endfacet
  facet normal -0.239179 -0.668381 0.704315
    outer loop
      vertex 58.0208 28.9472 3
      vertex 57.7271 29.0523 3
      vertex 57.4506 27.5706 1.5
    endloop
  endfacet
  facet normal -0.303558 -0.641704 0.704321
    outer loop
      vertex 58.3038 28.8134 3
      vertex 58.0218 28.9468 3
      vertex 57.6014 27.4993 1.5
    endloop
  endfacet
  facet normal -0.66723 -0.242629 0.704227
    outer loop
      vertex 59.8523 26.9271 3
      vertex 58.4268 26.4935 1.5
      vertex 59.8527 26.926 3
    endloop
  endfacet
  facet normal -0.6684 -0.239109 0.704321
    outer loop
      vertex 58.4268 26.4935 1.5
      vertex 59.8523 26.9271 3
      vertex 58.3706 26.6506 1.5
    endloop
  endfacet
  facet normal -0.364964 0.60888 0.70432
    outer loop
      vertex 58.3038 23.1866 3
      vertex 58.5714 23.347 3
      vertex 57.6014 24.5007 1.5
    endloop
  endfacet
  facet normal -0.303558 0.641704 0.704321
    outer loop
      vertex 58.0218 23.0532 3
      vertex 58.3038 23.1866 3
      vertex 57.6014 24.5007 1.5
    endloop
  endfacet
  facet normal -0.47677 0.525927 0.704337
    outer loop
      vertex 58.8238 23.534 3
      vertex 59.0549 23.7435 3
      vertex 57.8785 24.6859 1.5
    endloop
  endfacet
  facet normal 0.239179 0.668381 0.704315
    outer loop
      vertex 55.8729 22.9477 3
      vertex 56.1494 24.4294 1.5
      vertex 55.5792 23.0528 3
    endloop
  endfacet
  facet normal 0.422782 0.570232 0.704337
    outer loop
      vertex 55.0268 23.3482 3
      vertex 55.7215 24.6859 1.5
      vertex 54.7762 23.534 3
    endloop
  endfacet
  facet normal -0.239109 0.6684 0.704321
    outer loop
      vertex 57.2935 24.3732 1.5
      vertex 57.7271 22.9477 3
      vertex 57.4506 24.4294 1.5
    endloop
  endfacet
  facet normal -0.242629 0.66723 0.704227
    outer loop
      vertex 57.7271 22.9477 3
      vertex 57.2935 24.3732 1.5
      vertex 57.726 22.9473 3
    endloop
  endfacet
  facet normal -0.172492 0.688604 0.704323
    outer loop
      vertex 57.4234 22.8715 3
      vertex 57.726 22.9473 3
      vertex 57.2935 24.3732 1.5
    endloop
  endfacet
  facet normal 0.0348969 0.709003 0.704341
    outer loop
      vertex 56.6334 24.3082 1.5
      vertex 56.4884 22.8252 3
      vertex 56.8 24.3 1.5
    endloop
  endfacet
  facet normal 0.0642314 0.706545 0.704747
    outer loop
      vertex 56.4884 22.8252 3
      vertex 56.6334 24.3082 1.5
      vertex 56.4873 22.8253 3
    endloop
  endfacet
  facet normal 0.6684 0.239109 0.704321
    outer loop
      vertex 55.1732 25.5065 1.5
      vertex 53.7477 25.0729 3
      vertex 55.2294 25.3494 1.5
    endloop
  endfacet
  facet normal 0.66723 0.242629 0.704227
    outer loop
      vertex 53.7477 25.0729 3
      vertex 55.1732 25.5065 1.5
      vertex 53.7473 25.074 3
    endloop
  endfacet
  facet normal 0.688604 0.172492 0.704323
    outer loop
      vertex 53.7473 25.074 3
      vertex 55.1732 25.5065 1.5
      vertex 53.6715 25.3766 3
    endloop
  endfacet
  facet normal 0.702183 0.104213 0.704329
    outer loop
      vertex 53.6711 25.3787 3
      vertex 55.1082 25.8334 1.5
      vertex 53.6253 25.6873 3
    endloop
  endfacet
  facet normal 0.709003 0.0348969 0.704341
    outer loop
      vertex 53.6252 25.6884 3
      vertex 55.1082 25.8334 1.5
      vertex 55.1 26 1.5
    endloop
  endfacet
  facet normal 0.706545 0.0642314 0.704747
    outer loop
      vertex 55.1082 25.8334 1.5
      vertex 53.6252 25.6884 3
      vertex 53.6253 25.6873 3
    endloop
  endfacet
  facet normal 0.525927 0.47677 0.704337
    outer loop
      vertex 54.5435 23.7451 3
      vertex 55.4859 24.9215 1.5
      vertex 54.334 23.9762 3
    endloop
  endfacet
  facet normal 0.570232 0.422782 0.704337
    outer loop
      vertex 54.334 23.9762 3
      vertex 55.4859 24.9215 1.5
      vertex 54.1482 24.2268 3
    endloop
  endfacet
  facet normal 0.60888 0.364964 0.70432
    outer loop
      vertex 54.147 24.2286 3
      vertex 55.3007 25.1986 1.5
      vertex 53.9866 24.4962 3
    endloop
  endfacet
  facet normal 0.641704 0.303558 0.704321
    outer loop
      vertex 53.9866 24.4962 3
      vertex 55.3007 25.1986 1.5
      vertex 53.8532 24.7782 3
    endloop
  endfacet
  facet normal 0.706545 -0.0642314 0.704747
    outer loop
      vertex 53.6252 26.3116 3
      vertex 55.1082 26.1666 1.5
      vertex 53.6253 26.3127 3
    endloop
  endfacet
  facet normal 0.709003 -0.0348969 0.704341
    outer loop
      vertex 55.1082 26.1666 1.5
      vertex 53.6252 26.3116 3
      vertex 55.1 26 1.5
    endloop
  endfacet
  facet normal 0.590311 -0.393541 0.70474
    outer loop
      vertex 54.147 27.7714 3
      vertex 55.3865 26.9445 1.5
      vertex 54.1476 27.7723 3
    endloop
  endfacet
  facet normal 0.608826 -0.36504 0.704327
    outer loop
      vertex 55.3865 26.9445 1.5
      vertex 54.147 27.7714 3
      vertex 55.3007 26.8014 1.5
    endloop
  endfacet
  facet normal 0.0348136 -0.709014 0.704335
    outer loop
      vertex 56.8 27.7 1.5
      vertex 56.8 29.1901 3
      vertex 56.4884 29.1748 3
    endloop
  endfacet
  facet normal 0.47677 -0.525927 0.704337
    outer loop
      vertex 55.7215 27.3141 1.5
      vertex 54.7762 28.466 3
      vertex 54.5451 28.2565 3
    endloop
  endfacet
  facet normal 0.303558 -0.641704 0.704321
    outer loop
      vertex 55.9986 27.4993 1.5
      vertex 55.5782 28.9468 3
      vertex 55.2962 28.8134 3
    endloop
  endfacet
  facet normal 0.422782 -0.570232 0.704337
    outer loop
      vertex 55.7215 27.3141 1.5
      vertex 55.0268 28.6518 3
      vertex 54.7762 28.466 3
    endloop
  endfacet
  facet normal 0.393541 -0.590311 0.70474
    outer loop
      vertex 55.0268 28.6518 3
      vertex 55.8555 27.4135 1.5
      vertex 55.0277 28.6524 3
    endloop
  endfacet
  facet normal 0.422926 -0.570142 0.704324
    outer loop
      vertex 55.8555 27.4135 1.5
      vertex 55.0268 28.6518 3
      vertex 55.7215 27.3141 1.5
    endloop
  endfacet
  facet normal -0.709003 0.0348969 0.704341
    outer loop
      vertex 58.4918 25.8334 1.5
      vertex 59.9748 25.6884 3
      vertex 58.5 26 1.5
    endloop
  endfacet
  facet normal -0.706545 0.0642314 0.704747
    outer loop
      vertex 59.9748 25.6884 3
      vertex 58.4918 25.8334 1.5
      vertex 59.9747 25.6873 3
    endloop
  endfacet
  facet normal -0.702183 0.104213 0.704329
    outer loop
      vertex 59.9289 25.3787 3
      vertex 59.9747 25.6873 3
      vertex 58.4918 25.8334 1.5
    endloop
  endfacet
  facet normal -0.658744 0.263498 0.704716
    outer loop
      vertex 58.3706 25.3494 1.5
      vertex 59.7468 24.7782 3
      vertex 59.7472 24.7792 3
    endloop
  endfacet
  facet normal -0.641753 0.303428 0.704333
    outer loop
      vertex 59.7468 24.7782 3
      vertex 58.3706 25.3494 1.5
      vertex 58.2993 25.1986 1.5
    endloop
  endfacet
  facet normal -0.641704 0.303558 0.704321
    outer loop
      vertex 59.6134 24.4962 3
      vertex 59.7468 24.7782 3
      vertex 58.2993 25.1986 1.5
    endloop
  endfacet
  facet normal -0.590311 -0.393541 0.70474
    outer loop
      vertex 58.2135 26.9445 1.5
      vertex 59.453 27.7714 3
      vertex 59.4524 27.7723 3
    endloop
  endfacet
  facet normal -0.608826 -0.36504 0.704327
    outer loop
      vertex 59.453 27.7714 3
      vertex 58.2135 26.9445 1.5
      vertex 58.2993 26.8014 1.5
    endloop
  endfacet
  facet normal -0.525927 -0.47677 0.704337
    outer loop
      vertex 59.266 28.0238 3
      vertex 59.0565 28.2549 3
      vertex 58.1141 27.0785 1.5
    endloop
  endfacet
  facet normal -0.104213 -0.702183 0.704329
    outer loop
      vertex 57.4213 29.1289 3
      vertex 57.1127 29.1747 3
      vertex 56.9666 27.6918 1.5
    endloop
  endfacet
  facet normal -0.393541 -0.590311 0.70474
    outer loop
      vertex 57.7445 27.4135 1.5
      vertex 58.5732 28.6518 3
      vertex 58.5723 28.6524 3
    endloop
  endfacet
  facet normal -0.422926 -0.570142 0.704324
    outer loop
      vertex 58.5732 28.6518 3
      vertex 57.7445 27.4135 1.5
      vertex 57.8785 27.3141 1.5
    endloop
  endfacet
  facet normal -0.47677 -0.525927 0.704337
    outer loop
      vertex 59.0549 28.2565 3
      vertex 58.8238 28.466 3
      vertex 57.8785 27.3141 1.5
    endloop
  endfacet
  facet normal -0.422782 -0.570232 0.704337
    outer loop
      vertex 58.8238 28.466 3
      vertex 58.5732 28.6518 3
      vertex 57.8785 27.3141 1.5
    endloop
  endfacet
  facet normal -0.658744 -0.263498 0.704716
    outer loop
      vertex 59.7468 27.2218 3
      vertex 58.3706 26.6506 1.5
      vertex 59.7472 27.2208 3
    endloop
  endfacet
  facet normal -0.641753 -0.303428 0.704333
    outer loop
      vertex 58.3706 26.6506 1.5
      vertex 59.7468 27.2218 3
      vertex 58.2993 26.8014 1.5
    endloop
  endfacet
  facet normal -0.681045 -0.204313 0.70316
    outer loop
      vertex 59.9285 26.6234 3
      vertex 58.4673 26.3317 1.5
      vertex 59.9288 26.6224 3
    endloop
  endfacet
  facet normal -0.688625 -0.172369 0.704333
    outer loop
      vertex 58.4673 26.3317 1.5
      vertex 59.9285 26.6234 3
      vertex 58.4268 26.4935 1.5
    endloop
  endfacet
  facet normal -0.422926 0.570142 0.704324
    outer loop
      vertex 57.7445 24.5865 1.5
      vertex 58.5732 23.3482 3
      vertex 57.8785 24.6859 1.5
    endloop
  endfacet
  facet normal -0.393541 0.590311 0.70474
    outer loop
      vertex 58.5732 23.3482 3
      vertex 57.7445 24.5865 1.5
      vertex 58.5723 23.3476 3
    endloop
  endfacet
  facet normal 0.303428 0.641753 0.704333
    outer loop
      vertex 55.5782 23.0532 3
      vertex 56.1494 24.4294 1.5
      vertex 55.9986 24.5007 1.5
    endloop
  endfacet
  facet normal 0.263498 0.658744 0.704716
    outer loop
      vertex 56.1494 24.4294 1.5
      vertex 55.5782 23.0532 3
      vertex 55.5792 23.0528 3
    endloop
  endfacet
  facet normal 0.364964 0.60888 0.70432
    outer loop
      vertex 55.2962 23.1866 3
      vertex 55.9986 24.5007 1.5
      vertex 55.0286 23.347 3
    endloop
  endfacet
  facet normal 0.303558 0.641704 0.704321
    outer loop
      vertex 55.5782 23.0532 3
      vertex 55.9986 24.5007 1.5
      vertex 55.2962 23.1866 3
    endloop
  endfacet
  facet normal 0.47677 0.525927 0.704337
    outer loop
      vertex 54.7762 23.534 3
      vertex 55.7215 24.6859 1.5
      vertex 54.5451 23.7435 3
    endloop
  endfacet
  facet normal 0.476667 0.526036 0.704325
    outer loop
      vertex 55.5979 24.7979 1.5
      vertex 54.5451 23.7435 3
      vertex 55.7215 24.6859 1.5
    endloop
  endfacet
  facet normal 0.501667 0.501667 0.704742
    outer loop
      vertex 54.5451 23.7435 3
      vertex 55.5979 24.7979 1.5
      vertex 54.5443 23.7443 3
    endloop
  endfacet
  facet normal 0.104213 0.702183 0.704329
    outer loop
      vertex 56.4873 22.8253 3
      vertex 56.6334 24.3082 1.5
      vertex 56.1787 22.8711 3
    endloop
  endfacet
  facet normal 0.104201 0.702186 0.704328
    outer loop
      vertex 56.4683 24.3327 1.5
      vertex 56.1787 22.8711 3
      vertex 56.6334 24.3082 1.5
    endloop
  endfacet
  facet normal 0.0707557 0.707557 0.703105
    outer loop
      vertex 56.1787 22.8711 3
      vertex 56.4683 24.3327 1.5
      vertex 56.1777 22.8712 3
    endloop
  endfacet
  facet normal 0.708484 -0.0644076 0.702782
    outer loop
      vertex 53.6711 26.6213 3
      vertex 55.1327 26.3317 1.5
      vertex 53.6712 26.6224 3
    endloop
  endfacet
  facet normal 0.702186 -0.104201 0.704328
    outer loop
      vertex 55.1327 26.3317 1.5
      vertex 53.6711 26.6213 3
      vertex 55.1082 26.1666 1.5
    endloop
  endfacet
  facet normal 0.688604 -0.172492 0.704323
    outer loop
      vertex 55.1732 26.4935 1.5
      vertex 53.7473 26.926 3
      vertex 53.6715 26.6234 3
    endloop
  endfacet
  facet normal 0.641753 -0.303428 0.704333
    outer loop
      vertex 53.8532 27.2218 3
      vertex 55.2294 26.6506 1.5
      vertex 55.3007 26.8014 1.5
    endloop
  endfacet
  facet normal 0.658744 -0.263498 0.704716
    outer loop
      vertex 55.2294 26.6506 1.5
      vertex 53.8532 27.2218 3
      vertex 53.8528 27.2208 3
    endloop
  endfacet
  facet normal 0.570232 -0.422782 0.704337
    outer loop
      vertex 55.4859 27.0785 1.5
      vertex 54.334 28.0238 3
      vertex 54.1482 27.7732 3
    endloop
  endfacet
  facet normal 0.525927 -0.47677 0.704337
    outer loop
      vertex 55.4859 27.0785 1.5
      vertex 54.5435 28.2549 3
      vertex 54.334 28.0238 3
    endloop
  endfacet
  facet normal 0.186893 -0.685276 0.703895
    outer loop
      vertex 56.1766 29.1285 3
      vertex 56.4683 27.6673 1.5
      vertex 56.1777 29.1288 3
    endloop
  endfacet
  facet normal 0.172369 -0.688625 0.704333
    outer loop
      vertex 56.4683 27.6673 1.5
      vertex 56.1766 29.1285 3
      vertex 56.3065 27.6268 1.5
    endloop
  endfacet
  facet normal 0.172492 -0.688604 0.704323
    outer loop
      vertex 56.3065 27.6268 1.5
      vertex 56.1766 29.1285 3
      vertex 55.874 29.0527 3
    endloop
  endfacet
  facet normal 0.263498 -0.658744 0.704716
    outer loop
      vertex 55.5782 28.9468 3
      vertex 56.1494 27.5706 1.5
      vertex 55.5792 28.9472 3
    endloop
  endfacet
  facet normal 0.303428 -0.641753 0.704333
    outer loop
      vertex 56.1494 27.5706 1.5
      vertex 55.5782 28.9468 3
      vertex 55.9986 27.4993 1.5
    endloop
  endfacet
  facet normal 0.476667 -0.526036 0.704325
    outer loop
      vertex 54.5451 28.2565 3
      vertex 55.5979 27.2021 1.5
      vertex 55.7215 27.3141 1.5
    endloop
  endfacet
  facet normal 0.501667 -0.501667 0.704742
    outer loop
      vertex 55.5979 27.2021 1.5
      vertex 54.5451 28.2565 3
      vertex 54.5443 28.2557 3
    endloop
  endfacet
  facet normal 0.364964 -0.60888 0.70432
    outer loop
      vertex 55.9986 27.4993 1.5
      vertex 55.2962 28.8134 3
      vertex 55.0286 28.653 3
    endloop
  endfacet
  facet normal -0.526036 0.476667 0.704325
    outer loop
      vertex 58.0021 24.7979 1.5
      vertex 59.0565 23.7451 3
      vertex 58.1141 24.9215 1.5
    endloop
  endfacet
  facet normal -0.501667 0.501667 0.704742
    outer loop
      vertex 59.0565 23.7451 3
      vertex 58.0021 24.7979 1.5
      vertex 59.0557 23.7443 3
    endloop
  endfacet
  facet normal -0.501667 0.501667 0.704742
    outer loop
      vertex 58.0021 24.7979 1.5
      vertex 59.0549 23.7435 3
      vertex 59.0557 23.7443 3
    endloop
  endfacet
  facet normal -0.476667 0.526036 0.704325
    outer loop
      vertex 59.0549 23.7435 3
      vertex 58.0021 24.7979 1.5
      vertex 57.8785 24.6859 1.5
    endloop
  endfacet
  facet normal -0.570232 -0.422782 0.704337
    outer loop
      vertex 59.4518 27.7732 3
      vertex 59.266 28.0238 3
      vertex 58.1141 27.0785 1.5
    endloop
  endfacet
  facet normal -0.590311 -0.393541 0.70474
    outer loop
      vertex 59.4518 27.7732 3
      vertex 58.2135 26.9445 1.5
      vertex 59.4524 27.7723 3
    endloop
  endfacet
  facet normal -0.570142 -0.422926 0.704324
    outer loop
      vertex 58.2135 26.9445 1.5
      vertex 59.4518 27.7732 3
      vertex 58.1141 27.0785 1.5
    endloop
  endfacet
  facet normal -0.0348136 -0.709014 0.704335
    outer loop
      vertex 56.8 27.7 1.5
      vertex 57.1116 29.1748 3
      vertex 56.8 29.1901 3
    endloop
  endfacet
  facet normal -0.0348969 -0.709003 0.704341
    outer loop
      vertex 56.9666 27.6918 1.5
      vertex 57.1116 29.1748 3
      vertex 56.8 27.7 1.5
    endloop
  endfacet
  facet normal -0.0642314 -0.706545 0.704747
    outer loop
      vertex 57.1116 29.1748 3
      vertex 56.9666 27.6918 1.5
      vertex 57.1127 29.1747 3
    endloop
  endfacet
  facet normal -0.204313 -0.681045 0.70316
    outer loop
      vertex 57.1317 27.6673 1.5
      vertex 57.4234 29.1285 3
      vertex 57.4224 29.1288 3
    endloop
  endfacet
  facet normal -0.172369 -0.688625 0.704333
    outer loop
      vertex 57.4234 29.1285 3
      vertex 57.1317 27.6673 1.5
      vertex 57.2935 27.6268 1.5
    endloop
  endfacet
  facet normal -0.393541 -0.590311 0.70474
    outer loop
      vertex 58.5714 28.653 3
      vertex 57.7445 27.4135 1.5
      vertex 58.5723 28.6524 3
    endloop
  endfacet
  facet normal -0.36504 -0.608826 0.704327
    outer loop
      vertex 57.7445 27.4135 1.5
      vertex 58.5714 28.653 3
      vertex 57.6014 27.4993 1.5
    endloop
  endfacet
  facet normal -0.60888 -0.364964 0.70432
    outer loop
      vertex 59.6134 27.5038 3
      vertex 59.453 27.7714 3
      vertex 58.2993 26.8014 1.5
    endloop
  endfacet
  facet normal -0.641704 -0.303558 0.704321
    outer loop
      vertex 59.7468 27.2218 3
      vertex 59.6134 27.5038 3
      vertex 58.2993 26.8014 1.5
    endloop
  endfacet
  facet normal -0.708484 -0.0644076 0.702782
    outer loop
      vertex 58.4673 26.3317 1.5
      vertex 59.9289 26.6213 3
      vertex 59.9288 26.6224 3
    endloop
  endfacet
  facet normal -0.702186 -0.104201 0.704328
    outer loop
      vertex 59.9289 26.6213 3
      vertex 58.4673 26.3317 1.5
      vertex 58.4918 26.1666 1.5
    endloop
  endfacet
  facet normal 0.239109 0.6684 0.704321
    outer loop
      vertex 55.8729 22.9477 3
      vertex 56.3065 24.3732 1.5
      vertex 56.1494 24.4294 1.5
    endloop
  endfacet
  facet normal 0.242629 0.66723 0.704227
    outer loop
      vertex 56.3065 24.3732 1.5
      vertex 55.8729 22.9477 3
      vertex 55.874 22.9473 3
    endloop
  endfacet
  facet normal 0.36504 0.608826 0.704327
    outer loop
      vertex 55.8555 24.5865 1.5
      vertex 55.0286 23.347 3
      vertex 55.9986 24.5007 1.5
    endloop
  endfacet
  facet normal 0.393541 0.590311 0.70474
    outer loop
      vertex 55.0286 23.347 3
      vertex 55.8555 24.5865 1.5
      vertex 55.0277 23.3476 3
    endloop
  endfacet
  facet normal 0.422926 0.570142 0.704324
    outer loop
      vertex 55.0268 23.3482 3
      vertex 55.8555 24.5865 1.5
      vertex 55.7215 24.6859 1.5
    endloop
  endfacet
  facet normal 0.393541 0.590311 0.70474
    outer loop
      vertex 55.8555 24.5865 1.5
      vertex 55.0268 23.3482 3
      vertex 55.0277 23.3476 3
    endloop
  endfacet
  facet normal 0.688625 -0.172369 0.704333
    outer loop
      vertex 53.6715 26.6234 3
      vertex 55.1327 26.3317 1.5
      vertex 55.1732 26.4935 1.5
    endloop
  endfacet
  facet normal 0.681045 -0.204313 0.70316
    outer loop
      vertex 55.1327 26.3317 1.5
      vertex 53.6715 26.6234 3
      vertex 53.6712 26.6224 3
    endloop
  endfacet
  facet normal 0.60888 -0.364964 0.70432
    outer loop
      vertex 55.3007 26.8014 1.5
      vertex 54.147 27.7714 3
      vertex 53.9866 27.5038 3
    endloop
  endfacet
  facet normal 0.641704 -0.303558 0.704321
    outer loop
      vertex 55.3007 26.8014 1.5
      vertex 53.9866 27.5038 3
      vertex 53.8532 27.2218 3
    endloop
  endfacet
  facet normal 0.6684 -0.239109 0.704321
    outer loop
      vertex 53.7477 26.9271 3
      vertex 55.1732 26.4935 1.5
      vertex 55.2294 26.6506 1.5
    endloop
  endfacet
  facet normal 0.66723 -0.242629 0.704227
    outer loop
      vertex 55.1732 26.4935 1.5
      vertex 53.7477 26.9271 3
      vertex 53.7473 26.926 3
    endloop
  endfacet
  facet normal 0.668381 -0.239179 0.704315
    outer loop
      vertex 55.2294 26.6506 1.5
      vertex 53.8528 27.2208 3
      vertex 53.7477 26.9271 3
    endloop
  endfacet
  facet normal 0.570142 -0.422926 0.704324
    outer loop
      vertex 54.1482 27.7732 3
      vertex 55.3865 26.9445 1.5
      vertex 55.4859 27.0785 1.5
    endloop
  endfacet
  facet normal 0.590311 -0.393541 0.70474
    outer loop
      vertex 55.3865 26.9445 1.5
      vertex 54.1482 27.7732 3
      vertex 54.1476 27.7723 3
    endloop
  endfacet
  facet normal 0.242629 -0.66723 0.704227
    outer loop
      vertex 55.8729 29.0523 3
      vertex 56.3065 27.6268 1.5
      vertex 55.874 29.0527 3
    endloop
  endfacet
  facet normal 0.239109 -0.6684 0.704321
    outer loop
      vertex 56.3065 27.6268 1.5
      vertex 55.8729 29.0523 3
      vertex 56.1494 27.5706 1.5
    endloop
  endfacet
  facet normal 0.36504 -0.608826 0.704327
    outer loop
      vertex 55.0286 28.653 3
      vertex 55.8555 27.4135 1.5
      vertex 55.9986 27.4993 1.5
    endloop
  endfacet
  facet normal 0.393541 -0.590311 0.70474
    outer loop
      vertex 55.8555 27.4135 1.5
      vertex 55.0286 28.653 3
      vertex 55.0277 28.6524 3
    endloop
  endfacet
  facet normal -0.501667 -0.501667 0.704742
    outer loop
      vertex 59.0549 28.2565 3
      vertex 58.0021 27.2021 1.5
      vertex 59.0557 28.2557 3
    endloop
  endfacet
  facet normal -0.476667 -0.526036 0.704325
    outer loop
      vertex 58.0021 27.2021 1.5
      vertex 59.0549 28.2565 3
      vertex 57.8785 27.3141 1.5
    endloop
  endfacet
  facet normal -0.501667 -0.501667 0.704742
    outer loop
      vertex 58.0021 27.2021 1.5
      vertex 59.0565 28.2549 3
      vertex 59.0557 28.2557 3
    endloop
  endfacet
  facet normal -0.526036 -0.476667 0.704325
    outer loop
      vertex 59.0565 28.2549 3
      vertex 58.0021 27.2021 1.5
      vertex 58.1141 27.0785 1.5
    endloop
  endfacet
  facet normal 0.104201 -0.702186 0.704328
    outer loop
      vertex 56.1787 29.1289 3
      vertex 56.4683 27.6673 1.5
      vertex 56.6334 27.6918 1.5
    endloop
  endfacet
  facet normal 0.0707557 -0.707557 0.703105
    outer loop
      vertex 56.4683 27.6673 1.5
      vertex 56.1787 29.1289 3
      vertex 56.1777 29.1288 3
    endloop
  endfacet
  facet normal 0.104213 -0.702183 0.704329
    outer loop
      vertex 56.6334 27.6918 1.5
      vertex 56.4873 29.1747 3
      vertex 56.1787 29.1289 3
    endloop
  endfacet
  facet normal -0.172492 -0.688604 0.704323
    outer loop
      vertex 57.726 29.0527 3
      vertex 57.4234 29.1285 3
      vertex 57.2935 27.6268 1.5
    endloop
  endfacet
  facet normal -0.242629 -0.66723 0.704227
    outer loop
      vertex 57.2935 27.6268 1.5
      vertex 57.7271 29.0523 3
      vertex 57.726 29.0527 3
    endloop
  endfacet
  facet normal -0.239109 -0.6684 0.704321
    outer loop
      vertex 57.7271 29.0523 3
      vertex 57.2935 27.6268 1.5
      vertex 57.4506 27.5706 1.5
    endloop
  endfacet
endsolid OpenSCAD_Model
